{"type":"FeatureCollection","features":[{"type":"Feature","geometry":{"type":"MultiPoint","coordinates":[]},"properties":{"fa_agreement_esri_esa_glo_hansen10_gte_1":300029.2771089035,"fa_agreement_esri_esa_glo_hansen10_gte_2":41796.74988313267,"fa_agreement_esri_esa_glo_hansen10_gte_3":11277.031971619122,"fa_agreement_esri_esa_glo_hansen10_gte_4":2613.7321827417995,"fa_agreement_esri_esa_gte_1":80970.1311910657,"fa_agreement_esri_esa_gte_2":11106.6745031014,"fa_agreement_hansen10_gte_1":882094.8234790837,"fa_agreement_hansen10_gte_2":201502.97877593274,"fa_agreement_hansen10_gte_3":49309.52244580298,"fa_agreement_hansen10_gte_4":20144.670940900687,"fa_agreement_hansen10_gte_5":8482.53102722501,"fa_agreement_hansen10_gte_6":2771.8034539749005,"fa_agreement_hansen10_gte_7":592.3582245018343,"fa_agreement_hansen10_gte_8":66.14744999018652,"fa_agreement_hansen30_gte_9":1.1664208129882812,"fa_agreement_hansen20_gte_1":811555.0197557507,"fa_agreement_hansen20_gte_2":182846.88772400605,"fa_agreement_hansen20_gte_3":42770.755069557636,"fa_agreement_hansen20_gte_4":16602.697301737076,"fa_agreement_hansen20_gte_5":6956.230322724643,"fa_agreement_hansen20_gte_6":2313.1103445453123,"fa_agreement_hansen20_gte_7":511.5768276375809,"fa_agreement_hansen20_gte_8":59.00220939402862,"fa_agreement_hansen30_gte_1":796429.6634433151,"fa_agreement_hansen30_gte_2":179098.96915154008,"fa_agreement_hansen30_gte_3":39943.18339939874,"fa_agreement_hansen30_gte_4":14054.486193904688,"fa_agreement_hansen30_gte_5":5387.395104246096,"fa_agreement_hansen30_gte_6":1691.238542581951,"fa_agreement_hansen30_gte_7":343.31152169658594,"fa_agreement_hansen30_gte_8":42.44436549811869,"fa_copernicus":79.95422474264706,"fa_esa_2009":591053.3831513163,"fa_esa_2020":19870.9780240794,"fa_esri":72188.18374418374,"fa_globeland":136308.2081017072,"fa_hansen10":127908.19984566302,"fa_hansen20":24386.76672809723,"fa_hansen30":6104.990382861909,"fa_jaxa":6614.6996731706995,"fa_tandemx":161075.72675879436,"fa_jrc_2020":67038.90336468519,"fra_1a_forestArea":34.52000045776367,"fra_1a_landArea":3036.0,"fra_3b_protected":5.0,"iso3":"LSO","total_area_ha":3061193.5364629785,"year":2020,"fa_copernicus_protected":0.0,"fa_esa_2009_protected":116182.99757341546,"fa_esa_2020_protected":170.00310754293977,"fa_esri_protected":10306.371893674634,"fa_globeland_protected":53377.00291971257,"fa_hansen10_protected":23924.172370713117,"fa_hansen20_protected":4663.6949656226525,"fa_hansen30_protected":400.6589622904223,"fa_jaxa_protected":36.770783569335926,"fa_tandemx_protected":9082.603702788501,"fa_jrc_2020_protected":1028.298565460137,"ba_MODIS_2001":90914.50093398817,"ba_MODIS_2002":44682.88810401918,"ba_MODIS_2003":132246.91617201507,"ba_MODIS_2004":36774.40405719974,"ba_MODIS_2005":60226.460769791636,"ba_MODIS_2006":45044.37395381114,"ba_MODIS_2007":123741.13913105284,"ba_MODIS_2008":22080.181826335796,"ba_MODIS_2009":56132.97990185007,"ba_MODIS_2010":45643.42935478537,"ba_MODIS_2011":101729.83351666652,"ba_MODIS_2012":55982.544733357645,"ba_MODIS_2013":42814.7808620708,"ba_MODIS_2014":34992.00238269002,"ba_MODIS_2015":44593.5635452084,"ba_MODIS_2016":69325.80015886006,"ba_MODIS_2017":20108.771566341984,"ba_MODIS_2018":7301.592595263481,"ba_MODIS_2019":27622.280584852986,"ba_MODIS_2020":7726.911589950966,"ba_MODIS_2021":42193.40662941169,"ba_MODIS_2022":0.0,"ba_MODIS_2001_Hansen10":7876.677192272901,"ba_MODIS_2002_Hansen10":4233.560235112518,"ba_MODIS_2003_Hansen10":7666.795253420751,"ba_MODIS_2004_Hansen10":3822.5797516568337,"ba_MODIS_2005_Hansen10":5858.34833236373,"ba_MODIS_2006_Hansen10":2681.8940229222067,"ba_MODIS_2007_Hansen10":8378.386573108288,"ba_MODIS_2008_Hansen10":2370.0007614433853,"ba_MODIS_2009_Hansen10":5424.885319888347,"ba_MODIS_2010_Hansen10":2999.0983532027244,"ba_MODIS_2011_Hansen10":4289.150361377897,"ba_MODIS_2012_Hansen10":3007.291666722946,"ba_MODIS_2013_Hansen10":3969.30555737287,"ba_MODIS_2014_Hansen10":4703.790605971,"ba_MODIS_2015_Hansen10":1887.0256065560702,"ba_MODIS_2016_Hansen10":1979.8836575558785,"ba_MODIS_2017_Hansen10":2626.9382322680094,"ba_MODIS_2018_Hansen10":996.8656465276317,"ba_MODIS_2019_Hansen10":3405.8835460086925,"ba_MODIS_2020_Hansen10":1064.5525026566886,"ba_MODIS_2021_Hansen10":2812.8713192229866,"ba_MODIS_2022_Hansen10":0.0}},{"type":"Feature","geometry":{"type":"MultiPoint","coordinates":[]},"properties":{"fa_agreement_esri_esa_glo_hansen10_gte_1":234283.27117158362,"fa_agreement_esri_esa_glo_hansen10_gte_2":70610.36350409263,"fa_agreement_esri_esa_glo_hansen10_gte_3":20808.87115336856,"fa_agreement_esri_esa_glo_hansen10_gte_4":5137.605882623408,"fa_agreement_esri_esa_gte_1":162926.57927889787,"fa_agreement_esri_esa_gte_2":13609.085600981889,"fa_agreement_hansen10_gte_1":869227.4174118413,"fa_agreement_hansen10_gte_2":126979.54923345934,"fa_agreement_hansen10_gte_3":66241.08172307728,"fa_agreement_hansen10_gte_4":37426.71289026623,"fa_agreement_hansen10_gte_5":19759.407402732646,"fa_agreement_hansen10_gte_6":8146.4468862286185,"fa_agreement_hansen10_gte_7":2039.7063493476426,"fa_agreement_hansen10_gte_8":173.90125533763157,"fa_agreement_hansen30_gte_9":0.0,"fa_agreement_hansen20_gte_1":869064.6261133549,"fa_agreement_hansen20_gte_2":126106.42578036893,"fa_agreement_hansen20_gte_3":64654.66307008855,"fa_agreement_hansen20_gte_4":34955.772820982755,"fa_agreement_hansen20_gte_5":16995.34825823381,"fa_agreement_hansen20_gte_6":6623.449252465708,"fa_agreement_hansen20_gte_7":1713.4632904807886,"fa_agreement_hansen20_gte_8":162.20362909014474,"fa_agreement_hansen30_gte_1":874991.653847254,"fa_agreement_hansen30_gte_2":125801.11013525419,"fa_agreement_hansen30_gte_3":64054.479481885974,"fa_agreement_hansen30_gte_4":33434.550664567294,"fa_agreement_hansen30_gte_5":14551.513353182314,"fa_agreement_hansen30_gte_6":4987.265446663406,"fa_agreement_hansen30_gte_7":1336.4216299490963,"fa_agreement_hansen30_gte_8":139.37983042748505,"fa_copernicus":39608.28605859387,"fa_esa_2009":0.0,"fa_esa_2020":57103.629803411866,"fa_esri":119434.36464626394,"fa_globeland":130863.81064030377,"fa_hansen10":24734.412486833942,"fa_hansen20":14328.571543521693,"fa_hansen30":6999.262931595922,"fa_jaxa":304033.9596149409,"fa_tandemx":415984.3273455344,"fa_jrc_2020":59645.42806382381,"fra_1a_forestArea":217.0,"fra_1a_landArea":175954.0,"fra_3b_protected":null,"iso3":"LBY","total_area_ha":1.6192860077603266E8,"year":2020,"fa_copernicus_protected":0.0,"fa_esa_2009_protected":0.0,"fa_esa_2020_protected":0.3254386962890625,"fa_esri_protected":0.0,"fa_globeland_protected":0.0,"fa_hansen10_protected":0.0,"fa_hansen20_protected":0.0,"fa_hansen30_protected":0.0,"fa_jaxa_protected":7.323610970458982,"fa_tandemx_protected":2.3903165027573525,"fa_jrc_2020_protected":0.0,"ba_MODIS_2001":397.92695781249995,"ba_MODIS_2002":976.1101044056372,"ba_MODIS_2003":461.60892812500003,"ba_MODIS_2004":20.9817265625,"ba_MODIS_2005":0.0,"ba_MODIS_2006":335.0506093750001,"ba_MODIS_2007":0.0,"ba_MODIS_2008":0.0,"ba_MODIS_2009":0.0,"ba_MODIS_2010":0.0,"ba_MODIS_2011":9439.43773906249,"ba_MODIS_2012":109.05582656250002,"ba_MODIS_2013":5423.135821874997,"ba_MODIS_2014":83.94967500000001,"ba_MODIS_2015":21.4831234375,"ba_MODIS_2016":1347.2343125000002,"ba_MODIS_2017":20.974475,"ba_MODIS_2018":0.0,"ba_MODIS_2019":6058.403301562498,"ba_MODIS_2020":1975.34034375,"ba_MODIS_2021":0.0,"ba_MODIS_2022":0.0,"ba_MODIS_2001_Hansen10":27.437310095214805,"ba_MODIS_2002_Hansen10":71.8482783264162,"ba_MODIS_2003_Hansen10":11.17350242309571,"ba_MODIS_2004_Hansen10":6.193920251464846,"ba_MODIS_2005_Hansen10":0.0,"ba_MODIS_2006_Hansen10":20.581571246337916,"ba_MODIS_2007_Hansen10":0.0,"ba_MODIS_2008_Hansen10":0.0,"ba_MODIS_2009_Hansen10":0.0,"ba_MODIS_2010_Hansen10":0.0,"ba_MODIS_2011_Hansen10":0.0,"ba_MODIS_2012_Hansen10":0.0,"ba_MODIS_2013_Hansen10":579.3520314575185,"ba_MODIS_2014_Hansen10":0.0,"ba_MODIS_2015_Hansen10":0.0,"ba_MODIS_2016_Hansen10":15.329251086425815,"ba_MODIS_2017_Hansen10":3.09587630004883,"ba_MODIS_2018_Hansen10":0.0,"ba_MODIS_2019_Hansen10":0.45299721069335935,"ba_MODIS_2020_Hansen10":52.566744628905894,"ba_MODIS_2021_Hansen10":0.0,"ba_MODIS_2022_Hansen10":0.0}},{"type":"Feature","geometry":{"type":"MultiPoint","coordinates":[]},"properties":{"fa_agreement_esri_esa_glo_hansen10_gte_1":1.112431461172932E7,"fa_agreement_esri_esa_glo_hansen10_gte_2":2762740.5750515396,"fa_agreement_esri_esa_glo_hansen10_gte_3":444254.4591658548,"fa_agreement_esri_esa_glo_hansen10_gte_4":67407.48745560713,"fa_agreement_esri_esa_gte_1":9629159.764646355,"fa_agreement_esri_esa_gte_2":570455.4939282268,"fa_agreement_hansen10_gte_1":1.6773443100556986E7,"fa_agreement_hansen10_gte_2":9280843.23814104,"fa_agreement_hansen10_gte_3":5867331.466457357,"fa_agreement_hansen10_gte_4":3243878.982938456,"fa_agreement_hansen10_gte_5":1429060.4729244919,"fa_agreement_hansen10_gte_6":481281.81873663503,"fa_agreement_hansen10_gte_7":148610.11916604807,"fa_agreement_hansen10_gte_8":37024.106719419404,"fa_agreement_hansen30_gte_9":2885.098081502302,"fa_agreement_hansen20_gte_1":1.6364766939924192E7,"fa_agreement_hansen20_gte_2":8788331.795827644,"fa_agreement_hansen20_gte_3":5212845.139237818,"fa_agreement_hansen20_gte_4":2433730.5612629037,"fa_agreement_hansen20_gte_5":744814.7731539389,"fa_agreement_hansen20_gte_6":307607.8468542906,"fa_agreement_hansen20_gte_7":115583.15628156904,"fa_agreement_hansen20_gte_8":32983.38168432574,"fa_agreement_hansen30_gte_1":1.5687337121713473E7,"fa_agreement_hansen30_gte_2":8779093.969959164,"fa_agreement_hansen30_gte_3":5184824.044067312,"fa_agreement_hansen30_gte_4":2355198.701795585,"fa_agreement_hansen30_gte_5":601823.7028087401,"fa_agreement_hansen30_gte_6":189438.4666102548,"fa_agreement_hansen30_gte_7":60341.35704871446,"fa_agreement_hansen30_gte_8":16119.756874451545,"fa_copernicus":425274.1929874409,"fa_esa_2009":228038.2397923258,"fa_esa_2020":915703.256170262,"fa_esri":9283980.155753752,"fa_globeland":308592.56409111177,"fa_hansen10":3912662.7537111333,"fa_hansen20":532310.0002189155,"fa_hansen30":72705.4097089912,"fa_jaxa":6665496.986124599,"fa_tandemx":7919892.502697687,"fa_jrc_2020":8838075.21674271,"fra_1a_forestArea":18359.55078125,"fra_1a_landArea":186665.0,"fra_3b_protected":4709.0,"iso3":"SDN","total_area_ha":1.8681246926259094E8,"year":2020,"fa_copernicus_protected":6725.801380969332,"fa_esa_2009_protected":2700.6864303838133,"fa_esa_2020_protected":42756.40388926825,"fa_esri_protected":464667.9839809982,"fa_globeland_protected":10524.751533892211,"fa_hansen10_protected":179367.73888277964,"fa_hansen20_protected":6226.974372160816,"fa_hansen30_protected":638.5183745026015,"fa_jaxa_protected":314855.784273273,"fa_tandemx_protected":259861.7598327468,"fa_jrc_2020_protected":257045.7638220937,"ba_MODIS_2001":7201762.028374464,"ba_MODIS_2002":7692585.283590583,"ba_MODIS_2003":8600070.380307265,"ba_MODIS_2004":8851170.24670175,"ba_MODIS_2005":9174697.40643015,"ba_MODIS_2006":7644895.525075987,"ba_MODIS_2007":9786151.853593027,"ba_MODIS_2008":7656676.388827042,"ba_MODIS_2009":7827539.348968412,"ba_MODIS_2010":5984419.79474385,"ba_MODIS_2011":5200477.359451976,"ba_MODIS_2012":7529131.074284861,"ba_MODIS_2013":6896329.185435694,"ba_MODIS_2014":5768302.814765667,"ba_MODIS_2015":5510622.474137923,"ba_MODIS_2016":6248794.654363695,"ba_MODIS_2017":5780586.034235188,"ba_MODIS_2018":5536059.809829571,"ba_MODIS_2019":5054753.1367159635,"ba_MODIS_2020":7000778.151620656,"ba_MODIS_2021":6125563.862768633,"ba_MODIS_2022":2113834.691141438,"ba_MODIS_2001_Hansen10":1460131.2004204206,"ba_MODIS_2002_Hansen10":1591817.9818432662,"ba_MODIS_2003_Hansen10":1619225.317466071,"ba_MODIS_2004_Hansen10":1735528.5025409595,"ba_MODIS_2005_Hansen10":1809907.9750970593,"ba_MODIS_2006_Hansen10":1581621.3690350095,"ba_MODIS_2007_Hansen10":1663919.429901949,"ba_MODIS_2008_Hansen10":1549100.277556583,"ba_MODIS_2009_Hansen10":1395763.4728844508,"ba_MODIS_2010_Hansen10":1188042.4640066838,"ba_MODIS_2011_Hansen10":1403069.3374518773,"ba_MODIS_2012_Hansen10":1442803.6330305291,"ba_MODIS_2013_Hansen10":1290051.845873973,"ba_MODIS_2014_Hansen10":1176909.2606330034,"ba_MODIS_2015_Hansen10":1077683.9868265346,"ba_MODIS_2016_Hansen10":1506336.5888321337,"ba_MODIS_2017_Hansen10":1247398.937896025,"ba_MODIS_2018_Hansen10":1163508.4721764198,"ba_MODIS_2019_Hansen10":1045320.0352515707,"ba_MODIS_2020_Hansen10":1252376.9526217002,"ba_MODIS_2021_Hansen10":1298487.5541732623,"ba_MODIS_2022_Hansen10":460706.96589577076}},{"type":"Feature","geometry":{"type":"MultiPoint","coordinates":[]},"properties":{"fa_agreement_esri_esa_glo_hansen10_gte_1":677194.5589926288,"fa_agreement_esri_esa_glo_hansen10_gte_2":403668.37839468295,"fa_agreement_esri_esa_glo_hansen10_gte_3":172422.14072717732,"fa_agreement_esri_esa_glo_hansen10_gte_4":33440.70123433101,"fa_agreement_esri_esa_gte_1":310236.09140505845,"fa_agreement_esri_esa_gte_2":54844.157368100714,"fa_agreement_hansen10_gte_1":771483.8635270295,"fa_agreement_hansen10_gte_2":525444.8308858899,"fa_agreement_hansen10_gte_3":383998.68873058935,"fa_agreement_hansen10_gte_4":260394.62390832376,"fa_agreement_hansen10_gte_5":161002.77554338885,"fa_agreement_hansen10_gte_6":78330.96968667376,"fa_agreement_hansen10_gte_7":23746.886833125667,"fa_agreement_hansen10_gte_8":4850.238286557525,"fa_agreement_hansen30_gte_9":18.963082545142086,"fa_agreement_hansen20_gte_1":724302.7173639637,"fa_agreement_hansen20_gte_2":457077.4798649263,"fa_agreement_hansen20_gte_3":318988.55227637524,"fa_agreement_hansen20_gte_4":193535.22024028093,"fa_agreement_hansen20_gte_5":101573.53646211862,"fa_agreement_hansen20_gte_6":38419.50368837924,"fa_agreement_hansen20_gte_7":12406.910372817809,"fa_agreement_hansen20_gte_8":3659.606074894192,"fa_agreement_hansen30_gte_1":742137.9527392514,"fa_agreement_hansen30_gte_2":452019.971909536,"fa_agreement_hansen30_gte_3":309978.7150529727,"fa_agreement_hansen30_gte_4":179841.02200703553,"fa_agreement_hansen30_gte_5":85835.04843612484,"fa_agreement_hansen30_gte_6":25791.318020229533,"fa_agreement_hansen30_gte_7":5667.23708246588,"fa_agreement_hansen30_gte_8":799.8988399595489,"fa_copernicus":20619.28415574768,"fa_esa_2009":179690.10193193788,"fa_esa_2020":223401.88921009604,"fa_esri":141708.74175940716,"fa_globeland":475957.2470703013,"fa_hansen10":446211.52516122017,"fa_hansen20":73618.87659249178,"fa_hansen30":3941.921882513116,"fa_jaxa":154198.82403245143,"fa_tandemx":280176.0860793451,"fa_jrc_2020":350133.15819640376,"fra_1a_forestArea":242.6699981689453,"fra_1a_landArea":1012.0,"fra_3b_protected":22.239999771118164,"iso3":"GMB","total_area_ha":1066567.6336402243,"year":2020,"fa_copernicus_protected":350.3955877746573,"fa_esa_2009_protected":29716.48502762214,"fa_esa_2020_protected":23285.077748384494,"fa_esri_protected":10497.547557484686,"fa_globeland_protected":18136.72601309327,"fa_hansen10_protected":25471.284421456276,"fa_hansen20_protected":4302.083927069776,"fa_hansen30_protected":411.61629869518816,"fa_jaxa_protected":12675.453677681715,"fa_tandemx_protected":18673.97371102897,"fa_jrc_2020_protected":33091.390312561445,"ba_MODIS_2001":325340.3350327963,"ba_MODIS_2002":277123.92749860906,"ba_MODIS_2003":161453.1772904339,"ba_MODIS_2004":245965.2421055344,"ba_MODIS_2005":253084.6093687808,"ba_MODIS_2006":335024.17674586887,"ba_MODIS_2007":311250.9871835924,"ba_MODIS_2008":237410.44623081342,"ba_MODIS_2009":288903.3805908205,"ba_MODIS_2010":237986.19812150896,"ba_MODIS_2011":255951.1331024836,"ba_MODIS_2012":198174.99629130284,"ba_MODIS_2013":201930.09989784454,"ba_MODIS_2014":145630.84165580256,"ba_MODIS_2015":94065.25695791596,"ba_MODIS_2016":205813.07391758065,"ba_MODIS_2017":181443.87390558844,"ba_MODIS_2018":161986.28301686185,"ba_MODIS_2019":139954.06137552048,"ba_MODIS_2020":209041.91667726374,"ba_MODIS_2021":188372.36882183814,"ba_MODIS_2022":124337.23538087562,"ba_MODIS_2001_Hansen10":186812.43250219812,"ba_MODIS_2002_Hansen10":175336.19050247656,"ba_MODIS_2003_Hansen10":98184.71033616576,"ba_MODIS_2004_Hansen10":149994.52146338916,"ba_MODIS_2005_Hansen10":157780.45503432606,"ba_MODIS_2006_Hansen10":196713.8153669154,"ba_MODIS_2007_Hansen10":174481.6734260852,"ba_MODIS_2008_Hansen10":135130.567733415,"ba_MODIS_2009_Hansen10":155800.3541844373,"ba_MODIS_2010_Hansen10":140850.20608264356,"ba_MODIS_2011_Hansen10":139940.62797885376,"ba_MODIS_2012_Hansen10":121461.10116540466,"ba_MODIS_2013_Hansen10":115461.77800614074,"ba_MODIS_2014_Hansen10":88455.86721769247,"ba_MODIS_2015_Hansen10":65741.6967892985,"ba_MODIS_2016_Hansen10":117233.67786158825,"ba_MODIS_2017_Hansen10":115290.62062537087,"ba_MODIS_2018_Hansen10":105853.07699273381,"ba_MODIS_2019_Hansen10":86846.56486260625,"ba_MODIS_2020_Hansen10":130524.23090643607,"ba_MODIS_2021_Hansen10":117659.28429085304,"ba_MODIS_2022_Hansen10":76332.35917221206}},{"type":"Feature","geometry":{"type":"MultiPoint","coordinates":[]},"properties":{"fa_agreement_esri_esa_glo_hansen10_gte_1":9551038.37260057,"fa_agreement_esri_esa_glo_hansen10_gte_2":9430367.294792853,"fa_agreement_esri_esa_glo_hansen10_gte_3":9055520.345540054,"fa_agreement_esri_esa_glo_hansen10_gte_4":7261442.24267909,"fa_agreement_esri_esa_gte_1":9383305.709592788,"fa_agreement_esri_esa_gte_2":8892539.547007054,"fa_agreement_hansen10_gte_1":9392234.212824186,"fa_agreement_hansen10_gte_2":9366242.813027464,"fa_agreement_hansen10_gte_3":9316325.75055104,"fa_agreement_hansen10_gte_4":9235883.757349474,"fa_agreement_hansen10_gte_5":9086806.90397814,"fa_agreement_hansen10_gte_6":8774047.13876568,"fa_agreement_hansen10_gte_7":8160125.283299002,"fa_agreement_hansen10_gte_8":6959557.465404444,"fa_agreement_hansen30_gte_9":4411223.518184099,"fa_agreement_hansen20_gte_1":9383653.45706954,"fa_agreement_hansen20_gte_2":9349536.26412121,"fa_agreement_hansen20_gte_3":9301242.870787349,"fa_agreement_hansen20_gte_4":9227785.428270329,"fa_agreement_hansen20_gte_5":9082884.556633705,"fa_agreement_hansen20_gte_6":8771865.986299524,"fa_agreement_hansen20_gte_7":8158870.765734955,"fa_agreement_hansen20_gte_8":6959025.348031361,"fa_agreement_hansen30_gte_1":9560844.151704563,"fa_agreement_hansen30_gte_2":9341529.969436811,"fa_agreement_hansen30_gte_3":9287852.46568677,"fa_agreement_hansen30_gte_4":9215162.437171875,"fa_agreement_hansen30_gte_5":9071401.592555352,"fa_agreement_hansen30_gte_6":8761229.135095784,"fa_agreement_hansen30_gte_7":8149627.481674568,"fa_agreement_hansen30_gte_8":6953599.136843936,"fa_copernicus":8986829.47997106,"fa_esa_2009":5418623.561971451,"fa_esa_2020":8988152.507313246,"fa_esri":9287740.248225382,"fa_globeland":9394632.862568323,"fa_hansen10":7614300.212900223,"fa_hansen20":7555941.920811845,"fa_hansen30":7475841.078690945,"fa_jaxa":9458913.642951898,"fa_tandemx":8402939.404630851,"fa_jrc_2020":8235907.632280799,"fra_1a_forestArea":7617.43994140625,"fra_1a_landArea":9632.0,"fra_3b_protected":null,"iso3":"LBR","total_area_ha":9636742.572645374,"year":2020,"fa_copernicus_protected":329847.3630305511,"fa_esa_2009_protected":298960.2471326376,"fa_esa_2020_protected":335015.72670314723,"fa_esri_protected":340178.46084822674,"fa_globeland_protected":341104.35890639934,"fa_hansen10_protected":328752.89698822534,"fa_hansen20_protected":326037.6573363978,"fa_hansen30_protected":321099.6626503931,"fa_jaxa_protected":347591.50689382624,"fa_tandemx_protected":311361.6746481085,"fa_jrc_2020_protected":321930.8176831943,"ba_MODIS_2001":4836.436142849261,"ba_MODIS_2002":1116.2285265747546,"ba_MODIS_2003":47987.84466490198,"ba_MODIS_2004":31056.414405943557,"ba_MODIS_2005":6790.649573272055,"ba_MODIS_2006":72946.92600707104,"ba_MODIS_2007":33097.48704632347,"ba_MODIS_2008":26338.77356184434,"ba_MODIS_2009":428213.0027573266,"ba_MODIS_2010":26808.324347990343,"ba_MODIS_2011":38822.771798541675,"ba_MODIS_2012":60356.90298461412,"ba_MODIS_2013":33777.21118694854,"ba_MODIS_2014":170701.59265616888,"ba_MODIS_2015":408294.674223,"ba_MODIS_2016":29312.993330735168,"ba_MODIS_2017":40122.430565698516,"ba_MODIS_2018":12705.470662058824,"ba_MODIS_2019":144496.3578330942,"ba_MODIS_2020":21419.23943057597,"ba_MODIS_2021":7152.133364074754,"ba_MODIS_2022":10006.35470949142,"ba_MODIS_2001_Hansen10":4721.838875447821,"ba_MODIS_2002_Hansen10":1136.5872477386886,"ba_MODIS_2003_Hansen10":46000.251958953035,"ba_MODIS_2004_Hansen10":30992.494071338737,"ba_MODIS_2005_Hansen10":6613.14768357859,"ba_MODIS_2006_Hansen10":71658.00202994158,"ba_MODIS_2007_Hansen10":32335.000097788547,"ba_MODIS_2008_Hansen10":26419.43276549196,"ba_MODIS_2009_Hansen10":410732.4284771571,"ba_MODIS_2010_Hansen10":25606.42252007294,"ba_MODIS_2011_Hansen10":36142.51632433983,"ba_MODIS_2012_Hansen10":53725.47907616373,"ba_MODIS_2013_Hansen10":30070.27025529112,"ba_MODIS_2014_Hansen10":150352.3669582184,"ba_MODIS_2015_Hansen10":357426.0824447405,"ba_MODIS_2016_Hansen10":25266.395914029774,"ba_MODIS_2017_Hansen10":32768.34314347052,"ba_MODIS_2018_Hansen10":9652.289481378844,"ba_MODIS_2019_Hansen10":103410.8631531452,"ba_MODIS_2020_Hansen10":15939.9273386862,"ba_MODIS_2021_Hansen10":5402.384558038625,"ba_MODIS_2022_Hansen10":5767.445818927037}},{"type":"Feature","geometry":{"type":"MultiPoint","coordinates":[]},"properties":{"fa_agreement_esri_esa_glo_hansen10_gte_1":1.0856463441381821E7,"fa_agreement_esri_esa_glo_hansen10_gte_2":4737498.326676336,"fa_agreement_esri_esa_glo_hansen10_gte_3":2336008.9414981175,"fa_agreement_esri_esa_glo_hansen10_gte_4":641950.1893021016,"fa_agreement_esri_esa_gte_1":3139466.383139974,"fa_agreement_esri_esa_gte_2":723732.1825028788,"fa_agreement_hansen10_gte_1":1.147954510856841E7,"fa_agreement_hansen10_gte_2":5896904.986994919,"fa_agreement_hansen10_gte_3":4672871.887008027,"fa_agreement_hansen10_gte_4":3915063.6301218,"fa_agreement_hansen10_gte_5":3106440.9392166534,"fa_agreement_hansen10_gte_6":2088180.5871500254,"fa_agreement_hansen10_gte_7":1007207.4949450969,"fa_agreement_hansen10_gte_8":320079.02827866934,"fa_agreement_hansen30_gte_9":75.9877608951823,"fa_agreement_hansen20_gte_1":1.135293575342433E7,"fa_agreement_hansen20_gte_2":5615182.745087153,"fa_agreement_hansen20_gte_3":4240853.151075654,"fa_agreement_hansen20_gte_4":3282940.0431678295,"fa_agreement_hansen20_gte_5":2223925.7888177675,"fa_agreement_hansen20_gte_6":1198054.866441994,"fa_agreement_hansen20_gte_7":528286.5744204123,"fa_agreement_hansen20_gte_8":167988.248409768,"fa_agreement_hansen30_gte_1":1.1500715397770561E7,"fa_agreement_hansen30_gte_2":5610282.79300972,"fa_agreement_hansen30_gte_3":4223370.351980436,"fa_agreement_hansen30_gte_4":3227074.943210437,"fa_agreement_hansen30_gte_5":2138156.264075923,"fa_agreement_hansen30_gte_6":1028419.4298046926,"fa_agreement_hansen30_gte_7":333392.29664440604,"fa_agreement_hansen30_gte_8":41145.99776122615,"fa_copernicus":761487.8358752211,"fa_esa_2009":1038840.7240381907,"fa_esa_2020":2090760.2998307825,"fa_esri":1772378.3079156217,"fa_globeland":1.0006940573929347E7,"fa_hansen10":4706724.544511033,"fa_hansen20":710581.7748594685,"fa_hansen30":35659.98137277405,"fa_jaxa":3471548.7339811893,"fa_tandemx":4742126.947761945,"fa_jrc_2020":4489524.4531981405,"fra_1a_forestArea":8068.16015625,"fra_1a_landArea":19253.0,"fra_3b_protected":7506.02978515625,"iso3":"SEN","total_area_ha":1.9751645561175466E7,"year":2020,"fa_copernicus_protected":218658.87041526413,"fa_esa_2009_protected":520224.5128211635,"fa_esa_2020_protected":666973.1438232015,"fa_esri_protected":409896.08608766564,"fa_globeland_protected":3157901.06194248,"fa_hansen10_protected":1235304.0990349199,"fa_hansen20_protected":202134.43504015106,"fa_hansen30_protected":6752.202569713191,"fa_jaxa_protected":951833.019338709,"fa_tandemx_protected":1282871.5141943926,"fa_jrc_2020_protected":1328832.4488108298,"ba_MODIS_2001":5366535.816671612,"ba_MODIS_2002":4374466.107899142,"ba_MODIS_2003":2843117.6356760324,"ba_MODIS_2004":4485059.603146557,"ba_MODIS_2005":4768512.649478808,"ba_MODIS_2006":5343164.921960733,"ba_MODIS_2007":4046082.2679900792,"ba_MODIS_2008":4339103.437779004,"ba_MODIS_2009":3862442.996147139,"ba_MODIS_2010":4362505.020495886,"ba_MODIS_2011":4887865.3453588,"ba_MODIS_2012":3439056.489052958,"ba_MODIS_2013":4003190.1658051307,"ba_MODIS_2014":3521248.986155876,"ba_MODIS_2015":2652979.636557251,"ba_MODIS_2016":4038198.7550731516,"ba_MODIS_2017":3923551.133661311,"ba_MODIS_2018":3123145.837694171,"ba_MODIS_2019":3765642.100546954,"ba_MODIS_2020":4459631.531015565,"ba_MODIS_2021":4391605.690691863,"ba_MODIS_2022":1584368.449431358,"ba_MODIS_2001_Hansen10":2494653.1667715814,"ba_MODIS_2002_Hansen10":2506944.139531659,"ba_MODIS_2003_Hansen10":1251983.339184306,"ba_MODIS_2004_Hansen10":2177694.186347132,"ba_MODIS_2005_Hansen10":2082990.4484893675,"ba_MODIS_2006_Hansen10":2482839.7608865104,"ba_MODIS_2007_Hansen10":1931200.778201272,"ba_MODIS_2008_Hansen10":1990958.5939388957,"ba_MODIS_2009_Hansen10":1808935.046122945,"ba_MODIS_2010_Hansen10":1802756.0274697272,"ba_MODIS_2011_Hansen10":2184738.2910629823,"ba_MODIS_2012_Hansen10":1539742.4632438542,"ba_MODIS_2013_Hansen10":1850624.0928811703,"ba_MODIS_2014_Hansen10":2050034.5269960156,"ba_MODIS_2015_Hansen10":1195010.6193408247,"ba_MODIS_2016_Hansen10":2092175.8675867824,"ba_MODIS_2017_Hansen10":2001078.7083585325,"ba_MODIS_2018_Hansen10":1660509.6077637984,"ba_MODIS_2019_Hansen10":1916881.4431433198,"ba_MODIS_2020_Hansen10":2021403.2267224493,"ba_MODIS_2021_Hansen10":2036667.7898173563,"ba_MODIS_2022_Hansen10":1177821.9139526992}},{"type":"Feature","geometry":{"type":"MultiPoint","coordinates":[]},"properties":{"fa_agreement_esri_esa_glo_hansen10_gte_1":2284920.3431364144,"fa_agreement_esri_esa_glo_hansen10_gte_2":794797.6155165114,"fa_agreement_esri_esa_glo_hansen10_gte_3":315729.6770079777,"fa_agreement_esri_esa_glo_hansen10_gte_4":114800.04594671434,"fa_agreement_esri_esa_gte_1":613698.3235195818,"fa_agreement_esri_esa_gte_2":227644.49028825542,"fa_agreement_hansen10_gte_1":2272101.4045078326,"fa_agreement_hansen10_gte_2":1414972.4277754524,"fa_agreement_hansen10_gte_3":799762.5217107849,"fa_agreement_hansen10_gte_4":484247.53314331325,"fa_agreement_hansen10_gte_5":305422.83230927034,"fa_agreement_hansen10_gte_6":194934.70179400506,"fa_agreement_hansen10_gte_7":119997.75312572232,"fa_agreement_hansen10_gte_8":68000.45813152562,"fa_agreement_hansen30_gte_9":32963.65573457412,"fa_agreement_hansen20_gte_1":1760093.6158725503,"fa_agreement_hansen20_gte_2":1122730.2478085572,"fa_agreement_hansen20_gte_3":700546.7073050735,"fa_agreement_hansen20_gte_4":450470.1214053726,"fa_agreement_hansen20_gte_5":294201.8127348013,"fa_agreement_hansen20_gte_6":191012.43117923138,"fa_agreement_hansen20_gte_7":118693.45676658952,"fa_agreement_hansen20_gte_8":67691.94589887458,"fa_agreement_hansen30_gte_1":1514834.514256955,"fa_agreement_hansen30_gte_2":896476.8965596671,"fa_agreement_hansen30_gte_3":573930.1913278212,"fa_agreement_hansen30_gte_4":385410.54132540955,"fa_agreement_hansen30_gte_5":263483.37636126997,"fa_agreement_hansen30_gte_6":177579.54520814432,"fa_agreement_hansen30_gte_7":113287.31782469212,"fa_agreement_hansen30_gte_8":66043.45412329787,"fa_copernicus":84665.8110296383,"fa_esa_2009":853066.9158311556,"fa_esa_2020":425736.6133564518,"fa_esri":415639.307115521,"fa_globeland":441298.9017826339,"fa_hansen10":2231648.1498131524,"fa_hansen20":1250831.6640970635,"fa_hansen30":509514.0111646303,"fa_jaxa":392141.62949973985,"fa_tandemx":515582.56418934226,"fa_jrc_2020":553260.7895602435,"fra_1a_forestArea":279.6400146484375,"fra_1a_landArea":2568.0,"fra_3b_protected":115.0,"iso3":"BDI","total_area_ha":2696324.9804033274,"year":2020,"fa_copernicus_protected":49304.03004836931,"fa_esa_2009_protected":104450.60428076581,"fa_esa_2020_protected":66101.5351082703,"fa_esri_protected":76263.54977835534,"fa_globeland_protected":54303.45514584846,"fa_hansen10_protected":118794.7573859077,"fa_hansen20_protected":110639.5279029758,"fa_hansen30_protected":95870.23196445384,"fa_jaxa_protected":70308.48979021885,"fa_tandemx_protected":64027.05022931964,"fa_jrc_2020_protected":84281.39243576559,"ba_MODIS_2001":53108.891408069896,"ba_MODIS_2002":81100.4703461888,"ba_MODIS_2003":83657.90297239025,"ba_MODIS_2004":68130.36925826,"ba_MODIS_2005":41781.57418555776,"ba_MODIS_2006":26376.076149111515,"ba_MODIS_2007":24417.241226991406,"ba_MODIS_2008":43028.34664288615,"ba_MODIS_2009":31735.763784142153,"ba_MODIS_2010":37824.89577015308,"ba_MODIS_2011":25457.24600601712,"ba_MODIS_2012":27271.815707536698,"ba_MODIS_2013":35473.29241789213,"ba_MODIS_2014":20391.703974558764,"ba_MODIS_2015":36638.46764625618,"ba_MODIS_2016":34076.121052634735,"ba_MODIS_2017":28109.047219944838,"ba_MODIS_2018":28563.823124185037,"ba_MODIS_2019":30096.5515987867,"ba_MODIS_2020":30408.36027805753,"ba_MODIS_2021":24391.01467643999,"ba_MODIS_2022":24.8005421875,"ba_MODIS_2001_Hansen10":51392.71317020206,"ba_MODIS_2002_Hansen10":76696.48439033321,"ba_MODIS_2003_Hansen10":78583.41483888986,"ba_MODIS_2004_Hansen10":64014.02754138627,"ba_MODIS_2005_Hansen10":39773.47505698325,"ba_MODIS_2006_Hansen10":26036.379693386156,"ba_MODIS_2007_Hansen10":23569.74474798458,"ba_MODIS_2008_Hansen10":40062.87230870131,"ba_MODIS_2009_Hansen10":30940.1891179065,"ba_MODIS_2010_Hansen10":36431.64492699574,"ba_MODIS_2011_Hansen10":25306.896272133574,"ba_MODIS_2012_Hansen10":27114.52613027803,"ba_MODIS_2013_Hansen10":34001.345827059966,"ba_MODIS_2014_Hansen10":19700.30156220768,"ba_MODIS_2015_Hansen10":34363.0879762772,"ba_MODIS_2016_Hansen10":33215.63499774776,"ba_MODIS_2017_Hansen10":27617.426499741305,"ba_MODIS_2018_Hansen10":28129.88066789036,"ba_MODIS_2019_Hansen10":29250.678626069934,"ba_MODIS_2020_Hansen10":29233.987529528866,"ba_MODIS_2021_Hansen10":23835.87477753669,"ba_MODIS_2022_Hansen10":21.695536047363277}},{"type":"Feature","geometry":{"type":"MultiPoint","coordinates":[]},"properties":{"fa_agreement_esri_esa_glo_hansen10_gte_1":2.3254267457563367E7,"fa_agreement_esri_esa_glo_hansen10_gte_2":1.9127618062414017E7,"fa_agreement_esri_esa_glo_hansen10_gte_3":1.2004901751400143E7,"fa_agreement_esri_esa_glo_hansen10_gte_4":6270530.04885394,"fa_agreement_esri_esa_gte_1":1.3999710036976548E7,"fa_agreement_esri_esa_gte_2":8169634.533631726,"fa_agreement_hansen10_gte_1":2.281777951736999E7,"fa_agreement_hansen10_gte_2":2.1619729305414658E7,"fa_agreement_hansen10_gte_3":1.9918212882398345E7,"fa_agreement_hansen10_gte_4":1.755966361843423E7,"fa_agreement_hansen10_gte_5":1.4744461705578579E7,"fa_agreement_hansen10_gte_6":1.1599789060311295E7,"fa_agreement_hansen10_gte_7":8310844.850339171,"fa_agreement_hansen10_gte_8":4923290.612480757,"fa_agreement_hansen30_gte_9":1526881.7666373842,"fa_agreement_hansen20_gte_1":2.2400423327564277E7,"fa_agreement_hansen20_gte_2":2.0699348591786426E7,"fa_agreement_hansen20_gte_3":1.86690687103278E7,"fa_agreement_hansen20_gte_4":1.6243934826343223E7,"fa_agreement_hansen20_gte_5":1.3513133248788942E7,"fa_agreement_hansen20_gte_6":1.0642849648719167E7,"fa_agreement_hansen20_gte_7":7653121.9174880395,"fa_agreement_hansen20_gte_8":4604430.877014819,"fa_agreement_hansen30_gte_1":2.305418225750301E7,"fa_agreement_hansen30_gte_2":2.0538767758878566E7,"fa_agreement_hansen30_gte_3":1.82690201377293E7,"fa_agreement_hansen30_gte_4":1.5571083018986117E7,"fa_agreement_hansen30_gte_5":1.2567711668185137E7,"fa_agreement_hansen30_gte_6":9487132.854626926,"fa_agreement_hansen30_gte_7":6412970.688157827,"fa_agreement_hansen30_gte_8":3698778.36003309,"fa_copernicus":7629158.1468123915,"fa_esa_2009":1.0532448303307809E7,"fa_esa_2020":1.0346488204335716E7,"fa_esri":1.1822874557320373E7,"fa_globeland":1.846667717837453E7,"fa_hansen10":2.0006230275606968E7,"fa_hansen20":1.2541724875121895E7,"fa_hansen30":6448671.28820102,"fa_jaxa":1.8127852236097258E7,"fa_tandemx":1.3825503136216458E7,"fa_jrc_2020":1.6337333880967474E7,"fra_1a_forestArea":6189.0,"fra_1a_landArea":24572.0,"fra_3b_protected":3006.0,"iso3":"GIN","total_area_ha":2.460483774745302E7,"year":2020,"fa_copernicus_protected":1790355.768328346,"fa_esa_2009_protected":2790224.7606592444,"fa_esa_2020_protected":2156050.344709431,"fa_esri_protected":2867179.557860431,"fa_globeland_protected":4253501.640831729,"fa_hansen10_protected":4883375.459285876,"fa_hansen20_protected":2721803.8371579885,"fa_hansen30_protected":1061427.2189415407,"fa_jaxa_protected":3910155.843296608,"fa_tandemx_protected":3517895.3431432866,"fa_jrc_2020_protected":4355189.170847364,"ba_MODIS_2001":3701698.7982562864,"ba_MODIS_2002":4602806.640783772,"ba_MODIS_2003":4127769.020377075,"ba_MODIS_2004":3540134.507765805,"ba_MODIS_2005":4717238.858873161,"ba_MODIS_2006":4323119.839547937,"ba_MODIS_2007":4109063.201918486,"ba_MODIS_2008":4217458.868838981,"ba_MODIS_2009":3785501.3998546293,"ba_MODIS_2010":3359075.1104380162,"ba_MODIS_2011":3765526.9049323145,"ba_MODIS_2012":4607745.433623884,"ba_MODIS_2013":4199838.173179525,"ba_MODIS_2014":3886543.501411551,"ba_MODIS_2015":3211880.814434803,"ba_MODIS_2016":5702626.877581492,"ba_MODIS_2017":4209618.059053715,"ba_MODIS_2018":2907022.49178934,"ba_MODIS_2019":3505568.766780922,"ba_MODIS_2020":3862609.4908318333,"ba_MODIS_2021":2747231.550471804,"ba_MODIS_2022":2850700.975573034,"ba_MODIS_2001_Hansen10":3459904.1110067368,"ba_MODIS_2002_Hansen10":4305983.011754798,"ba_MODIS_2003_Hansen10":3835839.259343556,"ba_MODIS_2004_Hansen10":3285733.43191463,"ba_MODIS_2005_Hansen10":4351357.477794995,"ba_MODIS_2006_Hansen10":4018203.0290840515,"ba_MODIS_2007_Hansen10":3820988.7442907104,"ba_MODIS_2008_Hansen10":3883932.6074650227,"ba_MODIS_2009_Hansen10":3495361.701035142,"ba_MODIS_2010_Hansen10":3077594.339514618,"ba_MODIS_2011_Hansen10":3419691.383105808,"ba_MODIS_2012_Hansen10":4279701.4084282145,"ba_MODIS_2013_Hansen10":3820855.987740576,"ba_MODIS_2014_Hansen10":3479278.788030327,"ba_MODIS_2015_Hansen10":2860164.811838988,"ba_MODIS_2016_Hansen10":5131538.576393057,"ba_MODIS_2017_Hansen10":3656438.0568345482,"ba_MODIS_2018_Hansen10":2481754.9391185883,"ba_MODIS_2019_Hansen10":3001192.9522696403,"ba_MODIS_2020_Hansen10":3296576.1137744254,"ba_MODIS_2021_Hansen10":2348559.458656871,"ba_MODIS_2022_Hansen10":2588371.5285787378}},{"type":"Feature","geometry":{"type":"MultiPoint","coordinates":[]},"properties":{"fa_agreement_esri_esa_glo_hansen10_gte_1":3076219.42621957,"fa_agreement_esri_esa_glo_hansen10_gte_2":2724119.0410833945,"fa_agreement_esri_esa_glo_hansen10_gte_3":2093760.7142464176,"fa_agreement_esri_esa_glo_hansen10_gte_4":1406433.769672595,"fa_agreement_esri_esa_gte_1":2476923.04157031,"fa_agreement_esri_esa_gte_2":1682503.3737272134,"fa_agreement_hansen10_gte_1":3163706.0988222943,"fa_agreement_hansen10_gte_2":2950647.50129237,"fa_agreement_hansen10_gte_3":2770208.056848854,"fa_agreement_hansen10_gte_4":2550986.551501756,"fa_agreement_hansen10_gte_5":2267768.6660026466,"fa_agreement_hansen10_gte_6":1913344.2725271918,"fa_agreement_hansen10_gte_7":1443469.71458548,"fa_agreement_hansen10_gte_8":842473.4362434569,"fa_agreement_hansen30_gte_9":120739.83986706032,"fa_agreement_hansen20_gte_1":3140407.184758983,"fa_agreement_hansen20_gte_2":2898172.0849798494,"fa_agreement_hansen20_gte_3":2699071.0259749936,"fa_agreement_hansen20_gte_4":2462276.309008845,"fa_agreement_hansen20_gte_5":2158772.1171534145,"fa_agreement_hansen20_gte_6":1772512.823847021,"fa_agreement_hansen20_gte_7":1310050.6844767677,"fa_agreement_hansen20_gte_8":780412.0058850821,"fa_agreement_hansen30_gte_1":3232804.679331837,"fa_agreement_hansen30_gte_2":2882267.449507174,"fa_agreement_hansen30_gte_3":2664073.512362626,"fa_agreement_hansen30_gte_4":2397893.053709319,"fa_agreement_hansen30_gte_5":2058275.9546524158,"fa_agreement_hansen30_gte_6":1592794.700188864,"fa_agreement_hansen30_gte_7":1045591.5154030038,"fa_agreement_hansen30_gte_8":516081.49313565437,"fa_copernicus":1223009.9520303926,"fa_esa_2009":1061051.527215844,"fa_esa_2020":2219882.8252743287,"fa_esri":1939458.5817390906,"fa_globeland":2521366.0626696115,"fa_hansen10":2612864.246807659,"fa_hansen20":1892120.5205725133,"fa_hansen30":880936.8080360951,"fa_jaxa":2485025.047837909,"fa_tandemx":2134543.8054708824,"fa_jrc_2020":2323115.0181996366,"fra_1a_forestArea":1980.010009765625,"fra_1a_landArea":2812.0,"fra_3b_protected":26.0,"iso3":"GNB","total_area_ha":3407422.854165968,"year":2020,"fa_copernicus_protected":361566.2748023772,"fa_esa_2009_protected":391664.648443094,"fa_esa_2020_protected":585350.9384993588,"fa_esri_protected":466369.0648736727,"fa_globeland_protected":621772.0938097059,"fa_hansen10_protected":650614.5545739364,"fa_hansen20_protected":550094.3726302908,"fa_hansen30_protected":367555.1249262591,"fa_jaxa_protected":628260.8211723666,"fa_tandemx_protected":542773.2608279784,"fa_jrc_2020_protected":623415.4849857857,"ba_MODIS_2001":636602.8678235593,"ba_MODIS_2002":714887.458749003,"ba_MODIS_2003":714729.142832269,"ba_MODIS_2004":619338.6687179147,"ba_MODIS_2005":513634.92130764516,"ba_MODIS_2006":703966.8984959322,"ba_MODIS_2007":610423.4553351784,"ba_MODIS_2008":363768.50946379406,"ba_MODIS_2009":399128.5464382415,"ba_MODIS_2010":401741.3063413737,"ba_MODIS_2011":338254.3822378524,"ba_MODIS_2012":522411.4692096787,"ba_MODIS_2013":328104.74955915625,"ba_MODIS_2014":420906.79762426275,"ba_MODIS_2015":489915.9858417115,"ba_MODIS_2016":328127.716937214,"ba_MODIS_2017":353335.7801032817,"ba_MODIS_2018":405369.7258176492,"ba_MODIS_2019":374232.37659783935,"ba_MODIS_2020":368518.85288876644,"ba_MODIS_2021":234625.0577936792,"ba_MODIS_2022":183742.54456783345,"ba_MODIS_2001_Hansen10":611504.321484444,"ba_MODIS_2002_Hansen10":687968.487833446,"ba_MODIS_2003_Hansen10":686879.8832398194,"ba_MODIS_2004_Hansen10":589405.388515051,"ba_MODIS_2005_Hansen10":490446.9865730805,"ba_MODIS_2006_Hansen10":666128.629396969,"ba_MODIS_2007_Hansen10":574798.8540341007,"ba_MODIS_2008_Hansen10":343047.4887969266,"ba_MODIS_2009_Hansen10":375541.98775531474,"ba_MODIS_2010_Hansen10":380277.849168746,"ba_MODIS_2011_Hansen10":308868.8003194045,"ba_MODIS_2012_Hansen10":491988.6575663086,"ba_MODIS_2013_Hansen10":305037.1780941089,"ba_MODIS_2014_Hansen10":399772.0992166385,"ba_MODIS_2015_Hansen10":457107.5304565309,"ba_MODIS_2016_Hansen10":299614.44766191597,"ba_MODIS_2017_Hansen10":326479.47432385315,"ba_MODIS_2018_Hansen10":372814.27840648295,"ba_MODIS_2019_Hansen10":341627.7451021108,"ba_MODIS_2020_Hansen10":327490.10993284173,"ba_MODIS_2021_Hansen10":212916.3060942392,"ba_MODIS_2022_Hansen10":174713.68347684515}},{"type":"Feature","geometry":{"type":"MultiPoint","coordinates":[]},"properties":{"fa_agreement_esri_esa_glo_hansen10_gte_1":8981383.661053363,"fa_agreement_esri_esa_glo_hansen10_gte_2":4663033.060421323,"fa_agreement_esri_esa_glo_hansen10_gte_3":2230836.3861918063,"fa_agreement_esri_esa_glo_hansen10_gte_4":829790.3981583174,"fa_agreement_esri_esa_gte_1":3766143.3487206497,"fa_agreement_esri_esa_gte_2":1336947.2572667652,"fa_agreement_hansen10_gte_1":9525221.963706829,"fa_agreement_hansen10_gte_2":7408940.3175130775,"fa_agreement_hansen10_gte_3":5553030.413379259,"fa_agreement_hansen10_gte_4":4050814.7064257744,"fa_agreement_hansen10_gte_5":2849796.665478503,"fa_agreement_hansen10_gte_6":1973966.6799972397,"fa_agreement_hansen10_gte_7":1287120.8845700715,"fa_agreement_hansen10_gte_8":713174.7868576486,"fa_agreement_hansen30_gte_9":39086.64139752037,"fa_agreement_hansen20_gte_1":8261256.14015324,"fa_agreement_hansen20_gte_2":5930522.071370259,"fa_agreement_hansen20_gte_3":4336114.707360522,"fa_agreement_hansen20_gte_4":3106606.082580359,"fa_agreement_hansen20_gte_5":2184993.6517980304,"fa_agreement_hansen20_gte_6":1495398.0634953154,"fa_agreement_hansen20_gte_7":952267.450664208,"fa_agreement_hansen20_gte_8":516012.86705397966,"fa_agreement_hansen30_gte_1":8262543.517577456,"fa_agreement_hansen30_gte_2":5850801.745090943,"fa_agreement_hansen30_gte_3":4201403.994194241,"fa_agreement_hansen30_gte_4":2929617.807531566,"fa_agreement_hansen30_gte_5":2019630.5979191922,"fa_agreement_hansen30_gte_6":1312759.8850182102,"fa_agreement_hansen30_gte_7":735478.6403491019,"fa_agreement_hansen30_gte_8":282587.9515440406,"fa_copernicus":2793263.588712163,"fa_esa_2009":2165623.3416402983,"fa_esa_2020":1721790.25210866,"fa_esri":3381249.6567269787,"fa_globeland":3227802.842777431,"fa_hansen10":8384237.256143116,"fa_hansen20":1533860.6847540855,"fa_hansen30":133774.17819082027,"fa_jaxa":4729293.094733342,"fa_tandemx":4327873.39452748,"fa_jrc_2020":3780840.856959008,"fra_1a_forestArea":3135.14990234375,"fra_1a_landArea":11276.0,"fra_3b_protected":2522.0,"iso3":"BEN","total_area_ha":1.160688232137565E7,"year":2020,"fa_copernicus_protected":720819.240207197,"fa_esa_2009_protected":547750.0355134303,"fa_esa_2020_protected":406002.73551728966,"fa_esri_protected":1135494.6460709875,"fa_globeland_protected":780383.2344562215,"fa_hansen10_protected":1705318.3691916268,"fa_hansen20_protected":395594.5034702465,"fa_hansen30_protected":53133.04882077645,"fa_jaxa_protected":1248029.7658227982,"fa_tandemx_protected":1233426.3863722808,"fa_jrc_2020_protected":1299439.5570062099,"ba_MODIS_2001":1909025.0148799745,"ba_MODIS_2002":2726699.062637141,"ba_MODIS_2003":2462125.634260661,"ba_MODIS_2004":1973649.4832700859,"ba_MODIS_2005":3276748.259521123,"ba_MODIS_2006":2278693.594687951,"ba_MODIS_2007":2435163.1581860376,"ba_MODIS_2008":1784872.9690937453,"ba_MODIS_2009":1767490.8012182894,"ba_MODIS_2010":1688109.4212621776,"ba_MODIS_2011":1875683.7568883651,"ba_MODIS_2012":1662909.9903741297,"ba_MODIS_2013":1864611.0258900465,"ba_MODIS_2014":1540576.3828868954,"ba_MODIS_2015":1519324.7610637313,"ba_MODIS_2016":1679800.6334719213,"ba_MODIS_2017":1414908.9429862155,"ba_MODIS_2018":1240453.6808480446,"ba_MODIS_2019":1406755.9534721975,"ba_MODIS_2020":1373403.399201506,"ba_MODIS_2021":1242540.2496554255,"ba_MODIS_2022":861818.0119807504,"ba_MODIS_2001_Hansen10":1480483.7832872607,"ba_MODIS_2002_Hansen10":2146269.623832532,"ba_MODIS_2003_Hansen10":1838126.2195188606,"ba_MODIS_2004_Hansen10":1373901.4539340867,"ba_MODIS_2005_Hansen10":2541928.792596701,"ba_MODIS_2006_Hansen10":1676324.1849517026,"ba_MODIS_2007_Hansen10":1760395.4563096014,"ba_MODIS_2008_Hansen10":1204929.5253816615,"ba_MODIS_2009_Hansen10":1277418.7693355572,"ba_MODIS_2010_Hansen10":1129146.9088150556,"ba_MODIS_2011_Hansen10":1323537.8911407737,"ba_MODIS_2012_Hansen10":1194771.6239070855,"ba_MODIS_2013_Hansen10":1310391.5955900734,"ba_MODIS_2014_Hansen10":1021357.7698918908,"ba_MODIS_2015_Hansen10":1068410.4297144914,"ba_MODIS_2016_Hansen10":1126863.1754027656,"ba_MODIS_2017_Hansen10":905300.7819977979,"ba_MODIS_2018_Hansen10":764044.0519118925,"ba_MODIS_2019_Hansen10":861509.8850209083,"ba_MODIS_2020_Hansen10":942067.7523534151,"ba_MODIS_2021_Hansen10":728655.1602967844,"ba_MODIS_2022_Hansen10":544459.6521473246}},{"type":"Feature","geometry":{"type":"MultiPoint","coordinates":[]},"properties":{"fa_agreement_esri_esa_glo_hansen10_gte_1":5.030093200123897E7,"fa_agreement_esri_esa_glo_hansen10_gte_2":3.134764745143714E7,"fa_agreement_esri_esa_glo_hansen10_gte_3":1.045123063120476E7,"fa_agreement_esri_esa_glo_hansen10_gte_4":2235628.2064728914,"fa_agreement_esri_esa_gte_1":3.733655935741932E7,"fa_agreement_esri_esa_gte_2":8496970.892739916,"fa_agreement_hansen10_gte_1":5.08998574174452E7,"fa_agreement_hansen10_gte_2":4.015339553337203E7,"fa_agreement_hansen10_gte_3":3.158839460900675E7,"fa_agreement_hansen10_gte_4":2.5036936021395724E7,"fa_agreement_hansen10_gte_5":1.883643889540616E7,"fa_agreement_hansen10_gte_6":1.2398933399121953E7,"fa_agreement_hansen10_gte_7":7004608.5276120845,"fa_agreement_hansen10_gte_8":3278872.0840148837,"fa_agreement_hansen30_gte_9":840901.283747468,"fa_agreement_hansen20_gte_1":4.6426206471334636E7,"fa_agreement_hansen20_gte_2":3.560363295063519E7,"fa_agreement_hansen20_gte_3":2.8373970854198325E7,"fa_agreement_hansen20_gte_4":2.2195888442734785E7,"fa_agreement_hansen20_gte_5":1.6540723272853542E7,"fa_agreement_hansen20_gte_6":1.1233924505282514E7,"fa_agreement_hansen20_gte_7":6678596.616471626,"fa_agreement_hansen20_gte_8":3220287.9757178286,"fa_agreement_hansen30_gte_1":4.462410223288316E7,"fa_agreement_hansen30_gte_2":3.385462086617328E7,"fa_agreement_hansen30_gte_3":2.6778794929261435E7,"fa_agreement_hansen30_gte_4":2.04349866503076E7,"fa_agreement_hansen30_gte_5":1.440272065064905E7,"fa_agreement_hansen30_gte_6":9334259.056194764,"fa_agreement_hansen30_gte_7":5588587.810136632,"fa_agreement_hansen30_gte_8":2827936.721398865,"fa_copernicus":1.1004331701641183E7,"fa_esa_2009":1.1155999110793266E7,"fa_esa_2020":9156031.24024232,"fa_esri":3.667752487666676E7,"fa_globeland":5730684.61286524,"fa_hansen10":4.281025735342764E7,"fa_hansen20":2.3314351829668697E7,"fa_hansen30":1.1255471536666734E7,"fa_jaxa":2.4480654277932815E7,"fa_tandemx":2.0449037611490183E7,"fa_jrc_2020":3.180910969023649E7,"fra_1a_forestArea":7157.0,"fra_1a_landArea":63173.0,"fra_3b_protected":null,"iso3":"SSD","total_area_ha":6.356100822234907E7,"year":2020,"fa_copernicus_protected":771606.9096067788,"fa_esa_2009_protected":1007348.2533185801,"fa_esa_2020_protected":564073.5466579981,"fa_esri_protected":4039564.398325909,"fa_globeland_protected":274692.9574406658,"fa_hansen10_protected":5216148.265972138,"fa_hansen20_protected":3293116.751126222,"fa_hansen30_protected":1174372.9993507727,"fa_jaxa_protected":1952264.3268388654,"fa_tandemx_protected":1469429.082543309,"fa_jrc_2020_protected":2748105.601297841,"ba_MODIS_2001":2.3125369131289706E7,"ba_MODIS_2002":2.9843499902345177E7,"ba_MODIS_2003":2.7372989034317046E7,"ba_MODIS_2004":2.830943857350436E7,"ba_MODIS_2005":3.079614757994756E7,"ba_MODIS_2006":2.4192786695677437E7,"ba_MODIS_2007":2.8957963223105572E7,"ba_MODIS_2008":2.8336673542051762E7,"ba_MODIS_2009":2.987001874852792E7,"ba_MODIS_2010":2.309457751558985E7,"ba_MODIS_2011":2.7785877391170017E7,"ba_MODIS_2012":2.823342619187038E7,"ba_MODIS_2013":2.631399803250754E7,"ba_MODIS_2014":2.660184524407112E7,"ba_MODIS_2015":2.723592180150092E7,"ba_MODIS_2016":2.8835654388984855E7,"ba_MODIS_2017":2.5249561523661427E7,"ba_MODIS_2018":3.0336762437284645E7,"ba_MODIS_2019":1.7734374371726803E7,"ba_MODIS_2020":2.655677151669357E7,"ba_MODIS_2021":2.4632201929089226E7,"ba_MODIS_2022":1.5853589562560167E7,"ba_MODIS_2001_Hansen10":1.735715862008147E7,"ba_MODIS_2002_Hansen10":2.0981117783202097E7,"ba_MODIS_2003_Hansen10":2.0793251709801227E7,"ba_MODIS_2004_Hansen10":2.0689677179000765E7,"ba_MODIS_2005_Hansen10":2.2944721943650894E7,"ba_MODIS_2006_Hansen10":1.7185084361186888E7,"ba_MODIS_2007_Hansen10":2.0724990311249677E7,"ba_MODIS_2008_Hansen10":2.0801105348736737E7,"ba_MODIS_2009_Hansen10":2.1611859382878646E7,"ba_MODIS_2010_Hansen10":1.7610637656455565E7,"ba_MODIS_2011_Hansen10":2.062517453619953E7,"ba_MODIS_2012_Hansen10":2.0104374987191737E7,"ba_MODIS_2013_Hansen10":1.8980976597636327E7,"ba_MODIS_2014_Hansen10":1.9707713560873535E7,"ba_MODIS_2015_Hansen10":1.933652933946142E7,"ba_MODIS_2016_Hansen10":2.1350631975940105E7,"ba_MODIS_2017_Hansen10":1.9598827902395755E7,"ba_MODIS_2018_Hansen10":2.2376833083641414E7,"ba_MODIS_2019_Hansen10":1.3139213769271448E7,"ba_MODIS_2020_Hansen10":1.9747391940978527E7,"ba_MODIS_2021_Hansen10":1.7136124319626402E7,"ba_MODIS_2022_Hansen10":1.1906574460747175E7}},{"type":"Feature","geometry":{"type":"MultiPoint","coordinates":[]},"properties":{"fa_agreement_esri_esa_glo_hansen10_gte_1":2923488.6970154783,"fa_agreement_esri_esa_glo_hansen10_gte_2":1446926.564926317,"fa_agreement_esri_esa_glo_hansen10_gte_3":829396.0264961515,"fa_agreement_esri_esa_glo_hansen10_gte_4":410843.14609828446,"fa_agreement_esri_esa_gte_1":1851386.343096576,"fa_agreement_esri_esa_gte_2":655497.4996630317,"fa_agreement_hansen10_gte_1":4355570.929575417,"fa_agreement_hansen10_gte_2":2088361.2067653164,"fa_agreement_hansen10_gte_3":1418413.9248908334,"fa_agreement_hansen10_gte_4":1028987.4773443686,"fa_agreement_hansen10_gte_5":688740.0103248368,"fa_agreement_hansen10_gte_6":416554.981810335,"fa_agreement_hansen10_gte_7":199660.53232822605,"fa_agreement_hansen10_gte_8":64199.15598621198,"fa_agreement_hansen30_gte_9":10528.367308420775,"fa_agreement_hansen20_gte_1":4327862.171418775,"fa_agreement_hansen20_gte_2":2047872.2400567045,"fa_agreement_hansen20_gte_3":1367993.792285609,"fa_agreement_hansen20_gte_4":973898.7544967283,"fa_agreement_hansen20_gte_5":643326.1734068362,"fa_agreement_hansen20_gte_6":385202.91516993684,"fa_agreement_hansen20_gte_7":186376.20795225806,"fa_agreement_hansen20_gte_8":61505.24070874284,"fa_agreement_hansen30_gte_1":4361281.021812863,"fa_agreement_hansen30_gte_2":2025894.8911411008,"fa_agreement_hansen30_gte_3":1336613.1769482393,"fa_agreement_hansen30_gte_4":938949.2526317356,"fa_agreement_hansen30_gte_5":616377.223622906,"fa_agreement_hansen30_gte_6":367323.52916882944,"fa_agreement_hansen30_gte_7":179147.80232302248,"fa_agreement_hansen30_gte_8":60096.29539351316,"fa_copernicus":273504.166003583,"fa_esa_2009":167169.87699156872,"fa_esa_2020":1291174.6850298273,"fa_esri":1215659.5325556865,"fa_globeland":2008769.7164056594,"fa_hansen10":1097573.4473070714,"fa_hansen20":816019.070012334,"fa_hansen30":653594.3070502711,"fa_jaxa":1533229.2325891564,"fa_tandemx":1469562.856748433,"fa_jrc_2020":1499966.5557818592,"fra_1a_forestArea":5742.490234375,"fra_1a_landArea":44630.0,"fra_3b_protected":260.6000061035156,"iso3":"MAR","total_area_ha":4.143296691439086E7,"year":2020,"fa_copernicus_protected":45357.6339563536,"fa_esa_2009_protected":50391.866356233346,"fa_esa_2020_protected":149266.0210929028,"fa_esri_protected":160025.01974956473,"fa_globeland_protected":178819.35900465588,"fa_hansen10_protected":121871.35344216303,"fa_hansen20_protected":101910.87631553816,"fa_hansen30_protected":93384.36229472986,"fa_jaxa_protected":165914.51706372786,"fa_tandemx_protected":126324.91472126848,"fa_jrc_2020_protected":157630.84171666263,"ba_MODIS_2001":1204.3683343749992,"ba_MODIS_2002":552.8707812500002,"ba_MODIS_2003":3789.705356249999,"ba_MODIS_2004":11302.14462375612,"ba_MODIS_2005":8633.335749963238,"ba_MODIS_2006":8675.756885018385,"ba_MODIS_2007":1998.8076515625003,"ba_MODIS_2008":940.0915406250001,"ba_MODIS_2009":5849.659476562497,"ba_MODIS_2010":4504.537665772061,"ba_MODIS_2011":4873.718296966914,"ba_MODIS_2012":13547.293246874988,"ba_MODIS_2013":3638.883690625,"ba_MODIS_2014":5457.265853125004,"ba_MODIS_2015":2647.0942515624965,"ba_MODIS_2016":5375.175143946077,"ba_MODIS_2017":3057.0016399080882,"ba_MODIS_2018":3597.4710890624992,"ba_MODIS_2019":5412.533184375004,"ba_MODIS_2020":7065.610534375006,"ba_MODIS_2021":4367.758679687498,"ba_MODIS_2022":0.0,"ba_MODIS_2001_Hansen10":586.8516974182097,"ba_MODIS_2002_Hansen10":127.9488029968258,"ba_MODIS_2003_Hansen10":963.8142851989817,"ba_MODIS_2004_Hansen10":3749.483771099864,"ba_MODIS_2005_Hansen10":4307.292606711802,"ba_MODIS_2006_Hansen10":3241.1277158589087,"ba_MODIS_2007_Hansen10":665.4390763061508,"ba_MODIS_2008_Hansen10":352.17614886474684,"ba_MODIS_2009_Hansen10":945.6095002014151,"ba_MODIS_2010_Hansen10":431.76691845093046,"ba_MODIS_2011_Hansen10":1107.99342130737,"ba_MODIS_2012_Hansen10":4816.673373004158,"ba_MODIS_2013_Hansen10":914.4048333007697,"ba_MODIS_2014_Hansen10":317.2051448608402,"ba_MODIS_2015_Hansen10":113.16353167114283,"ba_MODIS_2016_Hansen10":1870.9477793212943,"ba_MODIS_2017_Hansen10":776.3292073285986,"ba_MODIS_2018_Hansen10":68.45240366210926,"ba_MODIS_2019_Hansen10":1784.7660155151355,"ba_MODIS_2020_Hansen10":2227.996764031979,"ba_MODIS_2021_Hansen10":1471.7464800475975,"ba_MODIS_2022_Hansen10":0.0}},{"type":"Feature","geometry":{"type":"MultiPoint","coordinates":[]},"properties":{"fa_agreement_esri_esa_glo_hansen10_gte_1":1.872207482248316E7,"fa_agreement_esri_esa_glo_hansen10_gte_2":8034078.394185242,"fa_agreement_esri_esa_glo_hansen10_gte_3":3172430.4808696043,"fa_agreement_esri_esa_glo_hansen10_gte_4":1114570.839985437,"fa_agreement_esri_esa_gte_1":1.307464818277251E7,"fa_agreement_esri_esa_gte_2":1882782.8716451314,"fa_agreement_hansen10_gte_1":2.342848997785215E7,"fa_agreement_hansen10_gte_2":1.5803796476744385E7,"fa_agreement_hansen10_gte_3":1.093082395647436E7,"fa_agreement_hansen10_gte_4":7196270.133597911,"fa_agreement_hansen10_gte_5":4651664.389774124,"fa_agreement_hansen10_gte_6":2950165.9377713567,"fa_agreement_hansen10_gte_7":1792258.7397157673,"fa_agreement_hansen10_gte_8":962148.9839488189,"fa_agreement_hansen30_gte_9":87327.02294958601,"fa_agreement_hansen20_gte_1":2.1400482482944116E7,"fa_agreement_hansen20_gte_2":1.4187647528556805E7,"fa_agreement_hansen20_gte_3":9153249.85111288,"fa_agreement_hansen20_gte_4":5440932.328927341,"fa_agreement_hansen20_gte_5":3172837.20898125,"fa_agreement_hansen20_gte_6":1980227.6946234189,"fa_agreement_hansen20_gte_7":1253092.3988056104,"fa_agreement_hansen20_gte_8":744452.9347161881,"fa_agreement_hansen30_gte_1":2.0047550905341767E7,"fa_agreement_hansen30_gte_2":1.410838795682318E7,"fa_agreement_hansen30_gte_3":9063599.590693574,"fa_agreement_hansen30_gte_4":5360352.215689202,"fa_agreement_hansen30_gte_5":3075079.878855861,"fa_agreement_hansen30_gte_6":1830775.039913664,"fa_agreement_hansen30_gte_7":1018624.2256891718,"fa_agreement_hansen30_gte_8":428787.0512398174,"fa_copernicus":988348.0547018966,"fa_esa_2009":4917532.6148753865,"fa_esa_2020":2325250.440836576,"fa_esri":1.2632168418031758E7,"fa_globeland":3820642.614504124,"fa_hansen10":1.2298143652960503E7,"fa_hansen20":1596871.0236699826,"fa_hansen30":360831.7171287217,"fa_jaxa":9248469.161810692,"fa_tandemx":9168201.959595041,"fa_jrc_2020":1.4174044518708946E7,"fra_1a_forestArea":4313.0,"fra_1a_landArea":125920.0,"fra_3b_protected":1733.75,"iso3":"TCD","total_area_ha":1.2739003548083209E8,"year":2020,"fa_copernicus_protected":249588.4189429054,"fa_esa_2009_protected":1815299.8461168965,"fa_esa_2020_protected":435138.3724323264,"fa_esri_protected":3179552.5904335044,"fa_globeland_protected":617960.4082674372,"fa_hansen10_protected":3359425.1010920755,"fa_hansen20_protected":90143.3559610855,"fa_hansen30_protected":1484.4996087098639,"fa_jaxa_protected":2382308.157184084,"fa_tandemx_protected":2394833.140358448,"fa_jrc_2020_protected":3884498.509599647,"ba_MODIS_2001":9503539.819114316,"ba_MODIS_2002":1.0787231350331822E7,"ba_MODIS_2003":1.1475806065129897E7,"ba_MODIS_2004":1.1901425336666679E7,"ba_MODIS_2005":1.2520342465160783E7,"ba_MODIS_2006":1.1125002889625695E7,"ba_MODIS_2007":1.179052242267545E7,"ba_MODIS_2008":1.0463835264560621E7,"ba_MODIS_2009":8162754.336646045,"ba_MODIS_2010":8902129.808997085,"ba_MODIS_2011":9919422.10997287,"ba_MODIS_2012":9726187.85646615,"ba_MODIS_2013":8341866.296573988,"ba_MODIS_2014":7525495.084324671,"ba_MODIS_2015":7366711.66001963,"ba_MODIS_2016":9477806.589333722,"ba_MODIS_2017":7141133.128672596,"ba_MODIS_2018":8090044.250160538,"ba_MODIS_2019":6267724.341735722,"ba_MODIS_2020":8230418.744550282,"ba_MODIS_2021":7878659.377609414,"ba_MODIS_2022":3609352.892816065,"ba_MODIS_2001_Hansen10":3389549.0353159504,"ba_MODIS_2002_Hansen10":4769561.4415382445,"ba_MODIS_2003_Hansen10":5356231.480511449,"ba_MODIS_2004_Hansen10":5030911.385511611,"ba_MODIS_2005_Hansen10":4982504.372609482,"ba_MODIS_2006_Hansen10":4967859.142077731,"ba_MODIS_2007_Hansen10":4856190.362490919,"ba_MODIS_2008_Hansen10":4523949.53069946,"ba_MODIS_2009_Hansen10":3586023.4113844503,"ba_MODIS_2010_Hansen10":3955500.574599782,"ba_MODIS_2011_Hansen10":4200790.922419764,"ba_MODIS_2012_Hansen10":4153498.5905627143,"ba_MODIS_2013_Hansen10":3720302.5475978246,"ba_MODIS_2014_Hansen10":3201715.240134179,"ba_MODIS_2015_Hansen10":3422630.2139036674,"ba_MODIS_2016_Hansen10":4351015.560876285,"ba_MODIS_2017_Hansen10":3267984.5624743323,"ba_MODIS_2018_Hansen10":3271599.8785535144,"ba_MODIS_2019_Hansen10":2515691.584040617,"ba_MODIS_2020_Hansen10":2808956.462472082,"ba_MODIS_2021_Hansen10":2907418.2301093778,"ba_MODIS_2022_Hansen10":1737720.0234075782}},{"type":"Feature","geometry":{"type":"MultiPoint","coordinates":[]},"properties":{"fa_agreement_esri_esa_glo_hansen10_gte_1":7136774.265944432,"fa_agreement_esri_esa_glo_hansen10_gte_2":6579952.866913196,"fa_agreement_esri_esa_glo_hansen10_gte_3":5070466.44359398,"fa_agreement_esri_esa_glo_hansen10_gte_4":3059336.3597605103,"fa_agreement_esri_esa_gte_1":5823841.369876935,"fa_agreement_esri_esa_gte_2":4243391.137653468,"fa_agreement_hansen10_gte_1":6894565.218250333,"fa_agreement_hansen10_gte_2":6722139.088736724,"fa_agreement_hansen10_gte_3":6386633.990820567,"fa_agreement_hansen10_gte_4":5910283.847148259,"fa_agreement_hansen10_gte_5":5257329.892316484,"fa_agreement_hansen10_gte_6":4425677.393593481,"fa_agreement_hansen10_gte_7":3434457.810578382,"fa_agreement_hansen10_gte_8":2301167.0746085993,"fa_agreement_hansen30_gte_9":824670.9700979561,"fa_agreement_hansen20_gte_1":6806470.988336871,"fa_agreement_hansen20_gte_2":6562226.254630384,"fa_agreement_hansen20_gte_3":6262475.230192874,"fa_agreement_hansen20_gte_4":5829296.48418906,"fa_agreement_hansen20_gte_5":5206627.382962988,"fa_agreement_hansen20_gte_6":4390728.450497155,"fa_agreement_hansen20_gte_7":3412145.1976019987,"fa_agreement_hansen20_gte_8":2290720.366806545,"fa_agreement_hansen30_gte_1":7095212.02281246,"fa_agreement_hansen30_gte_2":6508150.28687967,"fa_agreement_hansen30_gte_3":6171078.832527416,"fa_agreement_hansen30_gte_4":5722942.093567988,"fa_agreement_hansen30_gte_5":5092771.61394993,"fa_agreement_hansen30_gte_6":4262748.426052019,"fa_agreement_hansen30_gte_7":3270278.724365489,"fa_agreement_hansen30_gte_8":2164467.050740411,"fa_copernicus":4233751.2415499315,"fa_esa_2009":2763383.5424374784,"fa_esa_2020":4712981.039061215,"fa_esri":5354256.865661064,"fa_globeland":6384329.907337501,"fa_hansen10":5379326.901331915,"fa_hansen20":4784187.714317517,"fa_hansen30":3906472.8746129395,"fa_jaxa":6491981.657349741,"fa_tandemx":4372729.067413772,"fa_jrc_2020":4145131.666926932,"fra_1a_forestArea":2534.8798828125,"fra_1a_landArea":7218.0,"fra_3b_protected":238.60000610351562,"iso3":"SLE","total_area_ha":7280737.559212484,"year":2020,"fa_copernicus_protected":548134.4362275843,"fa_esa_2009_protected":489074.79313860094,"fa_esa_2020_protected":669892.5529466674,"fa_esri_protected":676130.2585692218,"fa_globeland_protected":745980.9221054917,"fa_hansen10_protected":729058.191491103,"fa_hansen20_protected":648499.3668114486,"fa_hansen30_protected":560856.4834870312,"fa_jaxa_protected":788384.9456675227,"fa_tandemx_protected":617363.6353137819,"fa_jrc_2020_protected":634810.0049371518,"ba_MODIS_2001":439223.23700616043,"ba_MODIS_2002":525273.8077700005,"ba_MODIS_2003":1017495.2845874301,"ba_MODIS_2004":1044543.08814386,"ba_MODIS_2005":844776.3157891661,"ba_MODIS_2006":1627732.3197334893,"ba_MODIS_2007":1383309.5605702638,"ba_MODIS_2008":767562.8228550388,"ba_MODIS_2009":773584.8552624375,"ba_MODIS_2010":414257.51441696874,"ba_MODIS_2011":563294.5650215105,"ba_MODIS_2012":1015821.9116694011,"ba_MODIS_2013":794133.9104345453,"ba_MODIS_2014":923465.6527568186,"ba_MODIS_2015":1359067.5281684021,"ba_MODIS_2016":1012417.5549947787,"ba_MODIS_2017":879212.8962073859,"ba_MODIS_2018":633745.3677928366,"ba_MODIS_2019":577596.7773092085,"ba_MODIS_2020":544897.436612183,"ba_MODIS_2021":534940.8385700488,"ba_MODIS_2022":527151.3987482102,"ba_MODIS_2001_Hansen10":438775.03696852096,"ba_MODIS_2002_Hansen10":522814.3708048056,"ba_MODIS_2003_Hansen10":1009031.9484464247,"ba_MODIS_2004_Hansen10":1036471.9028584185,"ba_MODIS_2005_Hansen10":838192.2635883457,"ba_MODIS_2006_Hansen10":1607853.1915827494,"ba_MODIS_2007_Hansen10":1365566.0976712543,"ba_MODIS_2008_Hansen10":761030.8979552325,"ba_MODIS_2009_Hansen10":761063.5651439928,"ba_MODIS_2010_Hansen10":409107.8771236628,"ba_MODIS_2011_Hansen10":554882.7229030393,"ba_MODIS_2012_Hansen10":989650.8704569738,"ba_MODIS_2013_Hansen10":763568.438373288,"ba_MODIS_2014_Hansen10":852162.3225166021,"ba_MODIS_2015_Hansen10":1216602.8061414915,"ba_MODIS_2016_Hansen10":930234.6176980479,"ba_MODIS_2017_Hansen10":773697.6417735041,"ba_MODIS_2018_Hansen10":561088.136428473,"ba_MODIS_2019_Hansen10":502356.10077292373,"ba_MODIS_2020_Hansen10":494881.4341462759,"ba_MODIS_2021_Hansen10":459384.8227883116,"ba_MODIS_2022_Hansen10":488362.719477944}},{"type":"Feature","geometry":{"type":"MultiPoint","coordinates":[]},"properties":{"fa_agreement_esri_esa_glo_hansen10_gte_1":4298941.016696816,"fa_agreement_esri_esa_glo_hansen10_gte_2":1879072.4366151772,"fa_agreement_esri_esa_glo_hansen10_gte_3":1110367.3017129397,"fa_agreement_esri_esa_glo_hansen10_gte_4":588360.462583908,"fa_agreement_esri_esa_gte_1":1647651.6420273427,"fa_agreement_esri_esa_gte_2":871519.9044288016,"fa_agreement_hansen10_gte_1":4327644.479427887,"fa_agreement_hansen10_gte_2":3195465.21060661,"fa_agreement_hansen10_gte_3":2493719.8516074927,"fa_agreement_hansen10_gte_4":1980069.6417767734,"fa_agreement_hansen10_gte_5":1561458.0506518034,"fa_agreement_hansen10_gte_6":1193217.9497648524,"fa_agreement_hansen10_gte_7":861054.5088867827,"fa_agreement_hansen10_gte_8":543488.3185996087,"fa_agreement_hansen30_gte_9":151718.42386767713,"fa_agreement_hansen20_gte_1":3391851.5313403294,"fa_agreement_hansen20_gte_2":2595347.76696957,"fa_agreement_hansen20_gte_3":2098259.7049090643,"fa_agreement_hansen20_gte_4":1698535.006174821,"fa_agreement_hansen20_gte_5":1351821.6005138473,"fa_agreement_hansen20_gte_6":1035979.7614834706,"fa_agreement_hansen20_gte_7":755661.1412218562,"fa_agreement_hansen20_gte_8":494415.1964755557,"fa_agreement_hansen30_gte_1":3350880.4800901473,"fa_agreement_hansen30_gte_2":2541910.223692974,"fa_agreement_hansen30_gte_3":2014849.7434281649,"fa_agreement_hansen30_gte_4":1596167.63602594,"fa_agreement_hansen30_gte_5":1234742.5058336838,"fa_agreement_hansen30_gte_6":914606.7631812685,"fa_agreement_hansen30_gte_7":638055.0303471275,"fa_agreement_hansen30_gte_8":392170.5174754468,"fa_copernicus":2122683.2110620257,"fa_esa_2009":1276844.238215343,"fa_esa_2020":1128665.8365275864,"fa_esri":1390513.080313627,"fa_globeland":1209613.9745267339,"fa_hansen10":4150569.32176731,"fa_hansen20":1310664.299432393,"fa_hansen30":494029.37034137413,"fa_jaxa":1782966.95081577,"fa_tandemx":1814874.064021239,"fa_jrc_2020":2009611.4972476515,"fra_1a_forestArea":1209.27001953125,"fra_1a_landArea":5439.0,"fra_3b_protected":195.89999389648438,"iso3":"TGO","total_area_ha":5690830.902422869,"year":2020,"fa_copernicus_protected":337430.6524579025,"fa_esa_2009_protected":236939.78926397386,"fa_esa_2020_protected":157095.5284661642,"fa_esri_protected":243367.80641037467,"fa_globeland_protected":201023.01135067115,"fa_hansen10_protected":511374.976509308,"fa_hansen20_protected":191141.21499547068,"fa_hansen30_protected":77402.49470552144,"fa_jaxa_protected":302952.56536334904,"fa_tandemx_protected":304274.4881651089,"fa_jrc_2020_protected":346831.6401999116,"ba_MODIS_2001":877563.9711062835,"ba_MODIS_2002":1130041.7915813248,"ba_MODIS_2003":1183455.5754564288,"ba_MODIS_2004":815520.5912796203,"ba_MODIS_2005":1916953.5625286899,"ba_MODIS_2006":1227450.8351912464,"ba_MODIS_2007":795739.6412745111,"ba_MODIS_2008":1060990.1498134537,"ba_MODIS_2009":1102064.099787144,"ba_MODIS_2010":916142.8819834669,"ba_MODIS_2011":1564636.5257249791,"ba_MODIS_2012":759719.080791929,"ba_MODIS_2013":973991.2165740045,"ba_MODIS_2014":704782.7508082233,"ba_MODIS_2015":1191895.2491951305,"ba_MODIS_2016":990200.007956792,"ba_MODIS_2017":899597.5497616387,"ba_MODIS_2018":628334.0992600721,"ba_MODIS_2019":637815.0564127958,"ba_MODIS_2020":920541.1392893053,"ba_MODIS_2021":674301.4344617306,"ba_MODIS_2022":923047.0778923886,"ba_MODIS_2001_Hansen10":623345.0908791932,"ba_MODIS_2002_Hansen10":892683.7531632251,"ba_MODIS_2003_Hansen10":899493.2319007119,"ba_MODIS_2004_Hansen10":578533.0674224432,"ba_MODIS_2005_Hansen10":1509439.153762783,"ba_MODIS_2006_Hansen10":964323.4607574933,"ba_MODIS_2007_Hansen10":597258.1866055564,"ba_MODIS_2008_Hansen10":800494.6587951785,"ba_MODIS_2009_Hansen10":875711.9496568769,"ba_MODIS_2010_Hansen10":714506.5941349498,"ba_MODIS_2011_Hansen10":1288279.7572354272,"ba_MODIS_2012_Hansen10":554876.9830376969,"ba_MODIS_2013_Hansen10":767680.7116718141,"ba_MODIS_2014_Hansen10":542548.7404898067,"ba_MODIS_2015_Hansen10":1016679.3586122488,"ba_MODIS_2016_Hansen10":717595.0120006857,"ba_MODIS_2017_Hansen10":657454.0673018222,"ba_MODIS_2018_Hansen10":512134.0910791501,"ba_MODIS_2019_Hansen10":443660.70307312475,"ba_MODIS_2020_Hansen10":700208.2208209203,"ba_MODIS_2021_Hansen10":492221.7200916972,"ba_MODIS_2022_Hansen10":683091.7052157101}},{"type":"Feature","geometry":{"type":"MultiPoint","coordinates":[]},"properties":{"fa_agreement_esri_esa_glo_hansen10_gte_1":5.643510486141469E7,"fa_agreement_esri_esa_glo_hansen10_gte_2":2.7809320279466506E7,"fa_agreement_esri_esa_glo_hansen10_gte_3":1.3754965938086595E7,"fa_agreement_esri_esa_glo_hansen10_gte_4":6417025.355740551,"fa_agreement_esri_esa_gte_1":3.2660290424719498E7,"fa_agreement_esri_esa_gte_2":1.0637199454121877E7,"fa_agreement_hansen10_gte_1":6.568433815737292E7,"fa_agreement_hansen10_gte_2":4.4361007956979915E7,"fa_agreement_hansen10_gte_3":3.1593579740407363E7,"fa_agreement_hansen10_gte_4":2.2512186655248415E7,"fa_agreement_hansen10_gte_5":1.514255542599605E7,"fa_agreement_hansen10_gte_6":1.0398014033166865E7,"fa_agreement_hansen10_gte_7":6962256.200294024,"fa_agreement_hansen10_gte_8":4274516.564828176,"fa_agreement_hansen30_gte_9":1159026.5718904631,"fa_agreement_hansen20_gte_1":6.2873228084259056E7,"fa_agreement_hansen20_gte_2":4.157577261324125E7,"fa_agreement_hansen20_gte_3":2.9592011007225342E7,"fa_agreement_hansen20_gte_4":2.0929845433957342E7,"fa_agreement_hansen20_gte_5":1.3851965661779502E7,"fa_agreement_hansen20_gte_6":9674433.046562191,"fa_agreement_hansen20_gte_7":6732294.5240942985,"fa_agreement_hansen20_gte_8":4231711.340536125,"fa_agreement_hansen30_gte_1":6.309070421595371E7,"fa_agreement_hansen30_gte_2":4.015589795486143E7,"fa_agreement_hansen30_gte_3":2.8296915207516197E7,"fa_agreement_hansen30_gte_4":1.978286981855064E7,"fa_agreement_hansen30_gte_5":1.2748770156739566E7,"fa_agreement_hansen30_gte_6":8696671.96848685,"fa_agreement_hansen30_gte_7":6260898.562732076,"fa_agreement_hansen30_gte_8":4084405.7310247417,"fa_copernicus":7476656.535640401,"fa_esa_2009":7641414.521609348,"fa_esa_2020":1.3401294604478266E7,"fa_esri":2.9896025986461263E7,"fa_globeland":2.9890380432664502E7,"fa_hansen10":3.1269351463474393E7,"fa_hansen20":1.9463196970250994E7,"fa_hansen30":1.1654245147461541E7,"fa_jaxa":4.074574010750486E7,"fa_tandemx":2.2776066956404272E7,"fa_jrc_2020":2.4399666775248796E7,"fra_1a_forestArea":17068.5,"fra_1a_landArea":111971.546875,"fra_3b_protected":null,"iso3":"ETH","total_area_ha":1.1336772359871037E8,"year":2020,"fa_copernicus_protected":581501.8127143399,"fa_esa_2009_protected":959649.5655808967,"fa_esa_2020_protected":1042630.3325157439,"fa_esri_protected":4736424.701586795,"fa_globeland_protected":4566703.2880834695,"fa_hansen10_protected":2788489.04846538,"fa_hansen20_protected":1622572.3045707033,"fa_hansen30_protected":933915.7175633814,"fa_jaxa_protected":5159524.497583298,"fa_tandemx_protected":1749266.7134439882,"fa_jrc_2020_protected":4635321.184878639,"ba_MODIS_2001":5455383.232775215,"ba_MODIS_2002":7327195.419586733,"ba_MODIS_2003":6171496.314382062,"ba_MODIS_2004":6340445.450843399,"ba_MODIS_2005":6945761.454711988,"ba_MODIS_2006":5207932.985326012,"ba_MODIS_2007":6475221.521099527,"ba_MODIS_2008":5342010.194903116,"ba_MODIS_2009":5656689.0708560785,"ba_MODIS_2010":5094646.069255971,"ba_MODIS_2011":5258867.363112608,"ba_MODIS_2012":5865610.073682319,"ba_MODIS_2013":5546290.203781868,"ba_MODIS_2014":4976095.476256672,"ba_MODIS_2015":5671151.902311902,"ba_MODIS_2016":5256044.932317085,"ba_MODIS_2017":4709384.952112486,"ba_MODIS_2018":4825232.164806076,"ba_MODIS_2019":4326687.583486052,"ba_MODIS_2020":4348030.9388774,"ba_MODIS_2021":4680284.829984117,"ba_MODIS_2022":2843586.7031096485,"ba_MODIS_2001_Hansen10":4695693.291160041,"ba_MODIS_2002_Hansen10":6340741.372997171,"ba_MODIS_2003_Hansen10":5309754.8219798645,"ba_MODIS_2004_Hansen10":5629459.595311788,"ba_MODIS_2005_Hansen10":6193034.113567322,"ba_MODIS_2006_Hansen10":4651848.538797149,"ba_MODIS_2007_Hansen10":5650854.227328391,"ba_MODIS_2008_Hansen10":4670957.17350013,"ba_MODIS_2009_Hansen10":5074988.2190328855,"ba_MODIS_2010_Hansen10":4587248.518111204,"ba_MODIS_2011_Hansen10":4763303.09135339,"ba_MODIS_2012_Hansen10":5068474.162176147,"ba_MODIS_2013_Hansen10":4818704.531955238,"ba_MODIS_2014_Hansen10":4424900.602179094,"ba_MODIS_2015_Hansen10":5021030.588312207,"ba_MODIS_2016_Hansen10":4700931.850031625,"ba_MODIS_2017_Hansen10":4192273.540527599,"ba_MODIS_2018_Hansen10":4229383.94420524,"ba_MODIS_2019_Hansen10":3777290.135071466,"ba_MODIS_2020_Hansen10":3678662.4151463923,"ba_MODIS_2021_Hansen10":3915455.1938974103,"ba_MODIS_2022_Hansen10":2549328.0495296894}},{"type":"Feature","geometry":{"type":"MultiPoint","coordinates":[]},"properties":{"fa_agreement_esri_esa_glo_hansen10_gte_1":1.878857580325861E7,"fa_agreement_esri_esa_glo_hansen10_gte_2":1.1644556517563023E7,"fa_agreement_esri_esa_glo_hansen10_gte_3":7792890.717344521,"fa_agreement_esri_esa_glo_hansen10_gte_4":5029256.7397044785,"fa_agreement_esri_esa_gte_1":1.0228886292285243E7,"fa_agreement_esri_esa_gte_2":6549596.058168992,"fa_agreement_hansen10_gte_1":1.883639110735436E7,"fa_agreement_hansen10_gte_2":1.4890748149946902E7,"fa_agreement_hansen10_gte_3":1.2427418180259362E7,"fa_agreement_hansen10_gte_4":1.0466626209791148E7,"fa_agreement_hansen10_gte_5":8589526.069536392,"fa_agreement_hansen10_gte_6":6354949.377818318,"fa_agreement_hansen10_gte_7":3770966.41789599,"fa_agreement_hansen10_gte_8":1923450.0115232526,"fa_agreement_hansen30_gte_9":794362.6380145209,"fa_agreement_hansen20_gte_1":1.6057515238597324E7,"fa_agreement_hansen20_gte_2":1.3037271620867027E7,"fa_agreement_hansen20_gte_3":1.1076799014254278E7,"fa_agreement_hansen20_gte_4":9515243.477250878,"fa_agreement_hansen20_gte_5":7964323.659889183,"fa_agreement_hansen20_gte_6":5971843.884616185,"fa_agreement_hansen20_gte_7":3568131.308937862,"fa_agreement_hansen20_gte_8":1844948.389147286,"fa_agreement_hansen30_gte_1":1.5812626826770734E7,"fa_agreement_hansen30_gte_2":1.2779982411291808E7,"fa_agreement_hansen30_gte_3":1.075778443772418E7,"fa_agreement_hansen30_gte_4":9144660.04673932,"fa_agreement_hansen30_gte_5":7522295.014721375,"fa_agreement_hansen30_gte_6":5533855.779276833,"fa_agreement_hansen30_gte_7":3261642.8793468466,"fa_agreement_hansen30_gte_8":1713844.6383028552,"fa_copernicus":6288746.107777055,"fa_esa_2009":3968114.0390971005,"fa_esa_2020":6934109.5317838015,"fa_esri":9844311.151330631,"fa_globeland":9724692.221042918,"fa_hansen10":1.6738807122685408E7,"fa_hansen20":8207084.115182686,"fa_hansen30":5672986.392998994,"fa_jaxa":1.0054013645214753E7,"fa_tandemx":9102060.467467522,"fa_jrc_2020":7738210.979818915,"fra_1a_forestArea":7985.7099609375,"fra_1a_landArea":22754.0,"fra_3b_protected":1425.0,"iso3":"GHA","total_area_ha":2.3978755536036745E7,"year":2020,"fa_copernicus_protected":1347458.9533333029,"fa_esa_2009_protected":1288316.5547804649,"fa_esa_2020_protected":1064802.0921710401,"fa_esri_protected":1624121.8667085571,"fa_globeland_protected":1455995.8634485165,"fa_hansen10_protected":2130983.8542276756,"fa_hansen20_protected":1303559.2043663266,"fa_hansen30_protected":916356.0595150726,"fa_jaxa_protected":1707952.9707135248,"fa_tandemx_protected":1662817.2223378965,"fa_jrc_2020_protected":1817870.7793945277,"ba_MODIS_2001":6404365.232892809,"ba_MODIS_2002":6264171.260170607,"ba_MODIS_2003":6835328.750467024,"ba_MODIS_2004":5295327.626659777,"ba_MODIS_2005":8118591.084677568,"ba_MODIS_2006":6833283.525024314,"ba_MODIS_2007":6131927.4165673405,"ba_MODIS_2008":6007155.979929434,"ba_MODIS_2009":5067378.283523017,"ba_MODIS_2010":5538510.224760485,"ba_MODIS_2011":6893188.95769551,"ba_MODIS_2012":5404038.784554341,"ba_MODIS_2013":6129619.821952551,"ba_MODIS_2014":5653705.679075916,"ba_MODIS_2015":5788806.245844092,"ba_MODIS_2016":5844307.59534231,"ba_MODIS_2017":5769917.829356545,"ba_MODIS_2018":4668963.544985843,"ba_MODIS_2019":4607050.133579385,"ba_MODIS_2020":6121966.378198115,"ba_MODIS_2021":4322948.226532097,"ba_MODIS_2022":5488557.556312873,"ba_MODIS_2001_Hansen10":5003670.734057481,"ba_MODIS_2002_Hansen10":4733735.772099532,"ba_MODIS_2003_Hansen10":5231723.371412128,"ba_MODIS_2004_Hansen10":3978316.0135317706,"ba_MODIS_2005_Hansen10":6045810.715623011,"ba_MODIS_2006_Hansen10":5370754.513312494,"ba_MODIS_2007_Hansen10":4736856.846262725,"ba_MODIS_2008_Hansen10":4643414.167362542,"ba_MODIS_2009_Hansen10":3881085.099835505,"ba_MODIS_2010_Hansen10":4042287.861535752,"ba_MODIS_2011_Hansen10":5135034.783564385,"ba_MODIS_2012_Hansen10":4053641.569588049,"ba_MODIS_2013_Hansen10":4550870.833806152,"ba_MODIS_2014_Hansen10":4121029.158752543,"ba_MODIS_2015_Hansen10":4450410.904640419,"ba_MODIS_2016_Hansen10":4114253.2881416,"ba_MODIS_2017_Hansen10":3985688.5982987457,"ba_MODIS_2018_Hansen10":3496003.6457100036,"ba_MODIS_2019_Hansen10":3153238.064848568,"ba_MODIS_2020_Hansen10":4454075.489101963,"ba_MODIS_2021_Hansen10":2883451.780582037,"ba_MODIS_2022_Hansen10":4009790.8981223567}},{"type":"Feature","geometry":{"type":"MultiPoint","coordinates":[]},"properties":{"fa_agreement_esri_esa_glo_hansen10_gte_1":4.198391692502416E7,"fa_agreement_esri_esa_glo_hansen10_gte_2":3.634671526002749E7,"fa_agreement_esri_esa_glo_hansen10_gte_3":3.1668663816814903E7,"fa_agreement_esri_esa_glo_hansen10_gte_4":2.6005676454429325E7,"fa_agreement_esri_esa_gte_1":3.388480051364894E7,"fa_agreement_esri_esa_gte_2":2.892665536187011E7,"fa_agreement_hansen10_gte_1":4.180549264583571E7,"fa_agreement_hansen10_gte_2":4.000310822532804E7,"fa_agreement_hansen10_gte_3":3.814167366905872E7,"fa_agreement_hansen10_gte_4":3.6094390878436446E7,"fa_agreement_hansen10_gte_5":3.408386371529787E7,"fa_agreement_hansen10_gte_6":3.1897142873749595E7,"fa_agreement_hansen10_gte_7":2.933054820227513E7,"fa_agreement_hansen10_gte_8":2.5863164978492856E7,"fa_agreement_hansen30_gte_9":1.900154411570496E7,"fa_agreement_hansen20_gte_1":4.076101006338238E7,"fa_agreement_hansen20_gte_2":3.901336195720664E7,"fa_agreement_hansen20_gte_3":3.730300763877991E7,"fa_agreement_hansen20_gte_4":3.545014625888522E7,"fa_agreement_hansen20_gte_5":3.3595975796642E7,"fa_agreement_hansen20_gte_6":3.1576290538546372E7,"fa_agreement_hansen20_gte_7":2.916927008205161E7,"fa_agreement_hansen20_gte_8":2.58077350878752E7,"fa_agreement_hansen30_gte_1":4.0915635040106684E7,"fa_agreement_hansen30_gte_2":3.8494402383699164E7,"fa_agreement_hansen30_gte_3":3.6540623618306555E7,"fa_agreement_hansen30_gte_4":3.46997815746945E7,"fa_agreement_hansen30_gte_5":3.279431984375686E7,"fa_agreement_hansen30_gte_6":3.0742880695638828E7,"fa_agreement_hansen30_gte_7":2.8373749502866622E7,"fa_agreement_hansen30_gte_8":2.5309494896488786E7,"fa_copernicus":2.9183795975720596E7,"fa_esa_2009":2.9405969260883775E7,"fa_esa_2020":3.0588509048888527E7,"fa_esri":3.2223001994967524E7,"fa_globeland":3.313534999839016E7,"fa_hansen10":4.005137985794229E7,"fa_hansen20":3.53403814795946E7,"fa_hansen30":2.991698634535677E7,"fa_jaxa":3.80735504897762E7,"fa_tandemx":3.1540915958902925E7,"fa_jrc_2020":3.5055772890937276E7,"fra_1a_forestArea":20340.48046875,"fra_1a_landArea":47271.0,"fra_3b_protected":3942.590087890625,"iso3":"CMR","total_area_ha":4.67270701738542E7,"year":2020,"fa_copernicus_protected":3020520.9992502215,"fa_esa_2009_protected":3185774.636481718,"fa_esa_2020_protected":3181131.8250271757,"fa_esri_protected":3507930.1602561455,"fa_globeland_protected":3332941.8942191205,"fa_hansen10_protected":4094561.2654043376,"fa_hansen20_protected":3402621.363070144,"fa_hansen30_protected":3129489.1225986853,"fa_jaxa_protected":3513676.248358192,"fa_tandemx_protected":3250563.9352220595,"fa_jrc_2020_protected":3794454.8297707136,"ba_MODIS_2001":5088458.339158274,"ba_MODIS_2002":4951823.64582849,"ba_MODIS_2003":6833753.019887867,"ba_MODIS_2004":4462591.463509081,"ba_MODIS_2005":6321183.555285107,"ba_MODIS_2006":4663731.662183068,"ba_MODIS_2007":4237656.2163134515,"ba_MODIS_2008":4733062.3475984875,"ba_MODIS_2009":3988943.481572818,"ba_MODIS_2010":4095128.472977709,"ba_MODIS_2011":3346190.6941026407,"ba_MODIS_2012":2889692.358150641,"ba_MODIS_2013":2867034.532277119,"ba_MODIS_2014":2379091.50660421,"ba_MODIS_2015":2019834.0175786633,"ba_MODIS_2016":2693919.8057049448,"ba_MODIS_2017":2364152.8388480474,"ba_MODIS_2018":2098396.9584159213,"ba_MODIS_2019":2076336.3210726203,"ba_MODIS_2020":2822483.579742726,"ba_MODIS_2021":2364734.5408646055,"ba_MODIS_2022":1884401.6073659116,"ba_MODIS_2001_Hansen10":4655954.965367617,"ba_MODIS_2002_Hansen10":4549637.563065591,"ba_MODIS_2003_Hansen10":6287194.89430449,"ba_MODIS_2004_Hansen10":3900670.657410775,"ba_MODIS_2005_Hansen10":5816298.028107675,"ba_MODIS_2006_Hansen10":4065026.2048333846,"ba_MODIS_2007_Hansen10":3702072.590134834,"ba_MODIS_2008_Hansen10":4197896.944474911,"ba_MODIS_2009_Hansen10":3537944.7037145016,"ba_MODIS_2010_Hansen10":3686969.398547939,"ba_MODIS_2011_Hansen10":2886530.9956776,"ba_MODIS_2012_Hansen10":2536262.4012047667,"ba_MODIS_2013_Hansen10":2412382.4859944712,"ba_MODIS_2014_Hansen10":2053616.0083489853,"ba_MODIS_2015_Hansen10":1692955.0011676599,"ba_MODIS_2016_Hansen10":2318836.978817984,"ba_MODIS_2017_Hansen10":1935688.4449886004,"ba_MODIS_2018_Hansen10":1800471.5224609708,"ba_MODIS_2019_Hansen10":1738971.0679303021,"ba_MODIS_2020_Hansen10":2372288.311658822,"ba_MODIS_2021_Hansen10":1925377.7423691445,"ba_MODIS_2022_Hansen10":1673550.5290567202}},{"type":"Feature","geometry":{"type":"MultiPoint","coordinates":[]},"properties":{"fa_agreement_esri_esa_glo_hansen10_gte_1":6.750621563805941E7,"fa_agreement_esri_esa_glo_hansen10_gte_2":4.461216220941003E7,"fa_agreement_esri_esa_glo_hansen10_gte_3":2.891193827274354E7,"fa_agreement_esri_esa_glo_hansen10_gte_4":1.63135120877408E7,"fa_agreement_esri_esa_gte_1":4.2116878892739214E7,"fa_agreement_esri_esa_gte_2":2.3264820884969063E7,"fa_agreement_hansen10_gte_1":6.91886184283173E7,"fa_agreement_hansen10_gte_2":5.621902528198064E7,"fa_agreement_hansen10_gte_3":4.625635735484428E7,"fa_agreement_hansen10_gte_4":3.887088175015078E7,"fa_agreement_hansen10_gte_5":3.249186186594551E7,"fa_agreement_hansen10_gte_6":2.628324122959538E7,"fa_agreement_hansen10_gte_7":2.0195940458386913E7,"fa_agreement_hansen10_gte_8":1.422789724682392E7,"fa_agreement_hansen30_gte_9":6566717.468601997,"fa_agreement_hansen20_gte_1":6.230491553974045E7,"fa_agreement_hansen20_gte_2":5.1490065509778954E7,"fa_agreement_hansen20_gte_3":4.331022607117257E7,"fa_agreement_hansen20_gte_4":3.646971158199497E7,"fa_agreement_hansen20_gte_5":3.0469389992618088E7,"fa_agreement_hansen20_gte_6":2.4926489913040616E7,"fa_agreement_hansen20_gte_7":1.9568185376276646E7,"fa_agreement_hansen20_gte_8":1.3975438796822762E7,"fa_agreement_hansen30_gte_1":6.135802987192068E7,"fa_agreement_hansen30_gte_2":4.9223174633874156E7,"fa_agreement_hansen30_gte_3":4.1342853599479906E7,"fa_agreement_hansen30_gte_4":3.466977257186767E7,"fa_agreement_hansen30_gte_5":2.8561599557672214E7,"fa_agreement_hansen30_gte_6":2.2921146585174203E7,"fa_agreement_hansen30_gte_7":1.781801500092092E7,"fa_agreement_hansen30_gte_8":1.2578904444195649E7,"fa_copernicus":1.4209099504347974E7,"fa_esa_2009":3.888288058979506E7,"fa_esa_2020":2.6913468919374827E7,"fa_esri":3.846853071869455E7,"fa_globeland":3.0546567261661164E7,"fa_hansen10":6.142112588642165E7,"fa_hansen20":3.934407530948025E7,"fa_hansen30":2.383225135425951E7,"fa_jaxa":3.370407806698037E7,"fa_tandemx":3.1858287506401036E7,"fa_jrc_2020":4.1279460989831515E7,"fra_1a_forestArea":45745.0,"fra_1a_landArea":88580.0,"fra_3b_protected":28508.0,"iso3":"TZA","total_area_ha":9.444094653550574E7,"year":2020,"fa_copernicus_protected":7529368.405129881,"fa_esa_2009_protected":1.9572473232735537E7,"fa_esa_2020_protected":1.4128332013061177E7,"fa_esri_protected":2.146243881362328E7,"fa_globeland_protected":1.4579412901511434E7,"fa_hansen10_protected":2.7681133070901625E7,"fa_hansen20_protected":1.860567758509589E7,"fa_hansen30_protected":1.14265141678751E7,"fa_jaxa_protected":1.732302166943651E7,"fa_tandemx_protected":1.74326376759874E7,"fa_jrc_2020_protected":2.21314910570936E7,"ba_MODIS_2001":1.3443162899137584E7,"ba_MODIS_2002":1.250542114877984E7,"ba_MODIS_2003":1.68054586340042E7,"ba_MODIS_2004":1.4748870292118005E7,"ba_MODIS_2005":1.7254870972748544E7,"ba_MODIS_2006":1.119458909597219E7,"ba_MODIS_2007":1.4782946012858978E7,"ba_MODIS_2008":1.3994010099056318E7,"ba_MODIS_2009":1.4621283040898949E7,"ba_MODIS_2010":1.5552306258623693E7,"ba_MODIS_2011":1.2910605072324509E7,"ba_MODIS_2012":1.4190544471076949E7,"ba_MODIS_2013":1.2570302975819476E7,"ba_MODIS_2014":1.112973173642181E7,"ba_MODIS_2015":1.2763214584496723E7,"ba_MODIS_2016":1.233814211474564E7,"ba_MODIS_2017":1.0114678178154426E7,"ba_MODIS_2018":9282878.11513777,"ba_MODIS_2019":1.0183454023854828E7,"ba_MODIS_2020":9784253.063634682,"ba_MODIS_2021":9847881.802153321,"ba_MODIS_2022":65879.60111428324,"ba_MODIS_2001_Hansen10":1.1935573935791742E7,"ba_MODIS_2002_Hansen10":1.0989018692599908E7,"ba_MODIS_2003_Hansen10":1.5419959361055098E7,"ba_MODIS_2004_Hansen10":1.352351498809309E7,"ba_MODIS_2005_Hansen10":1.6049010476615386E7,"ba_MODIS_2006_Hansen10":1.0486125551420871E7,"ba_MODIS_2007_Hansen10":1.2960992879181853E7,"ba_MODIS_2008_Hansen10":1.2679740421674391E7,"ba_MODIS_2009_Hansen10":1.3628973525295889E7,"ba_MODIS_2010_Hansen10":1.4172826268994058E7,"ba_MODIS_2011_Hansen10":1.1921960640941285E7,"ba_MODIS_2012_Hansen10":1.307502575282161E7,"ba_MODIS_2013_Hansen10":1.1504008909049436E7,"ba_MODIS_2014_Hansen10":1.020970847542146E7,"ba_MODIS_2015_Hansen10":1.1840035151209384E7,"ba_MODIS_2016_Hansen10":1.1071263499907417E7,"ba_MODIS_2017_Hansen10":9452486.735587386,"ba_MODIS_2018_Hansen10":8369427.124010192,"ba_MODIS_2019_Hansen10":9328606.393835742,"ba_MODIS_2020_Hansen10":8369369.974460274,"ba_MODIS_2021_Hansen10":8590335.371844606,"ba_MODIS_2022_Hansen10":57978.18676545336}},{"type":"Feature","geometry":{"type":"MultiPoint","coordinates":[]},"properties":{"fa_agreement_esri_esa_glo_hansen10_gte_1":3.3612764115812354E7,"fa_agreement_esri_esa_glo_hansen10_gte_2":2.5929722132724483E7,"fa_agreement_esri_esa_glo_hansen10_gte_3":2.4309157803294238E7,"fa_agreement_esri_esa_glo_hansen10_gte_4":1.7297937826278392E7,"fa_agreement_esri_esa_gte_1":2.5531522521827977E7,"fa_agreement_esri_esa_gte_2":2.4069833688393068E7,"fa_agreement_hansen10_gte_1":3.3417636740800153E7,"fa_agreement_hansen10_gte_2":2.736149478404728E7,"fa_agreement_hansen10_gte_3":2.5428933036492217E7,"fa_agreement_hansen10_gte_4":2.4751631412103057E7,"fa_agreement_hansen10_gte_5":2.427465742997174E7,"fa_agreement_hansen10_gte_6":2.376096038816253E7,"fa_agreement_hansen10_gte_7":2.3064585675307617E7,"fa_agreement_hansen10_gte_8":2.1114801102168255E7,"fa_agreement_hansen30_gte_9":1.3984036554940036E7,"fa_agreement_hansen20_gte_1":3.1135803190173674E7,"fa_agreement_hansen20_gte_2":2.7120513434105102E7,"fa_agreement_hansen20_gte_3":2.5396666368537042E7,"fa_agreement_hansen20_gte_4":2.4739387974791586E7,"fa_agreement_hansen20_gte_5":2.4266576223025706E7,"fa_agreement_hansen20_gte_6":2.3756429940930594E7,"fa_agreement_hansen20_gte_7":2.3062951413939964E7,"fa_agreement_hansen20_gte_8":2.1114252925632447E7,"fa_agreement_hansen30_gte_1":2.8391577903494652E7,"fa_agreement_hansen30_gte_2":2.606685190741379E7,"fa_agreement_hansen30_gte_3":2.5174249623663727E7,"fa_agreement_hansen30_gte_4":2.4655568577361457E7,"fa_agreement_hansen30_gte_5":2.4209924035981998E7,"fa_agreement_hansen30_gte_6":2.371697755828451E7,"fa_agreement_hansen30_gte_7":2.3041590354665767E7,"fa_agreement_hansen30_gte_8":2.1106122211954642E7,"fa_copernicus":2.350874760999012E7,"fa_esa_2009":2.2224003217096347E7,"fa_esa_2020":2.4481831358257014E7,"fa_esri":2.511961727262288E7,"fa_globeland":1.8800176864386667E7,"fa_hansen10":3.2795098790321324E7,"fa_hansen20":3.019920191977909E7,"fa_hansen30":2.565275687212474E7,"fa_jaxa":2.478692441044381E7,"fa_tandemx":2.2306954788345724E7,"fa_jrc_2020":2.439079475377392E7,"fra_1a_forestArea":21946.0,"fra_1a_landArea":34150.0,"fra_3b_protected":3910.0,"iso3":"COG","total_area_ha":3.439194666835024E7,"year":2020,"fa_copernicus_protected":1.0006177218814433E7,"fa_esa_2009_protected":9923469.350063771,"fa_esa_2020_protected":1.0084325369520143E7,"fa_esri_protected":1.0208253278388668E7,"fa_globeland_protected":5206934.280904441,"fa_hansen10_protected":1.2160025495969579E7,"fa_hansen20_protected":1.1544389315379335E7,"fa_hansen30_protected":1.0483214813089829E7,"fa_jaxa_protected":1.0170327086796388E7,"fa_tandemx_protected":8885771.463131757,"fa_jrc_2020_protected":1.0118455541267857E7,"ba_MODIS_2001":965915.7904629518,"ba_MODIS_2002":1662797.034580439,"ba_MODIS_2003":2859164.261270139,"ba_MODIS_2004":2945471.718960838,"ba_MODIS_2005":3454571.328820574,"ba_MODIS_2006":3486779.860631765,"ba_MODIS_2007":2986553.5623848843,"ba_MODIS_2008":2990111.870226103,"ba_MODIS_2009":2769658.484460212,"ba_MODIS_2010":3302752.72431284,"ba_MODIS_2011":3447059.964086544,"ba_MODIS_2012":3203957.0028379094,"ba_MODIS_2013":3397218.0186947924,"ba_MODIS_2014":2786988.14185079,"ba_MODIS_2015":3353312.684104669,"ba_MODIS_2016":3378245.9493219843,"ba_MODIS_2017":3251369.0657140817,"ba_MODIS_2018":3411838.93989459,"ba_MODIS_2019":3358585.1484275516,"ba_MODIS_2020":2864497.5268195,"ba_MODIS_2021":2737780.507008369,"ba_MODIS_2022":393453.35806155816,"ba_MODIS_2001_Hansen10":915208.5723312744,"ba_MODIS_2002_Hansen10":1603593.7124416567,"ba_MODIS_2003_Hansen10":2753833.023456833,"ba_MODIS_2004_Hansen10":2821092.842572772,"ba_MODIS_2005_Hansen10":3338375.072968783,"ba_MODIS_2006_Hansen10":3354032.0620727916,"ba_MODIS_2007_Hansen10":2870972.881888117,"ba_MODIS_2008_Hansen10":2876466.949076805,"ba_MODIS_2009_Hansen10":2642575.483677683,"ba_MODIS_2010_Hansen10":3164245.6460476685,"ba_MODIS_2011_Hansen10":3309992.3252185406,"ba_MODIS_2012_Hansen10":3055797.608563554,"ba_MODIS_2013_Hansen10":3266671.747121147,"ba_MODIS_2014_Hansen10":2668208.978104083,"ba_MODIS_2015_Hansen10":3203806.3251420744,"ba_MODIS_2016_Hansen10":3225487.1229739105,"ba_MODIS_2017_Hansen10":3098061.9301436446,"ba_MODIS_2018_Hansen10":3258430.979660416,"ba_MODIS_2019_Hansen10":3203817.283241869,"ba_MODIS_2020_Hansen10":2702066.1145874127,"ba_MODIS_2021_Hansen10":2609713.936637254,"ba_MODIS_2022_Hansen10":345330.44714320806}},{"type":"Feature","geometry":{"type":"MultiPoint","coordinates":[]},"properties":{"fa_agreement_esri_esa_glo_hansen10_gte_1":2.3286081878387716E7,"fa_agreement_esri_esa_glo_hansen10_gte_2":8108577.12637934,"fa_agreement_esri_esa_glo_hansen10_gte_3":3687304.716257701,"fa_agreement_esri_esa_glo_hansen10_gte_4":1756924.1039893264,"fa_agreement_esri_esa_gte_1":1.7071774835030828E7,"fa_agreement_esri_esa_gte_2":2922735.522686947,"fa_agreement_hansen10_gte_1":2.6264748597653303E7,"fa_agreement_hansen10_gte_2":1.55325591445035E7,"fa_agreement_hansen10_gte_3":9409044.705824772,"fa_agreement_hansen10_gte_4":5621691.459733868,"fa_agreement_hansen10_gte_5":3673679.7262670607,"fa_agreement_hansen10_gte_6":2479522.6206933917,"fa_agreement_hansen10_gte_7":1623670.1246931436,"fa_agreement_hansen10_gte_8":947768.7236368249,"fa_agreement_hansen30_gte_9":353026.72134670586,"fa_agreement_hansen20_gte_1":2.4305162946313847E7,"fa_agreement_hansen20_gte_2":1.432006833316265E7,"fa_agreement_hansen20_gte_3":8540620.215134647,"fa_agreement_hansen20_gte_4":4926069.101548934,"fa_agreement_hansen20_gte_5":3183748.757311223,"fa_agreement_hansen20_gte_6":2225144.6418793662,"fa_agreement_hansen20_gte_7":1546817.3268305636,"fa_agreement_hansen20_gte_8":937576.2901532808,"fa_agreement_hansen30_gte_1":2.3896382535488028E7,"fa_agreement_hansen30_gte_2":1.3960609265112963E7,"fa_agreement_hansen30_gte_3":8281582.237819444,"fa_agreement_hansen30_gte_4":4722592.4443439245,"fa_agreement_hansen30_gte_5":2992153.578112388,"fa_agreement_hansen30_gte_6":2050262.0986783998,"fa_agreement_hansen30_gte_7":1447231.9644178606,"fa_agreement_hansen30_gte_8":915915.7247073152,"fa_copernicus":1515532.495506391,"fa_esa_2009":3837103.5886029843,"fa_esa_2020":4443578.299238916,"fa_esri":1.5550963911737926E7,"fa_globeland":6286055.265704408,"fa_hansen10":1.0566038396662619E7,"fa_hansen20":4798988.87906825,"fa_hansen30":2989455.2674120744,"fa_jaxa":1.2635264228428615E7,"fa_tandemx":4010712.50308928,"fa_jrc_2020":9146827.472775223,"fra_1a_forestArea":3611.090087890625,"fra_1a_landArea":56914.0,"fra_3b_protected":1178.469970703125,"iso3":"KEN","total_area_ha":5.854110139450442E7,"year":2020,"fa_copernicus_protected":695981.8346125905,"fa_esa_2009_protected":772042.3842193346,"fa_esa_2020_protected":1057829.428944816,"fa_esri_protected":2484152.297134786,"fa_globeland_protected":1365433.161509105,"fa_hansen10_protected":1825428.8174221036,"fa_hansen20_protected":1265658.9139541618,"fa_hansen30_protected":1062486.4321070542,"fa_jaxa_protected":2311723.043287689,"fa_tandemx_protected":935331.1810368401,"fa_jrc_2020_protected":1697076.26372755,"ba_MODIS_2001":228684.97292521986,"ba_MODIS_2002":254538.28820409806,"ba_MODIS_2003":513557.18980354944,"ba_MODIS_2004":183328.31949772043,"ba_MODIS_2005":263593.3417606306,"ba_MODIS_2006":91146.23425756098,"ba_MODIS_2007":748013.1691713593,"ba_MODIS_2008":294597.66932868975,"ba_MODIS_2009":126238.25860237137,"ba_MODIS_2010":163933.22842832055,"ba_MODIS_2011":156569.79677746317,"ba_MODIS_2012":841138.4569840101,"ba_MODIS_2013":257666.10315838875,"ba_MODIS_2014":180524.89907781244,"ba_MODIS_2015":174690.0975937193,"ba_MODIS_2016":184769.6496451776,"ba_MODIS_2017":51340.4533438296,"ba_MODIS_2018":131682.2348275186,"ba_MODIS_2019":232532.89112577785,"ba_MODIS_2020":497987.98918657785,"ba_MODIS_2021":215498.8448311526,"ba_MODIS_2022":36391.41598112122,"ba_MODIS_2001_Hansen10":99988.43307071898,"ba_MODIS_2002_Hansen10":119928.06596303608,"ba_MODIS_2003_Hansen10":238214.17254485423,"ba_MODIS_2004_Hansen10":108061.96885241984,"ba_MODIS_2005_Hansen10":167611.19371432828,"ba_MODIS_2006_Hansen10":53451.80163757317,"ba_MODIS_2007_Hansen10":228585.7581158449,"ba_MODIS_2008_Hansen10":192008.2812939771,"ba_MODIS_2009_Hansen10":85748.74671721,"ba_MODIS_2010_Hansen10":104528.57837971968,"ba_MODIS_2011_Hansen10":72178.86676021847,"ba_MODIS_2012_Hansen10":105074.05712420151,"ba_MODIS_2013_Hansen10":59838.856696752635,"ba_MODIS_2014_Hansen10":62414.36232882486,"ba_MODIS_2015_Hansen10":126668.83768013411,"ba_MODIS_2016_Hansen10":102726.48310323064,"ba_MODIS_2017_Hansen10":30121.10135653834,"ba_MODIS_2018_Hansen10":45056.67354664413,"ba_MODIS_2019_Hansen10":131476.820799922,"ba_MODIS_2020_Hansen10":118522.58954448762,"ba_MODIS_2021_Hansen10":60552.36145245455,"ba_MODIS_2022_Hansen10":9288.747916204678}},{"type":"Feature","geometry":{"type":"MultiPoint","coordinates":[]},"properties":{"fa_agreement_esri_esa_glo_hansen10_gte_1":709484.1086548963,"fa_agreement_esri_esa_glo_hansen10_gte_2":428109.31642565783,"fa_agreement_esri_esa_glo_hansen10_gte_3":290072.5869503142,"fa_agreement_esri_esa_glo_hansen10_gte_4":178625.73875693622,"fa_agreement_esri_esa_gte_1":625091.7603990583,"fa_agreement_esri_esa_gte_2":322278.8992143108,"fa_agreement_hansen10_gte_1":886610.3297662891,"fa_agreement_hansen10_gte_2":527150.2971702296,"fa_agreement_hansen10_gte_3":410661.07406622346,"fa_agreement_hansen10_gte_4":322930.58259370824,"fa_agreement_hansen10_gte_5":242834.739858782,"fa_agreement_hansen10_gte_6":162952.32743351284,"fa_agreement_hansen10_gte_7":73905.64739484631,"fa_agreement_hansen10_gte_8":16701.087335043365,"fa_agreement_hansen30_gte_9":2440.6853828721382,"fa_agreement_hansen20_gte_1":884192.2818932941,"fa_agreement_hansen20_gte_2":522732.2593902536,"fa_agreement_hansen20_gte_3":405827.994365212,"fa_agreement_hansen20_gte_4":317034.8060927684,"fa_agreement_hansen20_gte_5":235172.21891721134,"fa_agreement_hansen20_gte_6":155297.30012007843,"fa_agreement_hansen20_gte_7":71137.63306221625,"fa_agreement_hansen20_gte_8":16316.348731959355,"fa_agreement_hansen30_gte_1":896570.8818394348,"fa_agreement_hansen30_gte_2":520054.91321353236,"fa_agreement_hansen30_gte_3":402505.342485044,"fa_agreement_hansen30_gte_4":312625.93144656933,"fa_agreement_hansen30_gte_5":229719.18900461643,"fa_agreement_hansen30_gte_6":150590.90197892595,"fa_agreement_hansen30_gte_7":69625.55413897718,"fa_agreement_hansen30_gte_8":16117.158284392171,"fa_copernicus":72054.04521527658,"fa_esa_2009":57178.468093128075,"fa_esa_2020":506375.14951015945,"fa_esri":440971.91702179285,"fa_globeland":389415.71623068326,"fa_hansen10":269225.5543923596,"fa_hansen20":231568.10986128173,"fa_hansen30":206794.7261366173,"fa_jaxa":331891.40216779785,"fa_tandemx":200149.87467066798,"fa_jrc_2020":443376.6324832328,"fra_1a_forestArea":702.72998046875,"fra_1a_landArea":15536.0,"fra_3b_protected":75.33000183105469,"iso3":"TUN","total_area_ha":1.551928842238051E7,"year":2020,"fa_copernicus_protected":4257.555958598281,"fa_esa_2009_protected":14691.936463682048,"fa_esa_2020_protected":42445.66246208515,"fa_esri_protected":36249.23707365226,"fa_globeland_protected":43148.68820280381,"fa_hansen10_protected":34509.14755225693,"fa_hansen20_protected":31934.036156006554,"fa_hansen30_protected":30272.305245722324,"fa_jaxa_protected":38029.163887947885,"fa_tandemx_protected":18089.21469412899,"fa_jrc_2020_protected":42722.98086004407,"ba_MODIS_2001":140.2232578125,"ba_MODIS_2002":2479.5727273223038,"ba_MODIS_2003":3142.7995828125,"ba_MODIS_2004":2578.014749999998,"ba_MODIS_2005":603.2922365625001,"ba_MODIS_2006":563.3953796874999,"ba_MODIS_2007":1973.3105468750002,"ba_MODIS_2008":876.4797802144606,"ba_MODIS_2009":1551.7435182107852,"ba_MODIS_2010":4639.332622273282,"ba_MODIS_2011":7589.034552763484,"ba_MODIS_2012":9452.856377518372,"ba_MODIS_2013":14271.891333897058,"ba_MODIS_2014":21620.38901742648,"ba_MODIS_2015":7349.279712830894,"ba_MODIS_2016":5945.834280024518,"ba_MODIS_2017":16929.698153486504,"ba_MODIS_2018":1068.3363312499998,"ba_MODIS_2019":6808.206448903183,"ba_MODIS_2020":19094.996656084553,"ba_MODIS_2021":25692.499074761006,"ba_MODIS_2022":0.0,"ba_MODIS_2001_Hansen10":75.2177705627444,"ba_MODIS_2002_Hansen10":832.0892360760915,"ba_MODIS_2003_Hansen10":193.06735876464865,"ba_MODIS_2004_Hansen10":4.734505883789064,"ba_MODIS_2005_Hansen10":106.91060471191415,"ba_MODIS_2006_Hansen10":92.90765585583245,"ba_MODIS_2007_Hansen10":483.6462872436469,"ba_MODIS_2008_Hansen10":283.18244383358217,"ba_MODIS_2009_Hansen10":19.48386928100586,"ba_MODIS_2010_Hansen10":997.9797950402087,"ba_MODIS_2011_Hansen10":2444.9011985480274,"ba_MODIS_2012_Hansen10":1970.459645607406,"ba_MODIS_2013_Hansen10":5114.772179432068,"ba_MODIS_2014_Hansen10":5696.810604619641,"ba_MODIS_2015_Hansen10":1947.6673174499497,"ba_MODIS_2016_Hansen10":2323.60357808623,"ba_MODIS_2017_Hansen10":4064.097680203599,"ba_MODIS_2018_Hansen10":204.48731864013655,"ba_MODIS_2019_Hansen10":1197.9435107092468,"ba_MODIS_2020_Hansen10":2515.0257856918274,"ba_MODIS_2021_Hansen10":7300.212056164283,"ba_MODIS_2022_Hansen10":0.0}},{"type":"Feature","geometry":{"type":"MultiPoint","coordinates":[]},"properties":{"fa_agreement_esri_esa_glo_hansen10_gte_1":4.486658275221019E7,"fa_agreement_esri_esa_glo_hansen10_gte_2":2.6809560548972268E7,"fa_agreement_esri_esa_glo_hansen10_gte_3":1.770558515453839E7,"fa_agreement_esri_esa_glo_hansen10_gte_4":9887657.193949632,"fa_agreement_esri_esa_gte_1":2.5376415041221846E7,"fa_agreement_esri_esa_gte_2":1.4998293380197193E7,"fa_agreement_hansen10_gte_1":4.7351311304740965E7,"fa_agreement_hansen10_gte_2":3.544757761479574E7,"fa_agreement_hansen10_gte_3":2.9128739230922278E7,"fa_agreement_hansen10_gte_4":2.4571036068992756E7,"fa_agreement_hansen10_gte_5":2.053656144446496E7,"fa_agreement_hansen10_gte_6":1.6409941416376244E7,"fa_agreement_hansen10_gte_7":1.2054767194380006E7,"fa_agreement_hansen10_gte_8":7268071.445893508,"fa_agreement_hansen30_gte_9":2290229.404614789,"fa_agreement_hansen20_gte_1":4.02877698348914E7,"fa_agreement_hansen20_gte_2":3.0836005972984854E7,"fa_agreement_hansen20_gte_3":2.5960706687799614E7,"fa_agreement_hansen20_gte_4":2.2039286107643265E7,"fa_agreement_hansen20_gte_5":1.8324492264575932E7,"fa_agreement_hansen20_gte_6":1.4464920583778666E7,"fa_agreement_hansen20_gte_7":1.0500212476246294E7,"fa_agreement_hansen20_gte_8":6443281.411266041,"fa_agreement_hansen30_gte_1":4.05347329412509E7,"fa_agreement_hansen30_gte_2":3.052600829686368E7,"fa_agreement_hansen30_gte_3":2.5502084750645738E7,"fa_agreement_hansen30_gte_4":2.1428006844904467E7,"fa_agreement_hansen30_gte_5":1.7462942275601674E7,"fa_agreement_hansen30_gte_6":1.335007584987303E7,"fa_agreement_hansen30_gte_7":9246679.049865222,"fa_agreement_hansen30_gte_8":5457338.250828313,"fa_copernicus":1.380824247215574E7,"fa_esa_2009":1.4813359970339008E7,"fa_esa_2020":1.8560164498675294E7,"fa_esri":2.1814565180376172E7,"fa_globeland":1.8606937612773605E7,"fa_hansen10":4.028177238277325E7,"fa_hansen20":1.5454395338841751E7,"fa_hansen30":9039984.42890479,"fa_jaxa":2.628979684670567E7,"fa_tandemx":2.3750094473414797E7,"fa_jrc_2020":2.290284205048709E7,"fra_1a_forestArea":21626.94921875,"fra_1a_landArea":91077.0,"fra_3b_protected":2890.699951171875,"iso3":"NGA","total_area_ha":9.140670597788888E7,"year":2020,"fa_copernicus_protected":3095027.297640339,"fa_esa_2009_protected":3468194.0363501864,"fa_esa_2020_protected":3321860.610899674,"fa_esri_protected":5013030.379127226,"fa_globeland_protected":4328125.068947862,"fa_hansen10_protected":6678353.404443081,"fa_hansen20_protected":3081107.1425328874,"fa_hansen30_protected":2104059.35819011,"fa_jaxa_protected":5348204.440622192,"fa_tandemx_protected":4620068.707463462,"fa_jrc_2020_protected":5317302.847606155,"ba_MODIS_2001":1.0315844189837502E7,"ba_MODIS_2002":9099262.486260897,"ba_MODIS_2003":1.1531249937157936E7,"ba_MODIS_2004":9839782.94355119,"ba_MODIS_2005":1.315253483287982E7,"ba_MODIS_2006":1.0046185282768829E7,"ba_MODIS_2007":9713217.937945517,"ba_MODIS_2008":8721253.672385253,"ba_MODIS_2009":6783557.468657514,"ba_MODIS_2010":7971450.829882199,"ba_MODIS_2011":6727714.01920833,"ba_MODIS_2012":5985983.459704627,"ba_MODIS_2013":5866867.421415396,"ba_MODIS_2014":5529463.598200825,"ba_MODIS_2015":6209892.466430213,"ba_MODIS_2016":8764667.469129689,"ba_MODIS_2017":6961893.678353678,"ba_MODIS_2018":5596965.129596479,"ba_MODIS_2019":6053365.559288426,"ba_MODIS_2020":7130184.514559185,"ba_MODIS_2021":7186745.174560633,"ba_MODIS_2022":6639756.08667331,"ba_MODIS_2001_Hansen10":5986820.973446616,"ba_MODIS_2002_Hansen10":5829024.1644684225,"ba_MODIS_2003_Hansen10":7217221.079214985,"ba_MODIS_2004_Hansen10":5396651.499345391,"ba_MODIS_2005_Hansen10":8973726.62677252,"ba_MODIS_2006_Hansen10":5774010.869006989,"ba_MODIS_2007_Hansen10":5627042.363013039,"ba_MODIS_2008_Hansen10":5696943.431767931,"ba_MODIS_2009_Hansen10":4048206.1834356287,"ba_MODIS_2010_Hansen10":5191164.901149234,"ba_MODIS_2011_Hansen10":4257286.476431167,"ba_MODIS_2012_Hansen10":3724460.964766635,"ba_MODIS_2013_Hansen10":3967012.40349278,"ba_MODIS_2014_Hansen10":3563651.0516379103,"ba_MODIS_2015_Hansen10":3557692.296943792,"ba_MODIS_2016_Hansen10":5050357.22134258,"ba_MODIS_2017_Hansen10":3331646.268183221,"ba_MODIS_2018_Hansen10":2415383.086441575,"ba_MODIS_2019_Hansen10":2866766.0356062795,"ba_MODIS_2020_Hansen10":3614987.81900318,"ba_MODIS_2021_Hansen10":2998212.8421702357,"ba_MODIS_2022_Hansen10":4148251.8018303458}},{"type":"Feature","geometry":{"type":"MultiPoint","coordinates":[]},"properties":{"fa_agreement_esri_esa_glo_hansen10_gte_1":1.057587674501753E8,"fa_agreement_esri_esa_glo_hansen10_gte_2":6.5819495671375744E7,"fa_agreement_esri_esa_glo_hansen10_gte_3":4.458892010206993E7,"fa_agreement_esri_esa_glo_hansen10_gte_4":2.872874728807705E7,"fa_agreement_esri_esa_gte_1":7.129938500599456E7,"fa_agreement_esri_esa_gte_2":4.056528589281279E7,"fa_agreement_hansen10_gte_1":1.0820544703906302E8,"fa_agreement_hansen10_gte_2":9.100705173724963E7,"fa_agreement_hansen10_gte_3":7.190812321305864E7,"fa_agreement_hansen10_gte_4":6.029962260784607E7,"fa_agreement_hansen10_gte_5":5.109809396533885E7,"fa_agreement_hansen10_gte_6":4.350943391764778E7,"fa_agreement_hansen10_gte_7":3.639276668692663E7,"fa_agreement_hansen10_gte_8":2.800449188755611E7,"fa_agreement_hansen30_gte_9":1.600546891050084E7,"fa_agreement_hansen20_gte_1":1.0383135724004982E8,"fa_agreement_hansen20_gte_2":8.583667687618597E7,"fa_agreement_hansen20_gte_3":6.81267068116624E7,"fa_agreement_hansen20_gte_4":5.653904074096073E7,"fa_agreement_hansen20_gte_5":4.8440075205378965E7,"fa_agreement_hansen20_gte_6":4.1878360238733955E7,"fa_agreement_hansen20_gte_7":3.547354595167937E7,"fa_agreement_hansen20_gte_8":2.7596961117386453E7,"fa_agreement_hansen30_gte_1":1.0338135561840807E8,"fa_agreement_hansen30_gte_2":8.032468260057504E7,"fa_agreement_hansen30_gte_3":6.5824240294959895E7,"fa_agreement_hansen30_gte_4":5.519084731788339E7,"fa_agreement_hansen30_gte_5":4.7212978372285746E7,"fa_agreement_hansen30_gte_6":4.072387768013255E7,"fa_agreement_hansen30_gte_7":3.445386840161591E7,"fa_agreement_hansen30_gte_8":2.685162406157512E7,"fa_copernicus":4.1875929706784084E7,"fa_esa_2009":7.001611154290771E7,"fa_esa_2020":4.382787493877262E7,"fa_esri":6.803669505915608E7,"fa_globeland":4.058483095534606E7,"fa_hansen10":9.247226248768444E7,"fa_hansen20":6.88043532897115E7,"fa_hansen30":5.2200257596288234E7,"fa_jaxa":5.1120290508807294E7,"fa_tandemx":4.25187474484693E7,"fa_jrc_2020":6.60748380336013E7,"fra_1a_forestArea":66607.3828125,"fra_1a_landArea":124670.0,"fra_3b_protected":1862.0,"iso3":"AGO","total_area_ha":1.2518750522651802E8,"year":2020,"fa_copernicus_protected":1496109.9113340261,"fa_esa_2009_protected":4525542.628165283,"fa_esa_2020_protected":2130191.5856494247,"fa_esri_protected":7033850.3352745455,"fa_globeland_protected":1978178.588454466,"fa_hansen10_protected":7093078.575988319,"fa_hansen20_protected":2463272.8592149573,"fa_hansen30_protected":1465537.944476648,"fa_jaxa_protected":2534114.680236421,"fa_tandemx_protected":3571586.845411892,"fa_jrc_2020_protected":6115287.401736216,"ba_MODIS_2001":3.1721988375134483E7,"ba_MODIS_2002":3.479694397591063E7,"ba_MODIS_2003":4.056182290632209E7,"ba_MODIS_2004":4.078877876426784E7,"ba_MODIS_2005":4.006438440038375E7,"ba_MODIS_2006":3.5867345413373254E7,"ba_MODIS_2007":3.875197828526852E7,"ba_MODIS_2008":3.626062866788712E7,"ba_MODIS_2009":3.610119405799574E7,"ba_MODIS_2010":3.8199467119334504E7,"ba_MODIS_2011":3.929240412632187E7,"ba_MODIS_2012":3.650764680048754E7,"ba_MODIS_2013":3.729567009326749E7,"ba_MODIS_2014":3.497659685124034E7,"ba_MODIS_2015":3.649253265030026E7,"ba_MODIS_2016":3.620711916390515E7,"ba_MODIS_2017":3.737688081137765E7,"ba_MODIS_2018":3.1443151841430597E7,"ba_MODIS_2019":3.678233562368253E7,"ba_MODIS_2020":3.3367180208103232E7,"ba_MODIS_2021":3.4106915201903276E7,"ba_MODIS_2022":96899.48029147073,"ba_MODIS_2001_Hansen10":2.4813828843719907E7,"ba_MODIS_2002_Hansen10":2.6941771542876136E7,"ba_MODIS_2003_Hansen10":3.1560943221985843E7,"ba_MODIS_2004_Hansen10":3.137527592513788E7,"ba_MODIS_2005_Hansen10":3.121178075019768E7,"ba_MODIS_2006_Hansen10":2.9209070109178487E7,"ba_MODIS_2007_Hansen10":3.0012980511038583E7,"ba_MODIS_2008_Hansen10":2.895003249807937E7,"ba_MODIS_2009_Hansen10":2.8885908169512663E7,"ba_MODIS_2010_Hansen10":3.0001476737133462E7,"ba_MODIS_2011_Hansen10":3.0250065746287927E7,"ba_MODIS_2012_Hansen10":2.8577414049329203E7,"ba_MODIS_2013_Hansen10":2.8983085590735067E7,"ba_MODIS_2014_Hansen10":2.732997841810615E7,"ba_MODIS_2015_Hansen10":2.8676474160278756E7,"ba_MODIS_2016_Hansen10":2.844116504623035E7,"ba_MODIS_2017_Hansen10":2.984527627013789E7,"ba_MODIS_2018_Hansen10":2.4595846407625064E7,"ba_MODIS_2019_Hansen10":3.0221847773561165E7,"ba_MODIS_2020_Hansen10":2.6442428255940463E7,"ba_MODIS_2021_Hansen10":2.7131357742656156E7,"ba_MODIS_2022_Hansen10":82358.50888230155}},{"type":"Feature","geometry":{"type":"MultiPoint","coordinates":[]},"properties":{"fa_agreement_esri_esa_glo_hansen10_gte_1":2668572.684215261,"fa_agreement_esri_esa_glo_hansen10_gte_2":2649684.9631690206,"fa_agreement_esri_esa_glo_hansen10_gte_3":2614045.9247260033,"fa_agreement_esri_esa_glo_hansen10_gte_4":2460973.2898152582,"fa_agreement_esri_esa_gte_1":2648024.1011939296,"fa_agreement_esri_esa_gte_2":2607006.400236459,"fa_agreement_hansen10_gte_1":2668392.968300287,"fa_agreement_hansen10_gte_2":2659318.568323829,"fa_agreement_hansen10_gte_3":2648751.8431097823,"fa_agreement_hansen10_gte_4":2638471.5699289534,"fa_agreement_hansen10_gte_5":2626546.4656787897,"fa_agreement_hansen10_gte_6":2605332.4589966484,"fa_agreement_hansen10_gte_7":2570840.0047529154,"fa_agreement_hansen10_gte_8":2478012.466418409,"fa_agreement_hansen30_gte_9":1891387.1126075108,"fa_agreement_hansen20_gte_1":2667861.9847773877,"fa_agreement_hansen20_gte_2":2658175.662647473,"fa_agreement_hansen20_gte_3":2648037.8837979278,"fa_agreement_hansen20_gte_4":2638037.5970645966,"fa_agreement_hansen20_gte_5":2626188.969000408,"fa_agreement_hansen20_gte_6":2605046.560087147,"fa_agreement_hansen20_gte_7":2570605.448474032,"fa_agreement_hansen20_gte_8":2477763.6483873427,"fa_agreement_hansen30_gte_1":2678146.868933689,"fa_agreement_hansen30_gte_2":2657166.7272306504,"fa_agreement_hansen30_gte_3":2647179.300869298,"fa_agreement_hansen30_gte_4":2637480.2958787507,"fa_agreement_hansen30_gte_5":2625343.014844588,"fa_agreement_hansen30_gte_6":2604526.5505240373,"fa_agreement_hansen30_gte_7":2570029.877191642,"fa_agreement_hansen30_gte_8":2476885.448750342,"fa_copernicus":2483627.8554769694,"fa_esa_2009":2206199.088990466,"fa_esa_2020":2634807.960591197,"fa_esri":2620211.2083046706,"fa_globeland":2598649.565845864,"fa_hansen10":2543344.858965365,"fa_hansen20":2538993.4666992174,"fa_hansen30":2532214.944810129,"fa_jaxa":2627309.3799562277,"fa_tandemx":2559113.7200582577,"fa_jrc_2020":2590097.6406846577,"fra_1a_forestArea":2448.419921875,"fra_1a_landArea":2805.0,"fra_3b_protected":274.0,"iso3":"GNQ","total_area_ha":2709705.646132354,"year":2020,"fa_copernicus_protected":461107.51258084085,"fa_esa_2009_protected":445868.06932551466,"fa_esa_2020_protected":503425.4731667834,"fa_esri_protected":494049.39767146367,"fa_globeland_protected":482100.19181219256,"fa_hansen10_protected":494012.21509873576,"fa_hansen20_protected":493500.6749511588,"fa_hansen30_protected":491117.0202195154,"fa_jaxa_protected":488163.2526146431,"fa_tandemx_protected":479985.9222373505,"fa_jrc_2020_protected":503966.38519697805,"ba_MODIS_2001":0.0,"ba_MODIS_2002":0.0,"ba_MODIS_2003":0.0,"ba_MODIS_2004":0.0,"ba_MODIS_2005":0.0,"ba_MODIS_2006":99.2977609375,"ba_MODIS_2007":24.82315,"ba_MODIS_2008":49.65347812500001,"ba_MODIS_2009":0.0,"ba_MODIS_2010":24.82794375,"ba_MODIS_2011":0.0,"ba_MODIS_2012":0.0,"ba_MODIS_2013":0.0,"ba_MODIS_2014":49.6451125,"ba_MODIS_2015":0.0,"ba_MODIS_2016":0.0,"ba_MODIS_2017":49.650215625,"ba_MODIS_2018":49.6185375,"ba_MODIS_2019":0.0,"ba_MODIS_2020":372.38749218750013,"ba_MODIS_2021":24.82443125,"ba_MODIS_2022":0.0,"ba_MODIS_2001_Hansen10":0.0,"ba_MODIS_2002_Hansen10":0.0,"ba_MODIS_2003_Hansen10":0.0,"ba_MODIS_2004_Hansen10":0.0,"ba_MODIS_2005_Hansen10":0.0,"ba_MODIS_2006_Hansen10":85.9717928161621,"ba_MODIS_2007_Hansen10":21.447195605468693,"ba_MODIS_2008_Hansen10":63.01115559082014,"ba_MODIS_2009_Hansen10":0.0,"ba_MODIS_2010_Hansen10":20.11062377929686,"ba_MODIS_2011_Hansen10":0.0,"ba_MODIS_2012_Hansen10":0.0,"ba_MODIS_2013_Hansen10":0.0,"ba_MODIS_2014_Hansen10":44.32313265991211,"ba_MODIS_2015_Hansen10":0.0,"ba_MODIS_2016_Hansen10":0.0,"ba_MODIS_2017_Hansen10":44.23832833862315,"ba_MODIS_2018_Hansen10":32.33808206176761,"ba_MODIS_2019_Hansen10":0.0,"ba_MODIS_2020_Hansen10":385.19774458007896,"ba_MODIS_2021_Hansen10":22.878191796875004,"ba_MODIS_2022_Hansen10":0.0}},{"type":"Feature","geometry":{"type":"MultiPoint","coordinates":[]},"properties":{"fa_agreement_esri_esa_glo_hansen10_gte_1":2.965859895242766E7,"fa_agreement_esri_esa_glo_hansen10_gte_2":1.1179074169478165E7,"fa_agreement_esri_esa_glo_hansen10_gte_3":5802262.648833961,"fa_agreement_esri_esa_glo_hansen10_gte_4":2483982.0223454814,"fa_agreement_esri_esa_gte_1":1.577930782057329E7,"fa_agreement_esri_esa_gte_2":5432976.17673147,"fa_agreement_hansen10_gte_1":3.6911429377288364E7,"fa_agreement_hansen10_gte_2":1.8044843331464283E7,"fa_agreement_hansen10_gte_3":1.2235453905380877E7,"fa_agreement_hansen10_gte_4":8798171.916259458,"fa_agreement_hansen10_gte_5":6278708.515493309,"fa_agreement_hansen10_gte_6":4341859.25595222,"fa_agreement_hansen10_gte_7":2748184.0319324355,"fa_agreement_hansen10_gte_8":1377175.436677302,"fa_agreement_hansen30_gte_9":407076.10687477526,"fa_agreement_hansen20_gte_1":3.0410004641202237E7,"fa_agreement_hansen20_gte_2":1.5545419212536369E7,"fa_agreement_hansen20_gte_3":1.0701621562424514E7,"fa_agreement_hansen20_gte_4":7759570.283306706,"fa_agreement_hansen20_gte_5":5736087.218981181,"fa_agreement_hansen20_gte_6":4119479.6445974903,"fa_agreement_hansen20_gte_7":2682715.3042088584,"fa_agreement_hansen20_gte_8":1363682.5414864162,"fa_agreement_hansen30_gte_1":2.948458440354051E7,"fa_agreement_hansen30_gte_2":1.4905396041387517E7,"fa_agreement_hansen30_gte_3":1.0152545981912551E7,"fa_agreement_hansen30_gte_4":7267259.76338902,"fa_agreement_hansen30_gte_5":5317421.541965108,"fa_agreement_hansen30_gte_6":3823020.029402369,"fa_agreement_hansen30_gte_7":2538398.10017999,"fa_agreement_hansen30_gte_8":1320960.845274755,"fa_copernicus":3484067.8927787077,"fa_esa_2009":1.6056341837013688E7,"fa_esa_2020":7529422.944707113,"fa_esri":1.368292182384154E7,"fa_globeland":7184954.1331571825,"fa_hansen10":2.0752640828146435E7,"fa_hansen20":7901333.298705665,"fa_hansen30":4630709.182677696,"fa_jaxa":7724111.1132177375,"fa_tandemx":4224655.964277925,"fa_jrc_2020":1.2899887941923967E7,"fra_1a_forestArea":17050.08984375,"fra_1a_landArea":121309.0,"fra_3b_protected":225.0,"iso3":"ZAF","total_area_ha":1.2216627877373406E8,"year":2020,"fa_copernicus_protected":391598.74258894194,"fa_esa_2009_protected":2761009.310345348,"fa_esa_2020_protected":885812.2889489521,"fa_esri_protected":2232759.391228578,"fa_globeland_protected":1170544.179798395,"fa_hansen10_protected":3441104.9201259403,"fa_hansen20_protected":1282311.7734101012,"fa_hansen30_protected":810713.5626480032,"fa_jaxa_protected":1091471.5549408356,"fa_tandemx_protected":835609.0926352508,"fa_jrc_2020_protected":2063650.9783378192,"ba_MODIS_2001":4453413.6293785935,"ba_MODIS_2002":5261004.6078217225,"ba_MODIS_2003":3760822.138533963,"ba_MODIS_2004":3147987.9533527764,"ba_MODIS_2005":5144481.547293648,"ba_MODIS_2006":3831214.767413794,"ba_MODIS_2007":4102505.7117623985,"ba_MODIS_2008":4172777.4983003256,"ba_MODIS_2009":4143154.2127794465,"ba_MODIS_2010":4607819.0742939655,"ba_MODIS_2011":4468768.801789355,"ba_MODIS_2012":4048868.2042578687,"ba_MODIS_2013":3845938.961525961,"ba_MODIS_2014":3894622.552444591,"ba_MODIS_2015":2761622.799135142,"ba_MODIS_2016":1624399.066334568,"ba_MODIS_2017":3084820.1533883344,"ba_MODIS_2018":3180275.304799858,"ba_MODIS_2019":2842402.8953884733,"ba_MODIS_2020":3032510.594197934,"ba_MODIS_2021":5165714.654976573,"ba_MODIS_2022":120052.99749286765,"ba_MODIS_2001_Hansen10":1799922.0244770197,"ba_MODIS_2002_Hansen10":2027076.2014038633,"ba_MODIS_2003_Hansen10":1443426.3983396238,"ba_MODIS_2004_Hansen10":1373867.2688426797,"ba_MODIS_2005_Hansen10":2260056.225408647,"ba_MODIS_2006_Hansen10":1527316.5518889364,"ba_MODIS_2007_Hansen10":2101158.7129769004,"ba_MODIS_2008_Hansen10":1772882.347337382,"ba_MODIS_2009_Hansen10":1739595.2969999034,"ba_MODIS_2010_Hansen10":1868948.25519297,"ba_MODIS_2011_Hansen10":1605935.4830804274,"ba_MODIS_2012_Hansen10":1625216.9235260047,"ba_MODIS_2013_Hansen10":1793243.8284857075,"ba_MODIS_2014_Hansen10":1774382.5091788834,"ba_MODIS_2015_Hansen10":1051448.4129548871,"ba_MODIS_2016_Hansen10":667195.5219311141,"ba_MODIS_2017_Hansen10":1129145.2672214725,"ba_MODIS_2018_Hansen10":1238933.2571054036,"ba_MODIS_2019_Hansen10":1364965.6954500107,"ba_MODIS_2020_Hansen10":1206222.6069601073,"ba_MODIS_2021_Hansen10":1577781.9013109785,"ba_MODIS_2022_Hansen10":25828.53523881181}},{"type":"Feature","geometry":{"type":"MultiPoint","coordinates":[]},"properties":{"fa_agreement_esri_esa_glo_hansen10_gte_1":7186966.658096918,"fa_agreement_esri_esa_glo_hansen10_gte_2":3107601.799958274,"fa_agreement_esri_esa_glo_hansen10_gte_3":1598887.8003751505,"fa_agreement_esri_esa_glo_hansen10_gte_4":893902.6643545633,"fa_agreement_esri_esa_gte_1":2211958.4798181937,"fa_agreement_esri_esa_gte_2":1131760.8520854034,"fa_agreement_hansen10_gte_1":7250719.293649047,"fa_agreement_hansen10_gte_2":4549010.084154278,"fa_agreement_hansen10_gte_3":3244514.471732748,"fa_agreement_hansen10_gte_4":2525681.122922853,"fa_agreement_hansen10_gte_5":1991009.9242692788,"fa_agreement_hansen10_gte_6":1544090.1988560404,"fa_agreement_hansen10_gte_7":1165934.6834807768,"fa_agreement_hansen10_gte_8":792219.9212494569,"fa_agreement_hansen30_gte_9":309416.59076859505,"fa_agreement_hansen20_gte_1":5054340.51017022,"fa_agreement_hansen20_gte_2":3651290.9243449713,"fa_agreement_hansen20_gte_3":2902658.9836011305,"fa_agreement_hansen20_gte_4":2351262.960345202,"fa_agreement_hansen20_gte_5":1881691.0852512375,"fa_agreement_hansen20_gte_6":1482313.2487613044,"fa_agreement_hansen20_gte_7":1133089.5067588305,"fa_agreement_hansen20_gte_8":779240.4722704462,"fa_agreement_hansen30_gte_1":4808285.226615318,"fa_agreement_hansen30_gte_2":3376484.5955005456,"fa_agreement_hansen30_gte_3":2658991.8061118852,"fa_agreement_hansen30_gte_4":2147082.991277473,"fa_agreement_hansen30_gte_5":1710003.1766984449,"fa_agreement_hansen30_gte_6":1341534.4811214146,"fa_agreement_hansen30_gte_7":1007741.7466800691,"fa_agreement_hansen30_gte_8":663081.4881750111,"fa_copernicus":1041355.2429277356,"fa_esa_2009":3349930.129023447,"fa_esa_2020":1627542.3359287884,"fa_esri":1716085.7594609302,"fa_globeland":2602964.789954938,"fa_hansen10":6844907.422353488,"fa_hansen20":2916465.216285447,"fa_hansen30":1333274.811195864,"fa_jaxa":1928997.4145014079,"fa_tandemx":2025618.925495891,"fa_jrc_2020":2855657.977676273,"fra_1a_forestArea":2241.699951171875,"fra_1a_landArea":9428.0,"fra_3b_protected":757.9000244140625,"iso3":"MWI","total_area_ha":1.1891938292484337E7,"year":2020,"fa_copernicus_protected":570988.2383709749,"fa_esa_2009_protected":1372617.6760015737,"fa_esa_2020_protected":756518.4779666425,"fa_esri_protected":927580.9394708104,"fa_globeland_protected":1039100.3627528349,"fa_hansen10_protected":1569794.3252250457,"fa_hansen20_protected":1143448.7880148534,"fa_hansen30_protected":609049.9469705172,"fa_jaxa_protected":968223.7784748974,"fa_tandemx_protected":894260.1817550443,"fa_jrc_2020_protected":1215301.0604660073,"ba_MODIS_2001":422786.5774918,"ba_MODIS_2002":524715.4063638562,"ba_MODIS_2003":687670.2983296165,"ba_MODIS_2004":469561.609256351,"ba_MODIS_2005":653223.0675184152,"ba_MODIS_2006":466651.46723322227,"ba_MODIS_2007":563790.4261113389,"ba_MODIS_2008":571083.4396952358,"ba_MODIS_2009":394046.1068356603,"ba_MODIS_2010":688032.9206828319,"ba_MODIS_2011":537380.2811562028,"ba_MODIS_2012":642510.6227295953,"ba_MODIS_2013":501430.5537977519,"ba_MODIS_2014":457800.6286327103,"ba_MODIS_2015":501111.82269600837,"ba_MODIS_2016":581600.0688391724,"ba_MODIS_2017":412404.98378535744,"ba_MODIS_2018":549784.3785304993,"ba_MODIS_2019":426615.32118140056,"ba_MODIS_2020":462584.64795047743,"ba_MODIS_2021":383221.8474239203,"ba_MODIS_2022":9083.168939920368,"ba_MODIS_2001_Hansen10":400447.006797324,"ba_MODIS_2002_Hansen10":491262.54440124345,"ba_MODIS_2003_Hansen10":650583.7389056067,"ba_MODIS_2004_Hansen10":442273.55143396347,"ba_MODIS_2005_Hansen10":612960.0011569025,"ba_MODIS_2006_Hansen10":432741.18351807544,"ba_MODIS_2007_Hansen10":526423.1554350222,"ba_MODIS_2008_Hansen10":529765.0035783292,"ba_MODIS_2009_Hansen10":367529.70777947013,"ba_MODIS_2010_Hansen10":634407.2272354502,"ba_MODIS_2011_Hansen10":490976.8850056348,"ba_MODIS_2012_Hansen10":589206.6816124151,"ba_MODIS_2013_Hansen10":458541.9862412216,"ba_MODIS_2014_Hansen10":420585.2634685086,"ba_MODIS_2015_Hansen10":458931.7357682388,"ba_MODIS_2016_Hansen10":528786.653129185,"ba_MODIS_2017_Hansen10":372882.1645397881,"ba_MODIS_2018_Hansen10":498874.25320950104,"ba_MODIS_2019_Hansen10":385494.1171400732,"ba_MODIS_2020_Hansen10":419237.1540932532,"ba_MODIS_2021_Hansen10":336009.994871358,"ba_MODIS_2022_Hansen10":8135.493499322626}},{"type":"Feature","geometry":{"type":"MultiPoint","coordinates":[]},"properties":{"fa_agreement_esri_esa_glo_hansen10_gte_1":3.1006947005297463E7,"fa_agreement_esri_esa_glo_hansen10_gte_2":2.65076356878307E7,"fa_agreement_esri_esa_glo_hansen10_gte_3":2.020383352035197E7,"fa_agreement_esri_esa_glo_hansen10_gte_4":1.2635085136950374E7,"fa_agreement_esri_esa_gte_1":2.3034236075290944E7,"fa_agreement_esri_esa_gte_2":1.6618560669479985E7,"fa_agreement_hansen10_gte_1":3.0444819202253133E7,"fa_agreement_hansen10_gte_2":2.925008469620446E7,"fa_agreement_hansen10_gte_3":2.7208202304427147E7,"fa_agreement_hansen10_gte_4":2.4402676514350902E7,"fa_agreement_hansen10_gte_5":2.0452730123031024E7,"fa_agreement_hansen10_gte_6":1.517372070001255E7,"fa_agreement_hansen10_gte_7":9587505.791694574,"fa_agreement_hansen10_gte_8":5240801.404098792,"fa_agreement_hansen30_gte_9":1581370.0757270155,"fa_agreement_hansen20_gte_1":2.9837727561159488E7,"fa_agreement_hansen20_gte_2":2.8082306922679592E7,"fa_agreement_hansen20_gte_3":2.5758720634508323E7,"fa_agreement_hansen20_gte_4":2.288782601098073E7,"fa_agreement_hansen20_gte_5":1.909107011725057E7,"fa_agreement_hansen20_gte_6":1.4111042687320286E7,"fa_agreement_hansen20_gte_7":8887689.096282927,"fa_agreement_hansen20_gte_8":4860211.812382077,"fa_agreement_hansen30_gte_1":3.0767306875938833E7,"fa_agreement_hansen30_gte_2":2.7797362527834274E7,"fa_agreement_hansen30_gte_3":2.5273907644310016E7,"fa_agreement_hansen30_gte_4":2.2084971101836E7,"fa_agreement_hansen30_gte_5":1.7970627838325594E7,"fa_agreement_hansen30_gte_6":1.3026995412261587E7,"fa_agreement_hansen30_gte_7":8016021.252717277,"fa_agreement_hansen30_gte_8":4171574.3063908406,"fa_copernicus":9939507.915805519,"fa_esa_2009":1.2034490834628247E7,"fa_esa_2020":1.8452865702421762E7,"fa_esri":2.1199970331760254E7,"fa_globeland":2.416528106472752E7,"fa_hansen10":2.648390674031752E7,"fa_hansen20":1.774063910343184E7,"fa_hansen30":1.1685072139677802E7,"fa_jaxa":2.551982313349405E7,"fa_tandemx":1.896450922808687E7,"fa_jrc_2020":1.263949387108718E7,"fra_1a_forestArea":2836.7099609375,"fra_1a_landArea":31800.0,"fra_3b_protected":1301.510009765625,"iso3":"CIV","total_area_ha":3.230586499097715E7,"year":2020,"fa_copernicus_protected":2546908.0842951857,"fa_esa_2009_protected":3366670.585966655,"fa_esa_2020_protected":4483422.376207022,"fa_esri_protected":5362916.133617543,"fa_globeland_protected":5872240.168375727,"fa_hansen10_protected":6022953.909841044,"fa_hansen20_protected":4319628.565322245,"fa_hansen30_protected":3216785.6462077447,"fa_jaxa_protected":6030360.9347082395,"fa_tandemx_protected":4916868.551213942,"fa_jrc_2020_protected":3753638.3309097956,"ba_MODIS_2001":3247446.480998176,"ba_MODIS_2002":3956891.3479526984,"ba_MODIS_2003":3713227.833987923,"ba_MODIS_2004":1975259.3134946984,"ba_MODIS_2005":3864741.0250248327,"ba_MODIS_2006":3414510.423582818,"ba_MODIS_2007":3458628.3455757797,"ba_MODIS_2008":2776997.8335936433,"ba_MODIS_2009":2425834.338548498,"ba_MODIS_2010":2257040.7058507903,"ba_MODIS_2011":2579548.732690093,"ba_MODIS_2012":2314468.7755335066,"ba_MODIS_2013":2640183.02748617,"ba_MODIS_2014":1458166.0570357982,"ba_MODIS_2015":1649251.4892607045,"ba_MODIS_2016":2876171.2174259736,"ba_MODIS_2017":1645310.2036148105,"ba_MODIS_2018":1464204.9156499677,"ba_MODIS_2019":1098215.957799599,"ba_MODIS_2020":1521698.3875470778,"ba_MODIS_2021":1173892.866729921,"ba_MODIS_2022":948956.3241501029,"ba_MODIS_2001_Hansen10":3166412.3611603174,"ba_MODIS_2002_Hansen10":3863173.0359020797,"ba_MODIS_2003_Hansen10":3629179.6188236503,"ba_MODIS_2004_Hansen10":1914120.781764306,"ba_MODIS_2005_Hansen10":3755364.7282596934,"ba_MODIS_2006_Hansen10":3318178.6134252907,"ba_MODIS_2007_Hansen10":3360027.6067496277,"ba_MODIS_2008_Hansen10":2680040.31937513,"ba_MODIS_2009_Hansen10":2342022.3851716644,"ba_MODIS_2010_Hansen10":2163349.2251583203,"ba_MODIS_2011_Hansen10":2480247.52842872,"ba_MODIS_2012_Hansen10":2224661.7453162386,"ba_MODIS_2013_Hansen10":2551941.4472667333,"ba_MODIS_2014_Hansen10":1405123.9006679514,"ba_MODIS_2015_Hansen10":1588703.824639399,"ba_MODIS_2016_Hansen10":2720755.994680275,"ba_MODIS_2017_Hansen10":1578127.4120655875,"ba_MODIS_2018_Hansen10":1402498.6632306569,"ba_MODIS_2019_Hansen10":1052492.4002425687,"ba_MODIS_2020_Hansen10":1429043.97828918,"ba_MODIS_2021_Hansen10":1130501.0640803445,"ba_MODIS_2022_Hansen10":897199.0543040067}},{"type":"Feature","geometry":{"type":"MultiPoint","coordinates":[]},"properties":{"fa_agreement_esri_esa_glo_hansen10_gte_1":7.155707563564688E7,"fa_agreement_esri_esa_glo_hansen10_gte_2":4.993197071505431E7,"fa_agreement_esri_esa_glo_hansen10_gte_3":2.840046016417852E7,"fa_agreement_esri_esa_glo_hansen10_gte_4":1.3724410126950007E7,"fa_agreement_esri_esa_gte_1":3.984645390751564E7,"fa_agreement_esri_esa_gte_2":2.0081363661540397E7,"fa_agreement_hansen10_gte_1":7.15499748004409E7,"fa_agreement_hansen10_gte_2":6.332384942208097E7,"fa_agreement_hansen10_gte_3":5.381075545584321E7,"fa_agreement_hansen10_gte_4":4.5376076535997525E7,"fa_agreement_hansen10_gte_5":3.721357946102861E7,"fa_agreement_hansen10_gte_6":2.8943995584990337E7,"fa_agreement_hansen10_gte_7":2.102792618654409E7,"fa_agreement_hansen10_gte_8":1.3763546285906099E7,"fa_agreement_hansen30_gte_9":6453774.332851004,"fa_agreement_hansen20_gte_1":6.718987424402682E7,"fa_agreement_hansen20_gte_2":5.8314703569734134E7,"fa_agreement_hansen20_gte_3":4.989725011412386E7,"fa_agreement_hansen20_gte_4":4.195428079971201E7,"fa_agreement_hansen20_gte_5":3.435921201611805E7,"fa_agreement_hansen20_gte_6":2.7033848837678526E7,"fa_agreement_hansen20_gte_7":2.012389414240262E7,"fa_agreement_hansen20_gte_8":1.3495620605631376E7,"fa_agreement_hansen30_gte_1":6.73111798278799E7,"fa_agreement_hansen30_gte_2":5.616635576221949E7,"fa_agreement_hansen30_gte_3":4.769111720170556E7,"fa_agreement_hansen30_gte_4":3.9617948696508266E7,"fa_agreement_hansen30_gte_5":3.1763231387790155E7,"fa_agreement_hansen30_gte_6":2.444799838112522E7,"fa_agreement_hansen30_gte_7":1.801924647849193E7,"fa_agreement_hansen30_gte_8":1.2230599784765158E7,"fa_copernicus":2.1704210338836808E7,"fa_esa_2009":4.769010921971686E7,"fa_esa_2020":2.7421275975330304E7,"fa_esri":3.2506376211046822E7,"fa_globeland":3.722611249672463E7,"fa_hansen10":6.6484453032509156E7,"fa_hansen20":4.271760710762838E7,"fa_hansen30":2.543711008164355E7,"fa_jaxa":3.438090842282432E7,"fa_tandemx":3.551868081600821E7,"fa_jrc_2020":4.69330886681028E7,"fra_1a_forestArea":36743.76171875,"fra_1a_landArea":78638.0,"fra_3b_protected":15228.16015625,"iso3":"MOZ","total_area_ha":7.894928481620643E7,"year":2020,"fa_copernicus_protected":1961725.692682106,"fa_esa_2009_protected":4297036.40267182,"fa_esa_2020_protected":2668239.3462477173,"fa_esri_protected":3403392.434364818,"fa_globeland_protected":2678996.0951110325,"fa_hansen10_protected":5733233.771620445,"fa_hansen20_protected":3839603.5021917475,"fa_hansen30_protected":2727996.406846923,"fa_jaxa_protected":2869892.4746062984,"fa_tandemx_protected":2792024.6076540193,"fa_jrc_2020_protected":3952683.325934488,"ba_MODIS_2001":1.9339552133739457E7,"ba_MODIS_2002":1.9208778570850123E7,"ba_MODIS_2003":2.0598369827290457E7,"ba_MODIS_2004":1.9343836936958138E7,"ba_MODIS_2005":2.09525473839507E7,"ba_MODIS_2006":1.982603321577137E7,"ba_MODIS_2007":2.0815964050010778E7,"ba_MODIS_2008":2.2332273554610174E7,"ba_MODIS_2009":1.9694818260420285E7,"ba_MODIS_2010":2.281167700170788E7,"ba_MODIS_2011":1.959171441436193E7,"ba_MODIS_2012":2.0356349649256162E7,"ba_MODIS_2013":2.1088569851686537E7,"ba_MODIS_2014":2.077309953462182E7,"ba_MODIS_2015":2.0269353430263687E7,"ba_MODIS_2016":1.8376125043152507E7,"ba_MODIS_2017":1.771113474481632E7,"ba_MODIS_2018":1.9735276344305262E7,"ba_MODIS_2019":1.847936671029055E7,"ba_MODIS_2020":1.7514055498059295E7,"ba_MODIS_2021":1.8065608841746446E7,"ba_MODIS_2022":73611.27404090697,"ba_MODIS_2001_Hansen10":1.8201528459108327E7,"ba_MODIS_2002_Hansen10":1.8087395298843678E7,"ba_MODIS_2003_Hansen10":1.9680306522905216E7,"ba_MODIS_2004_Hansen10":1.8229595897438575E7,"ba_MODIS_2005_Hansen10":1.9849626810988218E7,"ba_MODIS_2006_Hansen10":1.8783370035690084E7,"ba_MODIS_2007_Hansen10":1.967441784777438E7,"ba_MODIS_2008_Hansen10":2.10391556006559E7,"ba_MODIS_2009_Hansen10":1.8480889061271034E7,"ba_MODIS_2010_Hansen10":2.123302875657072E7,"ba_MODIS_2011_Hansen10":1.819824672523496E7,"ba_MODIS_2012_Hansen10":1.901953181689639E7,"ba_MODIS_2013_Hansen10":1.9605858682241607E7,"ba_MODIS_2014_Hansen10":1.8946285410155863E7,"ba_MODIS_2015_Hansen10":1.8568786662139025E7,"ba_MODIS_2016_Hansen10":1.7015547111131903E7,"ba_MODIS_2017_Hansen10":1.6120298143679427E7,"ba_MODIS_2018_Hansen10":1.783823428936111E7,"ba_MODIS_2019_Hansen10":1.6621982261222558E7,"ba_MODIS_2020_Hansen10":1.5764931395926485E7,"ba_MODIS_2021_Hansen10":1.5998110476478463E7,"ba_MODIS_2022_Hansen10":54274.02292779619}},{"type":"Feature","geometry":{"type":"MultiPoint","coordinates":[]},"properties":{"fa_agreement_esri_esa_glo_hansen10_gte_1":1.8265886711818404E7,"fa_agreement_esri_esa_glo_hansen10_gte_2":7561368.2778065875,"fa_agreement_esri_esa_glo_hansen10_gte_3":2975785.982781366,"fa_agreement_esri_esa_glo_hansen10_gte_4":981511.9805260662,"fa_agreement_esri_esa_gte_1":7083380.207524827,"fa_agreement_esri_esa_gte_2":2298973.54676197,"fa_agreement_hansen10_gte_1":1.829036396893613E7,"fa_agreement_hansen10_gte_2":1.0186530076367907E7,"fa_agreement_hansen10_gte_3":5870063.095199086,"fa_agreement_hansen10_gte_4":3481277.113810051,"fa_agreement_hansen10_gte_5":2242047.891813222,"fa_agreement_hansen10_gte_6":1552833.4159523735,"fa_agreement_hansen10_gte_7":1096687.7454591014,"fa_agreement_hansen10_gte_8":720380.7965709907,"fa_agreement_hansen30_gte_9":360767.88123568706,"fa_agreement_hansen20_gte_1":1.441942507610461E7,"fa_agreement_hansen20_gte_2":9148828.697341727,"fa_agreement_hansen20_gte_3":5526938.75645444,"fa_agreement_hansen20_gte_4":3355504.819910028,"fa_agreement_hansen20_gte_5":2186970.569462941,"fa_agreement_hansen20_gte_6":1529264.0012347805,"fa_agreement_hansen20_gte_7":1088882.4116189508,"fa_agreement_hansen20_gte_8":718751.9919668874,"fa_agreement_hansen30_gte_1":1.2194553859798722E7,"fa_agreement_hansen30_gte_2":7722953.335896051,"fa_agreement_hansen30_gte_3":4874491.524408938,"fa_agreement_hansen30_gte_4":3103661.9961853535,"fa_agreement_hansen30_gte_5":2080505.2242807888,"fa_agreement_hansen30_gte_6":1481072.8273503531,"fa_agreement_hansen30_gte_7":1068610.3333892056,"fa_agreement_hansen30_gte_8":713050.3229718115,"fa_copernicus":1499012.8745954265,"fa_esa_2009":2900937.9179208577,"fa_esa_2020":3633628.8280440182,"fa_esri":5748779.153301645,"fa_globeland":3075705.1793655767,"fa_hansen10":1.733850888626465E7,"fa_hansen20":1.1819212305456216E7,"fa_hansen30":6864241.210660369,"fa_jaxa":5129830.8717263965,"fa_tandemx":2456865.9115659175,"fa_jrc_2020":2947637.5328803966,"fra_1a_forestArea":2337.89990234375,"fra_1a_landArea":20052.0,"fra_3b_protected":null,"iso3":"UGA","total_area_ha":2.425748600420532E7,"year":2020,"fa_copernicus_protected":957698.6843079595,"fa_esa_2009_protected":914921.394611586,"fa_esa_2020_protected":1124324.7286318773,"fa_esri_protected":1725300.8506832768,"fa_globeland_protected":1129990.170382292,"fa_hansen10_protected":2415744.5998045066,"fa_hansen20_protected":1897123.9707387227,"fa_hansen30_protected":1439976.1189618914,"fa_jaxa_protected":1595625.8818125124,"fa_tandemx_protected":1005979.9674192495,"fa_jrc_2020_protected":1477442.8167309863,"ba_MODIS_2001":2611264.337498184,"ba_MODIS_2002":2562096.9526447947,"ba_MODIS_2003":3905969.6255830247,"ba_MODIS_2004":3034519.333594809,"ba_MODIS_2005":4702878.028946539,"ba_MODIS_2006":1012809.7211504367,"ba_MODIS_2007":3495654.015471797,"ba_MODIS_2008":3046286.6448191702,"ba_MODIS_2009":1803978.8275401304,"ba_MODIS_2010":3077905.3531880635,"ba_MODIS_2011":1721130.0589466407,"ba_MODIS_2012":3139254.946345974,"ba_MODIS_2013":2344166.6940137665,"ba_MODIS_2014":2051244.718433616,"ba_MODIS_2015":2282279.1393549135,"ba_MODIS_2016":2931193.190909787,"ba_MODIS_2017":2355858.152416441,"ba_MODIS_2018":2026396.1403923845,"ba_MODIS_2019":996309.0971955445,"ba_MODIS_2020":2086563.1055938639,"ba_MODIS_2021":2374268.776196305,"ba_MODIS_2022":955575.1593868316,"ba_MODIS_2001_Hansen10":2269373.0684441715,"ba_MODIS_2002_Hansen10":2299427.773621017,"ba_MODIS_2003_Hansen10":3466470.573965692,"ba_MODIS_2004_Hansen10":2815040.9083750527,"ba_MODIS_2005_Hansen10":4206186.425256715,"ba_MODIS_2006_Hansen10":881164.9986076142,"ba_MODIS_2007_Hansen10":2850691.399490588,"ba_MODIS_2008_Hansen10":2587211.42358244,"ba_MODIS_2009_Hansen10":1547650.823156453,"ba_MODIS_2010_Hansen10":2416970.666627699,"ba_MODIS_2011_Hansen10":1383319.5353918858,"ba_MODIS_2012_Hansen10":2375451.442177076,"ba_MODIS_2013_Hansen10":1902429.87826308,"ba_MODIS_2014_Hansen10":1685347.2874409172,"ba_MODIS_2015_Hansen10":1870873.9279005048,"ba_MODIS_2016_Hansen10":2552118.610890362,"ba_MODIS_2017_Hansen10":2040035.684862818,"ba_MODIS_2018_Hansen10":1540336.9934799508,"ba_MODIS_2019_Hansen10":898145.5285857253,"ba_MODIS_2020_Hansen10":1383854.2702353226,"ba_MODIS_2021_Hansen10":1737258.8984287232,"ba_MODIS_2022_Hansen10":862033.5979276862}},{"type":"Feature","geometry":{"type":"MultiPoint","coordinates":[]},"properties":{"fa_agreement_esri_esa_glo_hansen10_gte_1":2.572253686474484E7,"fa_agreement_esri_esa_glo_hansen10_gte_2":2.4377407971292775E7,"fa_agreement_esri_esa_glo_hansen10_gte_3":2.394011019626709E7,"fa_agreement_esri_esa_glo_hansen10_gte_4":2.2571212232177068E7,"fa_agreement_esri_esa_gte_1":2.4283019953083053E7,"fa_agreement_esri_esa_gte_2":2.355848460369248E7,"fa_agreement_hansen10_gte_1":2.5712938440196462E7,"fa_agreement_hansen10_gte_2":2.4729284764662333E7,"fa_agreement_hansen10_gte_3":2.433807487697536E7,"fa_agreement_hansen10_gte_4":2.414777770904091E7,"fa_agreement_hansen10_gte_5":2.3999301156666394E7,"fa_agreement_hansen10_gte_6":2.37894437882023E7,"fa_agreement_hansen10_gte_7":2.3472213663274348E7,"fa_agreement_hansen10_gte_8":2.2687911342003614E7,"fa_agreement_hansen30_gte_9":1.868889245695415E7,"fa_agreement_hansen20_gte_1":2.520102536467811E7,"fa_agreement_hansen20_gte_2":2.462696177924842E7,"fa_agreement_hansen20_gte_3":2.4314092552030623E7,"fa_agreement_hansen20_gte_4":2.4140130976761475E7,"fa_agreement_hansen20_gte_5":2.399367383374159E7,"fa_agreement_hansen20_gte_6":2.3785998599892586E7,"fa_agreement_hansen20_gte_7":2.347017909215604E7,"fa_agreement_hansen20_gte_8":2.2686676560607594E7,"fa_agreement_hansen30_gte_1":2.5031334062110987E7,"fa_agreement_hansen30_gte_2":2.448923458324949E7,"fa_agreement_hansen30_gte_3":2.426462119381243E7,"fa_agreement_hansen30_gte_4":2.4120069593617417E7,"fa_agreement_hansen30_gte_5":2.397019254188008E7,"fa_agreement_hansen30_gte_6":2.37740037116763E7,"fa_agreement_hansen30_gte_7":2.3462731683275666E7,"fa_agreement_hansen30_gte_8":2.268214862101967E7,"fa_copernicus":2.227276545454491E7,"fa_esa_2009":2.1846332272048052E7,"fa_esa_2020":2.4120721959766276E7,"fa_esri":2.3720852558214232E7,"fa_globeland":2.361390769294418E7,"fa_hansen10":2.528309115572786E7,"fa_hansen20":2.4615823944606315E7,"fa_hansen30":2.409317909392605E7,"fa_jaxa":2.4209353197391167E7,"fa_tandemx":2.318926369879133E7,"fa_jrc_2020":2.4024325666974954E7,"fra_1a_forestArea":23530.599609375,"fra_1a_landArea":25767.0,"fra_3b_protected":3400.0,"iso3":"GAB","total_area_ha":2.6419864240392886E7,"year":2020,"fa_copernicus_protected":4504345.740030401,"fa_esa_2009_protected":4684976.7144346405,"fa_esa_2020_protected":4951270.07703747,"fa_esri_protected":4869421.869325053,"fa_globeland_protected":4860439.863280755,"fa_hansen10_protected":5267313.668991599,"fa_hansen20_protected":5108787.220863348,"fa_hansen30_protected":4975803.17055668,"fa_jaxa_protected":5001655.483066277,"fa_tandemx_protected":4674471.279063562,"fa_jrc_2020_protected":4969927.379535475,"ba_MODIS_2001":147698.47521768982,"ba_MODIS_2002":230289.76622730665,"ba_MODIS_2003":293464.25138089154,"ba_MODIS_2004":426071.1599357118,"ba_MODIS_2005":308587.83168738266,"ba_MODIS_2006":405567.56236320897,"ba_MODIS_2007":381408.8438738888,"ba_MODIS_2008":461458.1673231578,"ba_MODIS_2009":331860.9451253598,"ba_MODIS_2010":369303.2572932672,"ba_MODIS_2011":482722.07752942323,"ba_MODIS_2012":451226.08910475584,"ba_MODIS_2013":488895.1779281149,"ba_MODIS_2014":349138.0880251866,"ba_MODIS_2015":365375.64598427626,"ba_MODIS_2016":423745.6531642514,"ba_MODIS_2017":463774.99143358023,"ba_MODIS_2018":327200.43345656025,"ba_MODIS_2019":448372.4323592677,"ba_MODIS_2020":379813.2687806972,"ba_MODIS_2021":288443.30166428036,"ba_MODIS_2022":65389.09165718763,"ba_MODIS_2001_Hansen10":136010.69325300067,"ba_MODIS_2002_Hansen10":212867.61872658087,"ba_MODIS_2003_Hansen10":255830.799007,"ba_MODIS_2004_Hansen10":377453.8524396253,"ba_MODIS_2005_Hansen10":273453.8609008913,"ba_MODIS_2006_Hansen10":348699.26748935704,"ba_MODIS_2007_Hansen10":323854.2043267813,"ba_MODIS_2008_Hansen10":407450.19555984024,"ba_MODIS_2009_Hansen10":283435.1423485566,"ba_MODIS_2010_Hansen10":318554.3737779384,"ba_MODIS_2011_Hansen10":433834.8429410261,"ba_MODIS_2012_Hansen10":392368.1962497751,"ba_MODIS_2013_Hansen10":422756.70739985025,"ba_MODIS_2014_Hansen10":301405.92492287565,"ba_MODIS_2015_Hansen10":323534.8089286724,"ba_MODIS_2016_Hansen10":366578.89132580685,"ba_MODIS_2017_Hansen10":396423.31843553396,"ba_MODIS_2018_Hansen10":279209.5947271092,"ba_MODIS_2019_Hansen10":390585.2791458968,"ba_MODIS_2020_Hansen10":321023.4440207208,"ba_MODIS_2021_Hansen10":248538.40258676832,"ba_MODIS_2022_Hansen10":43798.270351562576}},{"type":"Feature","geometry":{"type":"MultiPoint","coordinates":[]},"properties":{"fa_agreement_esri_esa_glo_hansen10_gte_1":2097514.6789637855,"fa_agreement_esri_esa_glo_hansen10_gte_2":760762.0537306459,"fa_agreement_esri_esa_glo_hansen10_gte_3":329095.8771031553,"fa_agreement_esri_esa_glo_hansen10_gte_4":157427.70613261627,"fa_agreement_esri_esa_gte_1":621020.9640914289,"fa_agreement_esri_esa_gte_2":266446.06808798824,"fa_agreement_hansen10_gte_1":2136367.6363988845,"fa_agreement_hansen10_gte_2":1182914.4106465667,"fa_agreement_hansen10_gte_3":689206.0762010235,"fa_agreement_hansen10_gte_4":425196.3195959909,"fa_agreement_hansen10_gte_5":278693.54217187513,"fa_agreement_hansen10_gte_6":197555.78863335346,"fa_agreement_hansen10_gte_7":150138.85560748997,"fa_agreement_hansen10_gte_8":117711.62871433701,"fa_agreement_hansen30_gte_9":74242.3088836473,"fa_agreement_hansen20_gte_1":1490913.2867550761,"fa_agreement_hansen20_gte_2":946993.9534450314,"fa_agreement_hansen20_gte_3":602545.6587981483,"fa_agreement_hansen20_gte_4":392462.80503289937,"fa_agreement_hansen20_gte_5":267176.1454965066,"fa_agreement_hansen20_gte_6":193725.03837486796,"fa_agreement_hansen20_gte_7":149338.79159634706,"fa_agreement_hansen20_gte_8":117565.42047535315,"fa_agreement_hansen30_gte_1":1327510.8303386737,"fa_agreement_hansen30_gte_2":795367.8817819671,"fa_agreement_hansen30_gte_3":513910.9691247439,"fa_agreement_hansen30_gte_4":344991.43152678886,"fa_agreement_hansen30_gte_5":245241.3237510597,"fa_agreement_hansen30_gte_6":185252.74221978025,"fa_agreement_hansen30_gte_7":146759.3016656967,"fa_agreement_hansen30_gte_8":117007.99089365495,"fa_copernicus":109978.97948573637,"fa_esa_2009":690624.0868658617,"fa_esa_2020":450621.2364304305,"fa_esri":436902.78159222327,"fa_globeland":449426.1866739963,"fa_hansen10":2010898.425687121,"fa_hansen20":982341.9135540392,"fa_hansen30":465492.02774718794,"fa_jaxa":386308.5275172566,"fa_tandemx":494363.7602871951,"fa_jrc_2020":344424.5109498994,"fra_1a_forestArea":276.0,"fra_1a_landArea":2467.0,"fra_3b_protected":211.0,"iso3":"RWA","total_area_ha":2549377.087299519,"year":2020,"fa_copernicus_protected":92813.94056567927,"fa_esa_2009_protected":135515.3296548616,"fa_esa_2020_protected":127486.91519060155,"fa_esri_protected":144424.462922932,"fa_globeland_protected":142499.1644210725,"fa_hansen10_protected":209216.01378641732,"fa_hansen20_protected":167304.1420815901,"fa_hansen30_protected":138150.76870622506,"fa_jaxa_protected":144238.49233941137,"fa_tandemx_protected":100800.98820824975,"fa_jrc_2020_protected":137666.41685816422,"ba_MODIS_2001":45149.756327886156,"ba_MODIS_2002":60101.80570702209,"ba_MODIS_2003":37391.31495794721,"ba_MODIS_2004":27185.808942242777,"ba_MODIS_2005":28018.94169390337,"ba_MODIS_2006":16025.907325410557,"ba_MODIS_2007":6189.515428547805,"ba_MODIS_2008":19064.24729827206,"ba_MODIS_2009":14462.856633841942,"ba_MODIS_2010":35449.15011017782,"ba_MODIS_2011":7694.144964117664,"ba_MODIS_2012":29541.434434834653,"ba_MODIS_2013":35207.590399233944,"ba_MODIS_2014":28436.105200122416,"ba_MODIS_2015":62241.36916437481,"ba_MODIS_2016":60923.6962275553,"ba_MODIS_2017":53466.74822129293,"ba_MODIS_2018":32814.88220077811,"ba_MODIS_2019":37514.16714994469,"ba_MODIS_2020":42817.34504736507,"ba_MODIS_2021":38073.280047671484,"ba_MODIS_2022":595.5340953125001,"ba_MODIS_2001_Hansen10":41777.4056659856,"ba_MODIS_2002_Hansen10":55500.341726447754,"ba_MODIS_2003_Hansen10":34409.62410756307,"ba_MODIS_2004_Hansen10":25980.796436383192,"ba_MODIS_2005_Hansen10":26572.90488294828,"ba_MODIS_2006_Hansen10":16066.540314094236,"ba_MODIS_2007_Hansen10":5576.457667968787,"ba_MODIS_2008_Hansen10":17954.79095608684,"ba_MODIS_2009_Hansen10":13726.252836001095,"ba_MODIS_2010_Hansen10":33889.263949185224,"ba_MODIS_2011_Hansen10":7375.185801003148,"ba_MODIS_2012_Hansen10":27497.498152622335,"ba_MODIS_2013_Hansen10":33081.56019869642,"ba_MODIS_2014_Hansen10":25806.349709441947,"ba_MODIS_2015_Hansen10":59511.872823845006,"ba_MODIS_2016_Hansen10":57816.19219522267,"ba_MODIS_2017_Hansen10":49557.810673523076,"ba_MODIS_2018_Hansen10":31168.546264503893,"ba_MODIS_2019_Hansen10":34401.827716426546,"ba_MODIS_2020_Hansen10":39800.177728744864,"ba_MODIS_2021_Hansen10":33796.90786104304,"ba_MODIS_2022_Hansen10":519.457908599854}},{"type":"Feature","geometry":{"type":"MultiPoint","coordinates":[]},"properties":{"fa_agreement_esri_esa_glo_hansen10_gte_1":161575.64316971978,"fa_agreement_esri_esa_glo_hansen10_gte_2":154325.341024624,"fa_agreement_esri_esa_glo_hansen10_gte_3":135885.87469260395,"fa_agreement_esri_esa_glo_hansen10_gte_4":108647.12462100537,"fa_agreement_esri_esa_gte_1":141149.4895447608,"fa_agreement_esri_esa_gte_2":115024.6950918797,"fa_agreement_hansen10_gte_1":159646.9289757872,"fa_agreement_hansen10_gte_2":155702.4246183422,"fa_agreement_hansen10_gte_3":149064.39836759935,"fa_agreement_hansen10_gte_4":141075.09712508146,"fa_agreement_hansen10_gte_5":132146.40403128418,"fa_agreement_hansen10_gte_6":119655.80568744853,"fa_agreement_hansen10_gte_7":97904.78731918854,"fa_agreement_hansen10_gte_8":62593.69789837145,"fa_agreement_hansen30_gte_9":24769.822183684333,"fa_agreement_hansen20_gte_1":159326.97369279875,"fa_agreement_hansen20_gte_2":154265.1862101339,"fa_agreement_hansen20_gte_3":147448.3286588687,"fa_agreement_hansen20_gte_4":140001.88065063395,"fa_agreement_hansen20_gte_5":131262.46524915172,"fa_agreement_hansen20_gte_6":118898.68777017035,"fa_agreement_hansen20_gte_7":97421.72429134071,"fa_agreement_hansen20_gte_8":62440.30580033245,"fa_agreement_hansen30_gte_1":162925.6064175413,"fa_agreement_hansen30_gte_2":152299.7701686877,"fa_agreement_hansen30_gte_3":144872.55949326188,"fa_agreement_hansen30_gte_4":137771.24938682103,"fa_agreement_hansen30_gte_5":128888.01898147752,"fa_agreement_hansen30_gte_6":116413.82384591784,"fa_agreement_hansen30_gte_7":95506.22933422311,"fa_agreement_hansen30_gte_8":61754.72003297941,"fa_copernicus":98625.58583670895,"fa_esa_2009":73848.24609604577,"fa_esa_2020":137401.361288424,"fa_esri":118761.19204882173,"fa_globeland":151968.64914961148,"fa_hansen10":152228.9122961087,"fa_hansen20":145161.31654196922,"fa_hansen30":129184.19668266548,"fa_jaxa":122208.63130009767,"fa_tandemx":85952.72134108584,"fa_jrc_2020":125421.1752663091,"fra_1a_forestArea":32.91999816894531,"fra_1a_landArea":186.0,"fra_3b_protected":0.0,"iso3":"COM","total_area_ha":165929.83977406114,"year":2020,"fa_copernicus_protected":40027.14599889897,"fa_esa_2009_protected":28818.010337841566,"fa_esa_2020_protected":46577.16060934078,"fa_esri_protected":46469.45495798247,"fa_globeland_protected":51438.782682169316,"fa_hansen10_protected":49307.132260268285,"fa_hansen20_protected":48249.11337434115,"fa_hansen30_protected":46204.2759467928,"fa_jaxa_protected":34158.118076076535,"fa_tandemx_protected":33921.83685524019,"fa_jrc_2020_protected":45029.862659390245,"ba_MODIS_2001":219.08586562500003,"ba_MODIS_2002":0.0,"ba_MODIS_2003":1143.6584828125,"ba_MODIS_2004":73.0208859375,"ba_MODIS_2005":11732.275968602944,"ba_MODIS_2006":998.0435812499998,"ba_MODIS_2007":511.0700140624999,"ba_MODIS_2008":2701.7683078125024,"ba_MODIS_2009":291.907815625,"ba_MODIS_2010":559.7206062500001,"ba_MODIS_2011":778.9337468750001,"ba_MODIS_2012":559.9066453124998,"ba_MODIS_2013":1044.7140116176467,"ba_MODIS_2014":1411.3200593749998,"ba_MODIS_2015":1484.5758703125002,"ba_MODIS_2016":365.1938578124999,"ba_MODIS_2017":24.34094375,"ba_MODIS_2018":267.7578953125,"ba_MODIS_2019":2287.9651531249992,"ba_MODIS_2020":0.0,"ba_MODIS_2021":0.0,"ba_MODIS_2022":0.0,"ba_MODIS_2001_Hansen10":228.01942562255834,"ba_MODIS_2002_Hansen10":0.0,"ba_MODIS_2003_Hansen10":1138.6084742492685,"ba_MODIS_2004_Hansen10":62.21385155639662,"ba_MODIS_2005_Hansen10":11191.723126789551,"ba_MODIS_2006_Hansen10":1034.9257638820973,"ba_MODIS_2007_Hansen10":424.92151301880114,"ba_MODIS_2008_Hansen10":2882.615614483636,"ba_MODIS_2009_Hansen10":169.88954487304986,"ba_MODIS_2010_Hansen10":615.9248805847179,"ba_MODIS_2011_Hansen10":745.3831555664028,"ba_MODIS_2012_Hansen10":511.19273903808244,"ba_MODIS_2013_Hansen10":959.1257371342497,"ba_MODIS_2014_Hansen10":1196.4891184997741,"ba_MODIS_2015_Hansen10":1423.8170579040504,"ba_MODIS_2016_Hansen10":455.0685730651814,"ba_MODIS_2017_Hansen10":22.082075616455157,"ba_MODIS_2018_Hansen10":241.41418947143472,"ba_MODIS_2019_Hansen10":2248.306463830554,"ba_MODIS_2020_Hansen10":40.82957634887712,"ba_MODIS_2021_Hansen10":0.0,"ba_MODIS_2022_Hansen10":0.0}},{"type":"Feature","geometry":{"type":"MultiPoint","coordinates":[]},"properties":{"fa_agreement_esri_esa_glo_hansen10_gte_1":6.2801056216165274E7,"fa_agreement_esri_esa_glo_hansen10_gte_2":4.486943363851765E7,"fa_agreement_esri_esa_glo_hansen10_gte_3":3.121512805215654E7,"fa_agreement_esri_esa_glo_hansen10_gte_4":1.849965784857318E7,"fa_agreement_esri_esa_gte_1":4.2952506254239574E7,"fa_agreement_esri_esa_gte_2":2.6291812516121175E7,"fa_agreement_hansen10_gte_1":6.541196723806504E7,"fa_agreement_hansen10_gte_2":5.6054012682699874E7,"fa_agreement_hansen10_gte_3":4.8487760985408664E7,"fa_agreement_hansen10_gte_4":4.264475963913914E7,"fa_agreement_hansen10_gte_5":3.70707451338592E7,"fa_agreement_hansen10_gte_6":3.118650919766643E7,"fa_agreement_hansen10_gte_7":2.5101885692678373E7,"fa_agreement_hansen10_gte_8":1.869494909665261E7,"fa_agreement_hansen30_gte_9":9183714.595455322,"fa_agreement_hansen20_gte_1":6.1511336578513674E7,"fa_agreement_hansen20_gte_2":5.2185065903942406E7,"fa_agreement_hansen20_gte_3":4.579510919201648E7,"fa_agreement_hansen20_gte_4":4.022296899701798E7,"fa_agreement_hansen20_gte_5":3.4697515412775114E7,"fa_agreement_hansen20_gte_6":2.9138412634782225E7,"fa_agreement_hansen20_gte_7":2.364277873399488E7,"fa_agreement_hansen20_gte_8":1.784113663716284E7,"fa_agreement_hansen30_gte_1":6.114492651434594E7,"fa_agreement_hansen30_gte_2":5.049468900919997E7,"fa_agreement_hansen30_gte_3":4.4236349495051235E7,"fa_agreement_hansen30_gte_4":3.858415388231203E7,"fa_agreement_hansen30_gte_5":3.278063968645738E7,"fa_agreement_hansen30_gte_6":2.7017710219430175E7,"fa_agreement_hansen30_gte_7":2.1556228906113744E7,"fa_agreement_hansen30_gte_8":1.61643826430351E7,"fa_copernicus":2.6055755089471117E7,"fa_esa_2009":4.410402458729243E7,"fa_esa_2020":2.9759376140862763E7,"fa_esri":3.948486709737111E7,"fa_globeland":2.9968538465994265E7,"fa_hansen10":5.8164730635446556E7,"fa_hansen20":3.713406089802599E7,"fa_hansen30":2.2231974402676024E7,"fa_jaxa":3.385847387449775E7,"fa_tandemx":3.478094491263982E7,"fa_jrc_2020":4.497461526048138E7,"fra_1a_forestArea":44814.03125,"fra_1a_landArea":74339.0,"fra_3b_protected":31831.0,"iso3":"ZMB","total_area_ha":7.537142879740193E7,"year":2020,"fa_copernicus_protected":6306125.769496116,"fa_esa_2009_protected":9541964.387878144,"fa_esa_2020_protected":7406316.960576293,"fa_esri_protected":9030213.231100285,"fa_globeland_protected":7188077.113218855,"fa_hansen10_protected":1.2626987780873287E7,"fa_hansen20_protected":8617770.868777517,"fa_hansen30_protected":5527337.985278877,"fa_jaxa_protected":7976950.408514047,"fa_tandemx_protected":8828991.977800854,"fa_jrc_2020_protected":1.0661699685547147E7,"ba_MODIS_2001":2.174382885740186E7,"ba_MODIS_2002":2.166678592234645E7,"ba_MODIS_2003":2.5020331722666666E7,"ba_MODIS_2004":2.494156250413617E7,"ba_MODIS_2005":2.6100522708869178E7,"ba_MODIS_2006":2.1985172268914536E7,"ba_MODIS_2007":2.3666790661403563E7,"ba_MODIS_2008":2.428040991486129E7,"ba_MODIS_2009":2.0439256686123505E7,"ba_MODIS_2010":2.3559173952774767E7,"ba_MODIS_2011":2.2905189774457347E7,"ba_MODIS_2012":2.3846842724974707E7,"ba_MODIS_2013":2.405022601892537E7,"ba_MODIS_2014":2.2964549559466187E7,"ba_MODIS_2015":2.4437232514671106E7,"ba_MODIS_2016":2.3880571011612624E7,"ba_MODIS_2017":2.1474318471673116E7,"ba_MODIS_2018":2.1438464941989165E7,"ba_MODIS_2019":2.2544332327748433E7,"ba_MODIS_2020":2.0665550565075334E7,"ba_MODIS_2021":2.0208767444442566E7,"ba_MODIS_2022":2020.7046904963236,"ba_MODIS_2001_Hansen10":1.8734239399739705E7,"ba_MODIS_2002_Hansen10":1.8640540010339048E7,"ba_MODIS_2003_Hansen10":2.170173513916407E7,"ba_MODIS_2004_Hansen10":2.139742640080591E7,"ba_MODIS_2005_Hansen10":2.2454823866740543E7,"ba_MODIS_2006_Hansen10":1.889046765929734E7,"ba_MODIS_2007_Hansen10":2.025527958245628E7,"ba_MODIS_2008_Hansen10":2.091916527391882E7,"ba_MODIS_2009_Hansen10":1.7426132500220068E7,"ba_MODIS_2010_Hansen10":2.0049531049694248E7,"ba_MODIS_2011_Hansen10":1.9172291844461136E7,"ba_MODIS_2012_Hansen10":2.000538136712119E7,"ba_MODIS_2013_Hansen10":2.03011654033565E7,"ba_MODIS_2014_Hansen10":1.9308528273423262E7,"ba_MODIS_2015_Hansen10":2.0598017909884077E7,"ba_MODIS_2016_Hansen10":1.9970422539363287E7,"ba_MODIS_2017_Hansen10":1.8056732623586144E7,"ba_MODIS_2018_Hansen10":1.7861094145583022E7,"ba_MODIS_2019_Hansen10":1.8841785168803524E7,"ba_MODIS_2020_Hansen10":1.7375274884119853E7,"ba_MODIS_2021_Hansen10":1.6512775204227265E7,"ba_MODIS_2022_Hansen10":525.4714156996075}},{"type":"Feature","geometry":{"type":"MultiPoint","coordinates":[]},"properties":{"fa_agreement_esri_esa_glo_hansen10_gte_1":2.2654971926684076E8,"fa_agreement_esri_esa_glo_hansen10_gte_2":1.7888505495538315E8,"fa_agreement_esri_esa_glo_hansen10_gte_3":1.558310698537059E8,"fa_agreement_esri_esa_glo_hansen10_gte_4":1.1465425845041418E8,"fa_agreement_esri_esa_gte_1":1.7611794706138322E8,"fa_agreement_esri_esa_gte_2":1.5326477636376947E8,"fa_agreement_hansen10_gte_1":2.2443789950633815E8,"fa_agreement_hansen10_gte_2":2.092668273499801E8,"fa_agreement_hansen10_gte_3":1.8801573280476773E8,"fa_agreement_hansen10_gte_4":1.7637990028235155E8,"fa_agreement_hansen10_gte_5":1.6733121598623198E8,"fa_agreement_hansen10_gte_6":1.5785981955668306E8,"fa_agreement_hansen10_gte_7":1.4667560759966478E8,"fa_agreement_hansen10_gte_8":1.3098557257917978E8,"fa_agreement_hansen30_gte_9":9.480630993855838E7,"fa_agreement_hansen20_gte_1":2.208832715226304E8,"fa_agreement_hansen20_gte_2":2.0670684189726698E8,"fa_agreement_hansen20_gte_3":1.874985906780729E8,"fa_agreement_hansen20_gte_4":1.7622705225994664E8,"fa_agreement_hansen20_gte_5":1.6726097713754418E8,"fa_agreement_hansen20_gte_6":1.5782119954868296E8,"fa_agreement_hansen20_gte_7":1.4665241904264018E8,"fa_agreement_hansen20_gte_8":1.3097484611933854E8,"fa_agreement_hansen30_gte_1":2.1786105343115613E8,"fa_agreement_hansen30_gte_2":1.979748885554024E8,"fa_agreement_hansen30_gte_3":1.8459979574744618E8,"fa_agreement_hansen30_gte_4":1.7523697196585378E8,"fa_agreement_hansen30_gte_5":1.6672237655027583E8,"fa_agreement_hansen30_gte_6":1.574632188902969E8,"fa_agreement_hansen30_gte_7":1.464299961855665E8,"fa_agreement_hansen30_gte_8":1.3084864119110617E8,"fa_copernicus":1.6692012271795455E8,"fa_esa_2009":1.8021106825777546E8,"fa_esa_2020":1.5884605561870608E8,"fa_esri":1.7053708684821025E8,"fa_globeland":1.3491176289775866E8,"fa_hansen10":2.115304347511015E8,"fa_hansen20":2.045001610810326E8,"fa_hansen30":1.834652838941354E8,"fa_jaxa":1.7541672907385978E8,"fa_tandemx":1.5008665934541735E8,"fa_jrc_2020":1.6477592963704836E8,"fra_1a_forestArea":126155.2421875,"fra_1a_landArea":226705.0,"fra_3b_protected":24297.0,"iso3":"COD","total_area_ha":2.3399847179912242E8,"year":2020,"fa_copernicus_protected":2.019468805558412E7,"fa_esa_2009_protected":2.1633595595822E7,"fa_esa_2020_protected":2.0085252652749516E7,"fa_esri_protected":2.0552395972643025E7,"fa_globeland_protected":1.6378517061218878E7,"fa_hansen10_protected":2.37309638603198E7,"fa_hansen20_protected":2.3260733087391835E7,"fa_hansen30_protected":2.1407832966875415E7,"fa_jaxa_protected":2.1461094615112536E7,"fa_tandemx_protected":1.896011349979367E7,"fa_jrc_2020_protected":2.0892052686826646E7,"ba_MODIS_2001":2.8138588520562243E7,"ba_MODIS_2002":3.0657784623615183E7,"ba_MODIS_2003":3.42429869723116E7,"ba_MODIS_2004":3.685076009247478E7,"ba_MODIS_2005":3.588022384209684E7,"ba_MODIS_2006":3.673085811881569E7,"ba_MODIS_2007":3.160175951963118E7,"ba_MODIS_2008":3.381909442760643E7,"ba_MODIS_2009":3.344488298435329E7,"ba_MODIS_2010":3.479720285226192E7,"ba_MODIS_2011":3.2993334195023857E7,"ba_MODIS_2012":3.1607309646738473E7,"ba_MODIS_2013":3.318716927594281E7,"ba_MODIS_2014":3.151401036044599E7,"ba_MODIS_2015":3.2979493800520804E7,"ba_MODIS_2016":3.3124002441362232E7,"ba_MODIS_2017":3.378736665679313E7,"ba_MODIS_2018":3.1124539395887267E7,"ba_MODIS_2019":3.2288911700661376E7,"ba_MODIS_2020":3.251981473685874E7,"ba_MODIS_2021":3.26261386483091E7,"ba_MODIS_2022":2749092.219838446,"ba_MODIS_2001_Hansen10":2.7928683323250595E7,"ba_MODIS_2002_Hansen10":3.036581013862949E7,"ba_MODIS_2003_Hansen10":3.384358305909283E7,"ba_MODIS_2004_Hansen10":3.639868983029025E7,"ba_MODIS_2005_Hansen10":3.538932128366879E7,"ba_MODIS_2006_Hansen10":3.619671057555754E7,"ba_MODIS_2007_Hansen10":3.1125385223697253E7,"ba_MODIS_2008_Hansen10":3.327443312526777E7,"ba_MODIS_2009_Hansen10":3.282922265828061E7,"ba_MODIS_2010_Hansen10":3.4065802289314665E7,"ba_MODIS_2011_Hansen10":3.224971736450997E7,"ba_MODIS_2012_Hansen10":3.080777377011145E7,"ba_MODIS_2013_Hansen10":3.227431075698094E7,"ba_MODIS_2014_Hansen10":3.0628556640230358E7,"ba_MODIS_2015_Hansen10":3.2001877286609516E7,"ba_MODIS_2016_Hansen10":3.191230795060435E7,"ba_MODIS_2017_Hansen10":3.2625635796389107E7,"ba_MODIS_2018_Hansen10":3.0043632904431168E7,"ba_MODIS_2019_Hansen10":3.0985432004922234E7,"ba_MODIS_2020_Hansen10":3.0900385575513832E7,"ba_MODIS_2021_Hansen10":3.0900674608355336E7,"ba_MODIS_2022_Hansen10":2550420.170022909}},{"type":"Feature","geometry":{"type":"MultiPoint","coordinates":[]},"properties":{"fa_agreement_esri_esa_glo_hansen10_gte_1":6.102365413359708E7,"fa_agreement_esri_esa_glo_hansen10_gte_2":5.4315190213008516E7,"fa_agreement_esri_esa_glo_hansen10_gte_3":4.411494201205198E7,"fa_agreement_esri_esa_glo_hansen10_gte_4":2.913745398123384E7,"fa_agreement_esri_esa_gte_1":5.263694534043728E7,"fa_agreement_esri_esa_gte_2":3.815918536135878E7,"fa_agreement_hansen10_gte_1":6.063021235027094E7,"fa_agreement_hansen10_gte_2":5.946840635982067E7,"fa_agreement_hansen10_gte_3":5.775372514645315E7,"fa_agreement_hansen10_gte_4":5.5101192961187206E7,"fa_agreement_hansen10_gte_5":5.13808379617805E7,"fa_agreement_hansen10_gte_6":4.6567465053805284E7,"fa_agreement_hansen10_gte_7":4.036143163459183E7,"fa_agreement_hansen10_gte_8":3.1468127569076695E7,"fa_agreement_hansen30_gte_9":1.5601785229854198E7,"fa_agreement_hansen20_gte_1":6.0439756628109984E7,"fa_agreement_hansen20_gte_2":5.902841057871981E7,"fa_agreement_hansen20_gte_3":5.684654450377403E7,"fa_agreement_hansen20_gte_4":5.395477701136969E7,"fa_agreement_hansen20_gte_5":5.0381894931562625E7,"fa_agreement_hansen20_gte_6":4.586336357929136E7,"fa_agreement_hansen20_gte_7":3.997938577719464E7,"fa_agreement_hansen20_gte_8":3.1337824697262798E7,"fa_agreement_hansen30_gte_1":6.096035162541038E7,"fa_agreement_hansen30_gte_2":5.869233949511508E7,"fa_agreement_hansen30_gte_3":5.6287750759276815E7,"fa_agreement_hansen30_gte_4":5.310271527739564E7,"fa_agreement_hansen30_gte_5":4.9121998296984576E7,"fa_agreement_hansen30_gte_6":4.431159339116559E7,"fa_agreement_hansen30_gte_7":3.845618853903028E7,"fa_agreement_hansen30_gte_8":3.0304543912286162E7,"fa_copernicus":4.0314333787396245E7,"fa_esa_2009":3.703147230374786E7,"fa_esa_2020":4.086432726630342E7,"fa_esri":4.993173896246538E7,"fa_globeland":3.868108945440985E7,"fa_hansen10":5.906822710906647E7,"fa_hansen20":5.4015150200533964E7,"fa_hansen30":4.6242940105733864E7,"fa_jaxa":5.5244291625141285E7,"fa_tandemx":4.60588200295059E7,"fa_jrc_2020":5.493825382598199E7,"fra_1a_forestArea":22303.0,"fra_1a_landArea":62298.0,"fra_3b_protected":167.0,"iso3":"CAF","total_area_ha":6.224651167799176E7,"year":2020,"fa_copernicus_protected":5285887.818592339,"fa_esa_2009_protected":6174335.043543859,"fa_esa_2020_protected":5731473.369192377,"fa_esri_protected":8867172.358876273,"fa_globeland_protected":6096512.33675011,"fa_hansen10_protected":1.0038085653998574E7,"fa_hansen20_protected":8253909.918166768,"fa_hansen30_protected":5586959.852662893,"fa_jaxa_protected":9053030.430421885,"fa_tandemx_protected":7544831.3822477795,"fa_jrc_2020_protected":9673523.391141212,"ba_MODIS_2001":1.9424601479476698E7,"ba_MODIS_2002":1.627734151425412E7,"ba_MODIS_2003":2.395412006879708E7,"ba_MODIS_2004":1.9022146956151355E7,"ba_MODIS_2005":2.1115552429424275E7,"ba_MODIS_2006":2.0813657986452013E7,"ba_MODIS_2007":2.1009432821099643E7,"ba_MODIS_2008":2.218625733072185E7,"ba_MODIS_2009":1.5046228532171845E7,"ba_MODIS_2010":1.862994637534438E7,"ba_MODIS_2011":1.9749325258730963E7,"ba_MODIS_2012":1.5759260074210888E7,"ba_MODIS_2013":1.6757090339108044E7,"ba_MODIS_2014":1.5549152940069055E7,"ba_MODIS_2015":1.6080396343924899E7,"ba_MODIS_2016":1.9182555215337906E7,"ba_MODIS_2017":1.6346645322667059E7,"ba_MODIS_2018":1.6641958579036169E7,"ba_MODIS_2019":1.4273393401072457E7,"ba_MODIS_2020":1.5540657987938412E7,"ba_MODIS_2021":1.5677080114485934E7,"ba_MODIS_2022":1.4388638038728118E7,"ba_MODIS_2001_Hansen10":1.853658357552051E7,"ba_MODIS_2002_Hansen10":1.5265062768197486E7,"ba_MODIS_2003_Hansen10":2.282090097219774E7,"ba_MODIS_2004_Hansen10":1.7873003616463818E7,"ba_MODIS_2005_Hansen10":2.01155047127699E7,"ba_MODIS_2006_Hansen10":1.9695283533718724E7,"ba_MODIS_2007_Hansen10":2.008148518523508E7,"ba_MODIS_2008_Hansen10":2.112220916486496E7,"ba_MODIS_2009_Hansen10":1.4439092974340241E7,"ba_MODIS_2010_Hansen10":1.7786285772071622E7,"ba_MODIS_2011_Hansen10":1.8847404889659945E7,"ba_MODIS_2012_Hansen10":1.4946116890241759E7,"ba_MODIS_2013_Hansen10":1.5835793212101076E7,"ba_MODIS_2014_Hansen10":1.4749053054990752E7,"ba_MODIS_2015_Hansen10":1.5100057620315377E7,"ba_MODIS_2016_Hansen10":1.820508701906141E7,"ba_MODIS_2017_Hansen10":1.5415538268122915E7,"ba_MODIS_2018_Hansen10":1.576810102969832E7,"ba_MODIS_2019_Hansen10":1.3468648082784932E7,"ba_MODIS_2020_Hansen10":1.464433798411414E7,"ba_MODIS_2021_Hansen10":1.4721159417010114E7,"ba_MODIS_2022_Hansen10":1.3860065749695364E7}},{"type":"Feature","geometry":{"type":"MultiPoint","coordinates":[]},"properties":{"fa_agreement_esri_esa_glo_hansen10_gte_1":3.459678312551753E7,"fa_agreement_esri_esa_glo_hansen10_gte_2":2.0824330223792844E7,"fa_agreement_esri_esa_glo_hansen10_gte_3":1.2877339598853692E7,"fa_agreement_esri_esa_glo_hansen10_gte_4":7304804.762937872,"fa_agreement_esri_esa_gte_1":1.771090221982082E7,"fa_agreement_esri_esa_gte_2":9718149.583424572,"fa_agreement_hansen10_gte_1":3.59801349955371E7,"fa_agreement_hansen10_gte_2":2.5882805965324312E7,"fa_agreement_hansen10_gte_3":2.02185557209104E7,"fa_agreement_hansen10_gte_4":1.6061462978086697E7,"fa_agreement_hansen10_gte_5":1.2579996172275893E7,"fa_agreement_hansen10_gte_6":9598768.162483597,"fa_agreement_hansen10_gte_7":7101831.546996634,"fa_agreement_hansen10_gte_8":5126416.301227833,"fa_agreement_hansen30_gte_9":3055446.994784861,"fa_agreement_hansen20_gte_1":3.039992120803271E7,"fa_agreement_hansen20_gte_2":2.3124891862893358E7,"fa_agreement_hansen20_gte_3":1.8884513810228135E7,"fa_agreement_hansen20_gte_4":1.5378816359923523E7,"fa_agreement_hansen20_gte_5":1.2214994151218869E7,"fa_agreement_hansen20_gte_6":9427811.802742273,"fa_agreement_hansen20_gte_7":7046450.003675978,"fa_agreement_hansen20_gte_8":5109796.148776078,"fa_agreement_hansen30_gte_1":2.9742591467054937E7,"fa_agreement_hansen30_gte_2":2.2095271970376E7,"fa_agreement_hansen30_gte_3":1.8089804520960726E7,"fa_agreement_hansen30_gte_4":1.4803453279110158E7,"fa_agreement_hansen30_gte_5":1.1780979134308169E7,"fa_agreement_hansen30_gte_6":9116259.60402329,"fa_agreement_hansen30_gte_7":6923979.843376845,"fa_agreement_hansen30_gte_8":5067357.721138155,"fa_copernicus":1.1100727764085086E7,"fa_esa_2009":1.0802826563958153E7,"fa_esa_2020":1.1859081370994514E7,"fa_esri":1.5569928155478755E7,"fa_globeland":1.9362720014827415E7,"fa_hansen10":2.8838974372075435E7,"fa_hansen20":1.7369531055796552E7,"fa_hansen30":1.305877586203376E7,"fa_jaxa":1.2636098826571053E7,"fa_tandemx":1.3264126730401281E7,"fa_jrc_2020":1.7235826591982175E7,"fra_1a_forestArea":12429.8095703125,"fra_1a_landArea":58180.0,"fra_3b_protected":4973.0,"iso3":"MDG","total_area_ha":5.935341164896745E7,"year":2020,"fa_copernicus_protected":1780580.8646935052,"fa_esa_2009_protected":1583671.1090018589,"fa_esa_2020_protected":1791877.6921918648,"fa_esri_protected":1973255.3801313813,"fa_globeland_protected":2031731.6638196718,"fa_hansen10_protected":2312251.0226543373,"fa_hansen20_protected":1957844.571888101,"fa_hansen30_protected":1777901.6065144858,"fa_jaxa_protected":1869973.2785519136,"fa_tandemx_protected":1648896.3467038712,"fa_jrc_2020_protected":2169979.7903572894,"ba_MODIS_2001":4767480.989453048,"ba_MODIS_2002":3393494.9338649795,"ba_MODIS_2003":6041889.084308009,"ba_MODIS_2004":3519545.73870087,"ba_MODIS_2005":5944804.186647663,"ba_MODIS_2006":4027080.055000593,"ba_MODIS_2007":5856375.089109384,"ba_MODIS_2008":3630324.9002485923,"ba_MODIS_2009":4451020.176577442,"ba_MODIS_2010":4216378.1062798835,"ba_MODIS_2011":4173544.611296072,"ba_MODIS_2012":4255996.769920454,"ba_MODIS_2013":3955341.9219710953,"ba_MODIS_2014":3287255.331791972,"ba_MODIS_2015":3449812.7625788786,"ba_MODIS_2016":4792284.539678327,"ba_MODIS_2017":3186169.837484476,"ba_MODIS_2018":3219972.3555229553,"ba_MODIS_2019":3501693.0812874963,"ba_MODIS_2020":3665059.9499882925,"ba_MODIS_2021":3003805.5181865017,"ba_MODIS_2022":22345.313235937498,"ba_MODIS_2001_Hansen10":2226183.607415509,"ba_MODIS_2002_Hansen10":1430537.7365721127,"ba_MODIS_2003_Hansen10":2368172.8187387646,"ba_MODIS_2004_Hansen10":1539660.038727494,"ba_MODIS_2005_Hansen10":2617555.287871334,"ba_MODIS_2006_Hansen10":1820917.5575983587,"ba_MODIS_2007_Hansen10":2344277.7344023087,"ba_MODIS_2008_Hansen10":1429843.040089018,"ba_MODIS_2009_Hansen10":1911057.3372227715,"ba_MODIS_2010_Hansen10":2076320.2434992613,"ba_MODIS_2011_Hansen10":1835308.8255039044,"ba_MODIS_2012_Hansen10":1879153.2003845307,"ba_MODIS_2013_Hansen10":1947176.1451312813,"ba_MODIS_2014_Hansen10":1493365.0490917813,"ba_MODIS_2015_Hansen10":1645791.9801788123,"ba_MODIS_2016_Hansen10":2165597.4803333157,"ba_MODIS_2017_Hansen10":1470665.5104317926,"ba_MODIS_2018_Hansen10":1476150.6294790676,"ba_MODIS_2019_Hansen10":1540535.051136187,"ba_MODIS_2020_Hansen10":1727940.8534616006,"ba_MODIS_2021_Hansen10":1371489.7169196247,"ba_MODIS_2022_Hansen10":14652.533838775676}},{"type":"Feature","geometry":{"type":"MultiPoint","coordinates":[]},"properties":{"fa_agreement_esri_esa_glo_hansen10_gte_1":2.368733674467921E7,"fa_agreement_esri_esa_glo_hansen10_gte_2":1.4197341136437614E7,"fa_agreement_esri_esa_glo_hansen10_gte_3":6580189.522904307,"fa_agreement_esri_esa_glo_hansen10_gte_4":1928651.606075832,"fa_agreement_esri_esa_gte_1":1.4605890737002045E7,"fa_agreement_esri_esa_gte_2":3688879.2301944257,"fa_agreement_hansen10_gte_1":2.5526487184958808E7,"fa_agreement_hansen10_gte_2":1.956307817613225E7,"fa_agreement_hansen10_gte_3":1.4987461336215345E7,"fa_agreement_hansen10_gte_4":1.1262905593902273E7,"fa_agreement_hansen10_gte_5":7967412.979477152,"fa_agreement_hansen10_gte_6":5062384.0788623495,"fa_agreement_hansen10_gte_7":2709291.5764911924,"fa_agreement_hansen10_gte_8":1068974.8702673535,"fa_agreement_hansen30_gte_9":147104.792803962,"fa_agreement_hansen20_gte_1":2.3595373961238254E7,"fa_agreement_hansen20_gte_2":1.7236690619305808E7,"fa_agreement_hansen20_gte_3":1.2685880477183428E7,"fa_agreement_hansen20_gte_4":8964187.387247462,"fa_agreement_hansen20_gte_5":5936723.499679824,"fa_agreement_hansen20_gte_6":3587348.1634891755,"fa_agreement_hansen20_gte_7":1856271.2122596675,"fa_agreement_hansen20_gte_8":754194.4835033538,"fa_agreement_hansen30_gte_1":2.3340161907630797E7,"fa_agreement_hansen30_gte_2":1.7083750994506586E7,"fa_agreement_hansen30_gte_3":1.245680001572199E7,"fa_agreement_hansen30_gte_4":8628805.03470148,"fa_agreement_hansen30_gte_5":5468526.299965967,"fa_agreement_hansen30_gte_6":3034970.891981935,"fa_agreement_hansen30_gte_7":1380225.0298103706,"fa_agreement_hansen30_gte_8":495840.03639589384,"fa_copernicus":1963499.3930457958,"fa_esa_2009":9683822.924886698,"fa_esa_2020":5566126.533293791,"fa_esri":1.2728703120727656E7,"fa_globeland":1.0063425887116006E7,"fa_hansen10":1.8089336959054194E7,"fa_hansen20":3877181.961249536,"fa_hansen30":1217196.9470049196,"fa_jaxa":1.0366601519916015E7,"fa_tandemx":7559065.18106491,"fa_jrc_2020":1.5296311168849116E7,"fra_1a_forestArea":17444.580078125,"fra_1a_landArea":38685.0,"fra_3b_protected":3076.0,"iso3":"ZWE","total_area_ha":3.9224376371237345E7,"year":2020,"fa_copernicus_protected":440032.00886873534,"fa_esa_2009_protected":2916801.7463822034,"fa_esa_2020_protected":1070988.9611961823,"fa_esri_protected":4206811.623716006,"fa_globeland_protected":2336913.639189612,"fa_hansen10_protected":4716766.416082022,"fa_hansen20_protected":708394.2927634682,"fa_hansen30_protected":197066.19879660508,"fa_jaxa_protected":2406414.2494613,"fa_tandemx_protected":2115070.530592243,"fa_jrc_2020_protected":4210415.692475853,"ba_MODIS_2001":2965479.477577062,"ba_MODIS_2002":2336207.5601584814,"ba_MODIS_2003":2595934.6634248677,"ba_MODIS_2004":3533193.0777167003,"ba_MODIS_2005":3300970.5190236624,"ba_MODIS_2006":3092738.036141159,"ba_MODIS_2007":3880143.841715335,"ba_MODIS_2008":4444452.242383651,"ba_MODIS_2009":4455219.562917995,"ba_MODIS_2010":4687521.563375476,"ba_MODIS_2011":4630421.762331045,"ba_MODIS_2012":3713412.4160845773,"ba_MODIS_2013":2843617.9933370855,"ba_MODIS_2014":3085127.8886471647,"ba_MODIS_2015":3775712.310675895,"ba_MODIS_2016":2260640.622004528,"ba_MODIS_2017":2511990.7765259384,"ba_MODIS_2018":2623412.5416877493,"ba_MODIS_2019":2546342.234648701,"ba_MODIS_2020":992548.7058087554,"ba_MODIS_2021":1792593.1577709436,"ba_MODIS_2022":1360.4599390624999,"ba_MODIS_2001_Hansen10":1781992.1522100067,"ba_MODIS_2002_Hansen10":1575525.6034091169,"ba_MODIS_2003_Hansen10":1726063.175759741,"ba_MODIS_2004_Hansen10":2240832.5442827316,"ba_MODIS_2005_Hansen10":2132761.2573306933,"ba_MODIS_2006_Hansen10":1971007.918807461,"ba_MODIS_2007_Hansen10":2489386.8921864666,"ba_MODIS_2008_Hansen10":2712612.4876477914,"ba_MODIS_2009_Hansen10":2678074.2022795877,"ba_MODIS_2010_Hansen10":2906772.6189421383,"ba_MODIS_2011_Hansen10":2769890.1346736457,"ba_MODIS_2012_Hansen10":2398439.163359793,"ba_MODIS_2013_Hansen10":1870069.279130238,"ba_MODIS_2014_Hansen10":1938704.4716359794,"ba_MODIS_2015_Hansen10":2396718.32330764,"ba_MODIS_2016_Hansen10":1510461.8555705755,"ba_MODIS_2017_Hansen10":1558421.3397923536,"ba_MODIS_2018_Hansen10":1644130.3470867684,"ba_MODIS_2019_Hansen10":1666697.0637635149,"ba_MODIS_2020_Hansen10":675522.8665970756,"ba_MODIS_2021_Hansen10":1077086.238615617,"ba_MODIS_2022_Hansen10":312.96378760986306}},{"type":"Feature","geometry":{"type":"MultiPoint","coordinates":[]},"properties":{"fa_agreement_esri_esa_glo_hansen10_gte_1":1484508.705951194,"fa_agreement_esri_esa_glo_hansen10_gte_2":846666.2370266988,"fa_agreement_esri_esa_glo_hansen10_gte_3":536902.6757089619,"fa_agreement_esri_esa_glo_hansen10_gte_4":218755.6028702266,"fa_agreement_esri_esa_gte_1":797510.1152148487,"fa_agreement_esri_esa_gte_2":456927.7997405742,"fa_agreement_hansen10_gte_1":1483394.6815539545,"fa_agreement_hansen10_gte_2":1106897.040762906,"fa_agreement_hansen10_gte_3":897691.3897313103,"fa_agreement_hansen10_gte_4":738080.3242499518,"fa_agreement_hansen10_gte_5":588083.7842801798,"fa_agreement_hansen10_gte_6":431551.7181869664,"fa_agreement_hansen10_gte_7":269380.68590550474,"fa_agreement_hansen10_gte_8":117743.95804291606,"fa_agreement_hansen30_gte_9":20284.312751348745,"fa_agreement_hansen20_gte_1":1194614.557289202,"fa_agreement_hansen20_gte_2":965243.8171948418,"fa_agreement_hansen20_gte_3":806515.4083649218,"fa_agreement_hansen20_gte_4":675499.3951876651,"fa_agreement_hansen20_gte_5":547694.5960405286,"fa_agreement_hansen20_gte_6":410566.81014013663,"fa_agreement_hansen20_gte_7":260896.52591865236,"fa_agreement_hansen20_gte_8":115797.21265016744,"fa_agreement_hansen30_gte_1":1092249.660934815,"fa_agreement_hansen30_gte_2":928456.6184059442,"fa_agreement_hansen30_gte_3":770798.485441124,"fa_agreement_hansen30_gte_4":634423.7114982671,"fa_agreement_hansen30_gte_5":501603.3629572664,"fa_agreement_hansen30_gte_6":368312.92417055037,"fa_agreement_hansen30_gte_7":231496.1877187538,"fa_agreement_hansen30_gte_8":107086.7162223129,"fa_copernicus":415661.47601067397,"fa_esa_2009":617596.3763489175,"fa_esa_2020":602098.5430480386,"fa_esri":652343.0266930897,"fa_globeland":487757.18520671193,"fa_hansen10":1343761.0725835983,"fa_hansen20":658854.1033427968,"fa_hansen30":371906.08212619054,"fa_jaxa":542557.5662566897,"fa_tandemx":137240.39781773026,"fa_jrc_2020":952295.0777393461,"fra_1a_forestArea":497.55999755859375,"fra_1a_landArea":1720.0,"fra_3b_protected":23.0,"iso3":"SWZ","total_area_ha":1740085.3151873692,"year":2020,"fa_copernicus_protected":18999.178092795468,"fa_esa_2009_protected":36377.78809880243,"fa_esa_2020_protected":26769.12799268073,"fa_esri_protected":37104.80814143366,"fa_globeland_protected":23008.14084286109,"fa_hansen10_protected":69491.23256401374,"fa_hansen20_protected":39821.019404769715,"fa_hansen30_protected":19039.618063769558,"fa_jaxa_protected":30304.13270512891,"fa_tandemx_protected":9359.125208924272,"fa_jrc_2020_protected":54815.04960101995,"ba_MODIS_2001":52778.705212653236,"ba_MODIS_2002":79010.94795111511,"ba_MODIS_2003":75585.0983724751,"ba_MODIS_2004":65414.9689210477,"ba_MODIS_2005":80815.17228116388,"ba_MODIS_2006":37017.92184365812,"ba_MODIS_2007":147044.42226556916,"ba_MODIS_2008":114141.82950130542,"ba_MODIS_2009":51160.97355688119,"ba_MODIS_2010":107867.63256857751,"ba_MODIS_2011":83326.37630158654,"ba_MODIS_2012":87602.38060697858,"ba_MODIS_2013":87456.30868080223,"ba_MODIS_2014":88505.1125164211,"ba_MODIS_2015":48646.36271347439,"ba_MODIS_2016":38520.30433553924,"ba_MODIS_2017":44901.05276373772,"ba_MODIS_2018":44735.393085551514,"ba_MODIS_2019":124122.48126514081,"ba_MODIS_2020":50888.92670833354,"ba_MODIS_2021":78399.11539794717,"ba_MODIS_2022":156.54385468750002,"ba_MODIS_2001_Hansen10":47604.61390287722,"ba_MODIS_2002_Hansen10":71727.46694127297,"ba_MODIS_2003_Hansen10":69230.94114059221,"ba_MODIS_2004_Hansen10":59456.33598642431,"ba_MODIS_2005_Hansen10":72014.04318026488,"ba_MODIS_2006_Hansen10":32230.372700927717,"ba_MODIS_2007_Hansen10":127456.5114733971,"ba_MODIS_2008_Hansen10":95767.43510319195,"ba_MODIS_2009_Hansen10":46446.54791503383,"ba_MODIS_2010_Hansen10":96953.04481557716,"ba_MODIS_2011_Hansen10":76851.6067612388,"ba_MODIS_2012_Hansen10":75883.02244772908,"ba_MODIS_2013_Hansen10":79904.65439938514,"ba_MODIS_2014_Hansen10":76055.74393287646,"ba_MODIS_2015_Hansen10":43038.10204752349,"ba_MODIS_2016_Hansen10":33212.3649505415,"ba_MODIS_2017_Hansen10":39115.04514192934,"ba_MODIS_2018_Hansen10":41155.939624666076,"ba_MODIS_2019_Hansen10":105036.05844643374,"ba_MODIS_2020_Hansen10":45275.31262262848,"ba_MODIS_2021_Hansen10":68797.27203287306,"ba_MODIS_2022_Hansen10":218.75263004150716}},{"type":"Feature","geometry":{"type":"MultiPoint","coordinates":[]},"properties":{"fa_agreement_esri_esa_glo_hansen10_gte_1":3073972.904775205,"fa_agreement_esri_esa_glo_hansen10_gte_2":1988910.8426874324,"fa_agreement_esri_esa_glo_hansen10_gte_3":1340167.5287907417,"fa_agreement_esri_esa_glo_hansen10_gte_4":776667.6340214155,"fa_agreement_esri_esa_gte_1":2435223.845509547,"fa_agreement_esri_esa_gte_2":1291591.5026027719,"fa_agreement_hansen10_gte_1":5147865.476367564,"fa_agreement_hansen10_gte_2":2488576.2509877747,"fa_agreement_hansen10_gte_3":1958613.5413048812,"fa_agreement_hansen10_gte_4":1535914.0951918755,"fa_agreement_hansen10_gte_5":1120225.7785076022,"fa_agreement_hansen10_gte_6":688301.6730694259,"fa_agreement_hansen10_gte_7":306649.4960515856,"fa_agreement_hansen10_gte_8":85856.17909588579,"fa_agreement_hansen30_gte_9":13581.215831561447,"fa_agreement_hansen20_gte_1":5115222.190718567,"fa_agreement_hansen20_gte_2":2448422.940272343,"fa_agreement_hansen20_gte_3":1913687.2755292817,"fa_agreement_hansen20_gte_4":1488764.0178901057,"fa_agreement_hansen20_gte_5":1077652.1795276008,"fa_agreement_hansen20_gte_6":660075.8435807866,"fa_agreement_hansen20_gte_7":294942.6849007321,"fa_agreement_hansen20_gte_8":84155.96063384165,"fa_agreement_hansen30_gte_1":5123714.963081817,"fa_agreement_hansen30_gte_2":2425803.2198954294,"fa_agreement_hansen30_gte_3":1884086.3099197715,"fa_agreement_hansen30_gte_4":1453916.113287847,"fa_agreement_hansen30_gte_5":1042706.7101076243,"fa_agreement_hansen30_gte_6":637328.33127889,"fa_agreement_hansen30_gte_7":287636.4860170383,"fa_agreement_hansen30_gte_8":83259.23831393005,"fa_copernicus":315623.79605255,"fa_esa_2009":266739.1324905451,"fa_esa_2020":1869249.3684472616,"fa_esri":1857540.9060098936,"fa_globeland":1914338.3829976153,"fa_hansen10":1537756.5963994244,"fa_hansen20":1275107.3933595966,"fa_hansen30":1101102.7607285215,"fa_jaxa":2723506.5878841705,"fa_tandemx":1005798.052929655,"fa_jrc_2020":2138532.632391933,"fra_1a_forestArea":1949.0,"fra_1a_landArea":238174.0,"fra_3b_protected":119.0,"iso3":"DZA","total_area_ha":2.311380979653402E8,"year":2020,"fa_copernicus_protected":19456.747623703344,"fa_esa_2009_protected":32474.541462639903,"fa_esa_2020_protected":126375.06797220757,"fa_esri_protected":109023.01678760829,"fa_globeland_protected":130517.55907918134,"fa_hansen10_protected":97119.69676163736,"fa_hansen20_protected":86048.10252265919,"fa_hansen30_protected":78325.93153953731,"fa_jaxa_protected":760705.604249229,"fa_tandemx_protected":103261.59361125663,"fa_jrc_2020_protected":136221.44985086677,"ba_MODIS_2001":67816.20719687511,"ba_MODIS_2002":42565.83725453432,"ba_MODIS_2003":92415.92406183807,"ba_MODIS_2004":113873.81440875636,"ba_MODIS_2005":114788.18005673456,"ba_MODIS_2006":54444.139569154315,"ba_MODIS_2007":200823.01529758296,"ba_MODIS_2008":99951.1138996947,"ba_MODIS_2009":130904.70050729248,"ba_MODIS_2010":82965.83868615233,"ba_MODIS_2011":63339.374893952125,"ba_MODIS_2012":284850.94141134,"ba_MODIS_2013":33279.498153124936,"ba_MODIS_2014":121842.04987234714,"ba_MODIS_2015":48552.888085937695,"ba_MODIS_2016":50083.6850930575,"ba_MODIS_2017":129729.98315338965,"ba_MODIS_2018":5047.8337953125,"ba_MODIS_2019":74149.12225091916,"ba_MODIS_2020":121703.08461856758,"ba_MODIS_2021":150098.2665358942,"ba_MODIS_2022":0.0,"ba_MODIS_2001_Hansen10":19409.525134435873,"ba_MODIS_2002_Hansen10":22424.11090208951,"ba_MODIS_2003_Hansen10":26644.920412075193,"ba_MODIS_2004_Hansen10":27163.225499220916,"ba_MODIS_2005_Hansen10":44454.25851684256,"ba_MODIS_2006_Hansen10":25705.037196037476,"ba_MODIS_2007_Hansen10":106897.76494309815,"ba_MODIS_2008_Hansen10":56758.67335818391,"ba_MODIS_2009_Hansen10":34892.87696159018,"ba_MODIS_2010_Hansen10":15634.186695087159,"ba_MODIS_2011_Hansen10":33099.74406346424,"ba_MODIS_2012_Hansen10":133488.69975406028,"ba_MODIS_2013_Hansen10":9827.662728716969,"ba_MODIS_2014_Hansen10":30714.349474105376,"ba_MODIS_2015_Hansen10":10669.097786358645,"ba_MODIS_2016_Hansen10":17702.073769962964,"ba_MODIS_2017_Hansen10":45724.38137510004,"ba_MODIS_2018_Hansen10":669.1027020996061,"ba_MODIS_2019_Hansen10":24403.13631416996,"ba_MODIS_2020_Hansen10":43522.88581379532,"ba_MODIS_2021_Hansen10":65178.39786761202,"ba_MODIS_2022_Hansen10":0.0}},{"type":"Feature","geometry":{"type":"MultiPoint","coordinates":[]},"properties":{"fa_agreement_esri_esa_glo_hansen10_gte_1":738.3231611877698,"fa_agreement_esri_esa_glo_hansen10_gte_2":3.774459216308594,"fa_agreement_esri_esa_glo_hansen10_gte_3":0.0,"fa_agreement_esri_esa_glo_hansen10_gte_4":0.0,"fa_agreement_esri_esa_gte_1":570.9430614425648,"fa_agreement_esri_esa_gte_2":3.247613249206539,"fa_agreement_hansen10_gte_1":5764.410045652755,"fa_agreement_hansen10_gte_2":39.54274124384859,"fa_agreement_hansen10_gte_3":0.07968681640625,"fa_agreement_hansen10_gte_4":0.0,"fa_agreement_hansen10_gte_5":0.0,"fa_agreement_hansen10_gte_6":0.0,"fa_agreement_hansen10_gte_7":0.0,"fa_agreement_hansen10_gte_8":0.0,"fa_agreement_hansen30_gte_9":0.0,"fa_agreement_hansen20_gte_1":5764.410045652759,"fa_agreement_hansen20_gte_2":39.542741243848596,"fa_agreement_hansen20_gte_3":0.07968681640625,"fa_agreement_hansen20_gte_4":0.0,"fa_agreement_hansen20_gte_5":0.0,"fa_agreement_hansen20_gte_6":0.0,"fa_agreement_hansen20_gte_7":0.0,"fa_agreement_hansen20_gte_8":0.0,"fa_agreement_hansen30_gte_1":5764.512301467638,"fa_agreement_hansen30_gte_2":39.54274124384859,"fa_agreement_hansen30_gte_3":0.07968681640625,"fa_agreement_hansen30_gte_4":0.0,"fa_agreement_hansen30_gte_5":0.0,"fa_agreement_hansen30_gte_6":0.0,"fa_agreement_hansen30_gte_7":0.0,"fa_agreement_hansen30_gte_8":0.0,"fa_copernicus":0.0,"fa_esa_2009":0.0,"fa_esa_2020":70.75365220184325,"fa_esri":504.0577952262869,"fa_globeland":177.3677578010347,"fa_hansen10":0.0,"fa_hansen20":0.0,"fa_hansen30":0.0,"fa_jaxa":4437.497009812778,"fa_tandemx":595.0827909744561,"fa_jrc_2020":1.4850705703735358,"fra_1a_forestArea":665.0700073242188,"fra_1a_landArea":26600.0,"fra_3b_protected":null,"iso3":"ESH","total_area_ha":2.691748703453609E7,"year":2020,"fa_copernicus_protected":0.0,"fa_esa_2009_protected":0.0,"fa_esa_2020_protected":0.0,"fa_esri_protected":0.15881267089843748,"fa_globeland_protected":7.861066912841798,"fa_hansen10_protected":0.0,"fa_hansen20_protected":0.0,"fa_hansen30_protected":0.0,"fa_jaxa_protected":0.0,"fa_tandemx_protected":0.0,"fa_jrc_2020_protected":0.0,"ba_MODIS_2001":0.0,"ba_MODIS_2002":0.0,"ba_MODIS_2003":0.0,"ba_MODIS_2004":0.0,"ba_MODIS_2005":0.0,"ba_MODIS_2006":0.0,"ba_MODIS_2007":0.0,"ba_MODIS_2008":0.0,"ba_MODIS_2009":0.0,"ba_MODIS_2010":0.0,"ba_MODIS_2011":0.0,"ba_MODIS_2012":0.0,"ba_MODIS_2013":0.0,"ba_MODIS_2014":0.0,"ba_MODIS_2015":0.0,"ba_MODIS_2016":0.0,"ba_MODIS_2017":0.0,"ba_MODIS_2018":0.0,"ba_MODIS_2019":0.0,"ba_MODIS_2020":0.0,"ba_MODIS_2021":0.0,"ba_MODIS_2022":0.0,"ba_MODIS_2001_Hansen10":0.0,"ba_MODIS_2002_Hansen10":0.0,"ba_MODIS_2003_Hansen10":0.0,"ba_MODIS_2004_Hansen10":0.0,"ba_MODIS_2005_Hansen10":0.0,"ba_MODIS_2006_Hansen10":0.0,"ba_MODIS_2007_Hansen10":0.0,"ba_MODIS_2008_Hansen10":0.0,"ba_MODIS_2009_Hansen10":0.0,"ba_MODIS_2010_Hansen10":0.0,"ba_MODIS_2011_Hansen10":0.0,"ba_MODIS_2012_Hansen10":0.0,"ba_MODIS_2013_Hansen10":0.0,"ba_MODIS_2014_Hansen10":0.0,"ba_MODIS_2015_Hansen10":0.0,"ba_MODIS_2016_Hansen10":0.0,"ba_MODIS_2017_Hansen10":0.0,"ba_MODIS_2018_Hansen10":0.0,"ba_MODIS_2019_Hansen10":0.0,"ba_MODIS_2020_Hansen10":0.0,"ba_MODIS_2021_Hansen10":0.0,"ba_MODIS_2022_Hansen10":0.0}},{"type":"Feature","geometry":{"type":"MultiPoint","coordinates":[]},"properties":{"fa_agreement_esri_esa_glo_hansen10_gte_1":2408.343455948234,"fa_agreement_esri_esa_glo_hansen10_gte_2":173.94554073038736,"fa_agreement_esri_esa_glo_hansen10_gte_3":1.4042431274414062,"fa_agreement_esri_esa_glo_hansen10_gte_4":0.0,"fa_agreement_esri_esa_gte_1":771.2174445208898,"fa_agreement_esri_esa_gte_2":136.3212676880361,"fa_agreement_hansen10_gte_1":58292.18150589666,"fa_agreement_hansen10_gte_2":589.7655874557195,"fa_agreement_hansen10_gte_3":118.87396044457523,"fa_agreement_hansen10_gte_4":3.11232086777631,"fa_agreement_hansen10_gte_5":0.17561390380859376,"fa_agreement_hansen10_gte_6":0.0,"fa_agreement_hansen10_gte_7":0.0,"fa_agreement_hansen10_gte_8":0.0,"fa_agreement_hansen30_gte_9":0.0,"fa_agreement_hansen20_gte_1":58290.34245521306,"fa_agreement_hansen20_gte_2":583.0006264263317,"fa_agreement_hansen20_gte_3":114.36484474422667,"fa_agreement_hansen20_gte_4":2.586927532815372,"fa_agreement_hansen20_gte_5":0.17561390380859376,"fa_agreement_hansen20_gte_6":0.0,"fa_agreement_hansen20_gte_7":0.0,"fa_agreement_hansen20_gte_8":0.0,"fa_agreement_hansen30_gte_1":58265.13328639091,"fa_agreement_hansen30_gte_2":582.737920182435,"fa_agreement_hansen30_gte_3":113.94898127640057,"fa_agreement_hansen30_gte_4":2.586927532815372,"fa_agreement_hansen30_gte_5":0.17561390380859376,"fa_agreement_hansen30_gte_6":0.0,"fa_agreement_hansen30_gte_7":0.0,"fa_agreement_hansen30_gte_8":0.0,"fa_copernicus":0.0,"fa_esa_2009":141.86693712009804,"fa_esa_2020":708.992651365326,"fa_esri":197.82013699107742,"fa_globeland":1673.6773686225772,"fa_hansen10":15.71795455932617,"fa_hansen20":0.930121484375,"fa_hansen30":0.09285740356445313,"fa_jaxa":924.8411272802728,"fa_tandemx":55030.90138502228,"fa_jrc_2020":428.56254882677496,"fra_1a_forestArea":5.800000190734863,"fra_1a_landArea":2318.0,"fra_3b_protected":0.8999999761581421,"iso3":"DJI","total_area_ha":2175888.1013021795,"year":2020,"fa_copernicus_protected":0.0,"fa_esa_2009_protected":0.0,"fa_esa_2020_protected":0.0,"fa_esri_protected":0.0,"fa_globeland_protected":0.0,"fa_hansen10_protected":0.0,"fa_hansen20_protected":0.0,"fa_hansen30_protected":0.0,"fa_jaxa_protected":0.0,"fa_tandemx_protected":596.5620441467285,"fa_jrc_2020_protected":0.0,"ba_MODIS_2001":291.95232343749996,"ba_MODIS_2002":0.0,"ba_MODIS_2003":0.0,"ba_MODIS_2004":0.0,"ba_MODIS_2005":0.0,"ba_MODIS_2006":73.1024390625,"ba_MODIS_2007":0.0,"ba_MODIS_2008":5.246780943627451,"ba_MODIS_2009":0.0,"ba_MODIS_2010":0.0,"ba_MODIS_2011":267.63243906250005,"ba_MODIS_2012":10.023367555147058,"ba_MODIS_2013":0.0,"ba_MODIS_2014":0.0,"ba_MODIS_2015":11.63979125,"ba_MODIS_2016":851.8657031249998,"ba_MODIS_2017":146.021653125,"ba_MODIS_2018":0.0,"ba_MODIS_2019":0.0,"ba_MODIS_2020":608.76790625,"ba_MODIS_2021":121.74447656250001,"ba_MODIS_2022":219.24968750000002,"ba_MODIS_2001_Hansen10":0.0,"ba_MODIS_2002_Hansen10":0.0,"ba_MODIS_2003_Hansen10":0.0,"ba_MODIS_2004_Hansen10":0.0,"ba_MODIS_2005_Hansen10":0.0,"ba_MODIS_2006_Hansen10":0.0,"ba_MODIS_2007_Hansen10":0.0,"ba_MODIS_2008_Hansen10":0.0,"ba_MODIS_2009_Hansen10":0.0,"ba_MODIS_2010_Hansen10":0.0,"ba_MODIS_2011_Hansen10":0.0,"ba_MODIS_2012_Hansen10":0.0,"ba_MODIS_2013_Hansen10":0.0,"ba_MODIS_2014_Hansen10":0.0,"ba_MODIS_2015_Hansen10":0.0,"ba_MODIS_2016_Hansen10":0.0,"ba_MODIS_2017_Hansen10":0.0,"ba_MODIS_2018_Hansen10":0.0,"ba_MODIS_2019_Hansen10":0.0,"ba_MODIS_2020_Hansen10":0.0,"ba_MODIS_2021_Hansen10":0.0,"ba_MODIS_2022_Hansen10":0.0}},{"type":"Feature","geometry":{"type":"MultiPoint","coordinates":[]},"properties":{"fa_agreement_esri_esa_glo_hansen10_gte_1":1218008.0389719966,"fa_agreement_esri_esa_glo_hansen10_gte_2":59673.975707483725,"fa_agreement_esri_esa_glo_hansen10_gte_3":4939.63365352166,"fa_agreement_esri_esa_glo_hansen10_gte_4":0.0,"fa_agreement_esri_esa_gte_1":337361.5134344676,"fa_agreement_esri_esa_gte_2":18533.523905972197,"fa_agreement_hansen10_gte_1":1900381.001393295,"fa_agreement_hansen10_gte_2":205742.9692810085,"fa_agreement_hansen10_gte_3":47580.961833634865,"fa_agreement_hansen10_gte_4":12591.031071681395,"fa_agreement_hansen10_gte_5":3526.417725120488,"fa_agreement_hansen10_gte_6":574.6537767122408,"fa_agreement_hansen10_gte_7":0.0,"fa_agreement_hansen10_gte_8":0.0,"fa_agreement_hansen30_gte_9":0.0,"fa_agreement_hansen20_gte_1":1669861.3452233751,"fa_agreement_hansen20_gte_2":179383.332585244,"fa_agreement_hansen20_gte_3":41594.15418234374,"fa_agreement_hansen20_gte_4":11441.452009510247,"fa_agreement_hansen20_gte_5":3218.298938633042,"fa_agreement_hansen20_gte_6":403.2311920528887,"fa_agreement_hansen20_gte_7":0.0,"fa_agreement_hansen20_gte_8":0.0,"fa_agreement_hansen30_gte_1":1196755.2931617203,"fa_agreement_hansen30_gte_2":148341.16488322604,"fa_agreement_hansen30_gte_3":34247.43409796068,"fa_agreement_hansen30_gte_4":9667.825733856198,"fa_agreement_hansen30_gte_5":2657.0725816485974,"fa_agreement_hansen30_gte_6":294.3588526622107,"fa_agreement_hansen30_gte_7":0.0,"fa_agreement_hansen30_gte_8":0.0,"fa_copernicus":23641.18707072378,"fa_esa_2009":0.0,"fa_esa_2020":327629.9926267947,"fa_esri":28299.979568884442,"fa_globeland":12146.831721552358,"fa_hansen10":916631.5046955212,"fa_hansen20":651922.2551909322,"fa_hansen30":134092.12064479172,"fa_jaxa":534626.596895542,"fa_tandemx":302582.88075889,"fa_jrc_2020":37561.30755300158,"fra_1a_forestArea":44.97999954223633,"fra_1a_landArea":99545.0,"fra_3b_protected":null,"iso3":"EGY","total_area_ha":9.83244923795347E7,"year":2020,"fa_copernicus_protected":64.42687564697266,"fa_esa_2009_protected":0.0,"fa_esa_2020_protected":1191.3264335887318,"fa_esri_protected":36.72666792928058,"fa_globeland_protected":7.995117626953124,"fa_hansen10_protected":2.54274193725586,"fa_hansen20_protected":1.8399573364257817,"fa_hansen30_protected":1.8399573364257817,"fa_jaxa_protected":49914.20010050515,"fa_tandemx_protected":1849.3001323817746,"fa_jrc_2020_protected":102.86050771484395,"ba_MODIS_2001":89.9529375,"ba_MODIS_2002":10237.495425502448,"ba_MODIS_2003":6886.003280398287,"ba_MODIS_2004":21727.173020312468,"ba_MODIS_2005":18356.157957230378,"ba_MODIS_2006":68701.29780968773,"ba_MODIS_2007":67511.11614724288,"ba_MODIS_2008":30237.047020312464,"ba_MODIS_2009":33938.064987218124,"ba_MODIS_2010":38952.52954674013,"ba_MODIS_2011":31904.050440624993,"ba_MODIS_2012":39228.088559374926,"ba_MODIS_2013":98941.32113702291,"ba_MODIS_2014":72392.79998437548,"ba_MODIS_2015":45549.41862126227,"ba_MODIS_2016":75838.47944218767,"ba_MODIS_2017":38454.26942031248,"ba_MODIS_2018":5873.055335937508,"ba_MODIS_2019":15342.50840624999,"ba_MODIS_2020":18455.91858893382,"ba_MODIS_2021":33169.98523281253,"ba_MODIS_2022":1014.8365328124997,"ba_MODIS_2001_Hansen10":21.22251926879884,"ba_MODIS_2002_Hansen10":8081.552625787603,"ba_MODIS_2003_Hansen10":4982.240485052525,"ba_MODIS_2004_Hansen10":15151.926757262527,"ba_MODIS_2005_Hansen10":14065.221604620307,"ba_MODIS_2006_Hansen10":50497.36632158565,"ba_MODIS_2007_Hansen10":48157.950133919614,"ba_MODIS_2008_Hansen10":22800.500696007293,"ba_MODIS_2009_Hansen10":26226.946156284896,"ba_MODIS_2010_Hansen10":29925.068320524097,"ba_MODIS_2011_Hansen10":24363.74324614833,"ba_MODIS_2012_Hansen10":30625.868848215476,"ba_MODIS_2013_Hansen10":71371.54821406807,"ba_MODIS_2014_Hansen10":55793.51838736567,"ba_MODIS_2015_Hansen10":31851.021200840358,"ba_MODIS_2016_Hansen10":48212.08202535684,"ba_MODIS_2017_Hansen10":21220.961797240674,"ba_MODIS_2018_Hansen10":0.0,"ba_MODIS_2019_Hansen10":0.0,"ba_MODIS_2020_Hansen10":4274.671657318121,"ba_MODIS_2021_Hansen10":820.9758885375925,"ba_MODIS_2022_Hansen10":0.0}},{"type":"Feature","geometry":{"type":"MultiPoint","coordinates":[]},"properties":{"fa_agreement_esri_esa_glo_hansen10_gte_1":492240.9968219482,"fa_agreement_esri_esa_glo_hansen10_gte_2":53653.05216125371,"fa_agreement_esri_esa_glo_hansen10_gte_3":12990.140400321572,"fa_agreement_esri_esa_glo_hansen10_gte_4":842.3426829650903,"fa_agreement_esri_esa_gte_1":203675.54758377653,"fa_agreement_esri_esa_gte_2":30990.441837140363,"fa_agreement_hansen10_gte_1":2083199.966524059,"fa_agreement_hansen10_gte_2":563531.3844445641,"fa_agreement_hansen10_gte_3":171756.68955308307,"fa_agreement_hansen10_gte_4":41826.39233217045,"fa_agreement_hansen10_gte_5":13310.632727228744,"fa_agreement_hansen10_gte_6":3644.777047844495,"fa_agreement_hansen10_gte_7":631.6187139419877,"fa_agreement_hansen10_gte_8":73.42769992098934,"fa_agreement_hansen30_gte_9":0.0,"fa_agreement_hansen20_gte_1":2083172.2876447306,"fa_agreement_hansen20_gte_2":563482.8090265249,"fa_agreement_hansen20_gte_3":171671.03441051592,"fa_agreement_hansen20_gte_4":41649.013699513736,"fa_agreement_hansen20_gte_5":13015.973952148337,"fa_agreement_hansen20_gte_6":3211.8931075534183,"fa_agreement_hansen20_gte_7":262.37879108539596,"fa_agreement_hansen20_gte_8":9.933169854808137,"fa_agreement_hansen30_gte_1":2039710.6365204302,"fa_agreement_hansen30_gte_2":563482.8090265244,"fa_agreement_hansen30_gte_3":171670.4302020321,"fa_agreement_hansen30_gte_4":41646.49120647278,"fa_agreement_hansen30_gte_5":13006.57471587168,"fa_agreement_hansen30_gte_6":3187.84405015486,"fa_agreement_hansen30_gte_7":226.63296400486263,"fa_agreement_hansen30_gte_8":0.4310017456054688,"fa_copernicus":1454.1084183214618,"fa_esa_2009":1791.1861280790438,"fa_esa_2020":47457.88053932388,"fa_esri":187210.8658015549,"fa_globeland":324250.2756896766,"fa_hansen10":1632.4807460111513,"fa_hansen20":91.75342017822273,"fa_hansen30":8.521597338867187,"fa_jaxa":923424.8761148418,"fa_tandemx":1100879.5659042918,"fa_jrc_2020":342612.6304407537,"fra_1a_forestArea":1055.260009765625,"fra_1a_landArea":10100.0,"fra_3b_protected":107.0,"iso3":"ERI","total_area_ha":1.2083337536072139E7,"year":2020,"fa_copernicus_protected":0.0,"fa_esa_2009_protected":0.0,"fa_esa_2020_protected":99.265457038215,"fa_esri_protected":22.77605953136969,"fa_globeland_protected":14.828568603515624,"fa_hansen10_protected":0.69354296875,"fa_hansen20_protected":0.0,"fa_hansen30_protected":0.0,"fa_jaxa_protected":41.77258392977842,"fa_tandemx_protected":395.28195257300354,"fa_jrc_2020_protected":175.0475937326711,"ba_MODIS_2001":78488.49088100473,"ba_MODIS_2002":69941.81021874964,"ba_MODIS_2003":50451.48531858485,"ba_MODIS_2004":28169.4224083699,"ba_MODIS_2005":21434.43794588839,"ba_MODIS_2006":40473.72763997524,"ba_MODIS_2007":102407.53451052599,"ba_MODIS_2008":84119.89853597384,"ba_MODIS_2009":10546.1281586826,"ba_MODIS_2010":6318.971472352952,"ba_MODIS_2011":29168.404657653227,"ba_MODIS_2012":14533.378633161752,"ba_MODIS_2013":12481.574934650733,"ba_MODIS_2014":16707.310093541717,"ba_MODIS_2015":23118.709915275656,"ba_MODIS_2016":14857.15712809437,"ba_MODIS_2017":10755.776194191172,"ba_MODIS_2018":10848.440407395847,"ba_MODIS_2019":33723.823967530414,"ba_MODIS_2020":95475.84829273155,"ba_MODIS_2021":42006.49305609685,"ba_MODIS_2022":47765.02117509161,"ba_MODIS_2001_Hansen10":11.614533905029296,"ba_MODIS_2002_Hansen10":41.0900761352539,"ba_MODIS_2003_Hansen10":33.55149665527344,"ba_MODIS_2004_Hansen10":20.36979489746094,"ba_MODIS_2005_Hansen10":2.7727270568847655,"ba_MODIS_2006_Hansen10":7.107859490966796,"ba_MODIS_2007_Hansen10":27.240866215197997,"ba_MODIS_2008_Hansen10":39.69179685058594,"ba_MODIS_2009_Hansen10":0.25997391967773437,"ba_MODIS_2010_Hansen10":0.6061373901367189,"ba_MODIS_2011_Hansen10":109.92658052978543,"ba_MODIS_2012_Hansen10":11.779127905273437,"ba_MODIS_2013_Hansen10":6.927148925781252,"ba_MODIS_2014_Hansen10":0.7799535461425782,"ba_MODIS_2015_Hansen10":1.9067014465332033,"ba_MODIS_2016_Hansen10":0.25997940063476566,"ba_MODIS_2017_Hansen10":13.523265478515624,"ba_MODIS_2018_Hansen10":4.854596685791015,"ba_MODIS_2019_Hansen10":23.14699424438477,"ba_MODIS_2020_Hansen10":4.330774871826172,"ba_MODIS_2021_Hansen10":27.914416259765627,"ba_MODIS_2022_Hansen10":57.72088809204098}},{"type":"Feature","geometry":{"type":"MultiPoint","coordinates":[]},"properties":{"fa_agreement_esri_esa_glo_hansen10_gte_1":280238.2902771231,"fa_agreement_esri_esa_glo_hansen10_gte_2":10358.37185682318,"fa_agreement_esri_esa_glo_hansen10_gte_3":640.978275310873,"fa_agreement_esri_esa_glo_hansen10_gte_4":0.0,"fa_agreement_esri_esa_gte_1":185589.32095206509,"fa_agreement_esri_esa_gte_2":5537.459261141297,"fa_agreement_hansen10_gte_1":696586.7369129797,"fa_agreement_hansen10_gte_2":59610.99605865611,"fa_agreement_hansen10_gte_3":12999.021858268112,"fa_agreement_hansen10_gte_4":2515.2616156368795,"fa_agreement_hansen10_gte_5":444.566031210386,"fa_agreement_hansen10_gte_6":74.77096829738244,"fa_agreement_hansen10_gte_7":0.0,"fa_agreement_hansen10_gte_8":0.0,"fa_agreement_hansen30_gte_9":0.0,"fa_agreement_hansen20_gte_1":696582.6151741251,"fa_agreement_hansen20_gte_2":59609.451187208375,"fa_agreement_hansen20_gte_3":12997.838915011085,"fa_agreement_hansen20_gte_4":2513.842697761237,"fa_agreement_hansen20_gte_5":444.2212378449074,"fa_agreement_hansen20_gte_6":74.77096829738244,"fa_agreement_hansen20_gte_7":0.0,"fa_agreement_hansen20_gte_8":0.0,"fa_agreement_hansen30_gte_1":684849.4000832854,"fa_agreement_hansen30_gte_2":59609.45118720829,"fa_agreement_hansen30_gte_3":12997.838915011083,"fa_agreement_hansen30_gte_4":2513.8426977612366,"fa_agreement_hansen30_gte_5":444.2212378449075,"fa_agreement_hansen30_gte_6":74.77096829738244,"fa_agreement_hansen30_gte_7":0.0,"fa_agreement_hansen30_gte_8":0.0,"fa_copernicus":293.9425655273438,"fa_esa_2009":201.15269609375008,"fa_esa_2020":43500.621013160126,"fa_esri":147623.53982258053,"fa_globeland":101373.03088542412,"fa_hansen10":8.734505593022366,"fa_hansen20":0.5488336181640625,"fa_hansen30":0.4575585021972656,"fa_jaxa":164706.92076307262,"fa_tandemx":270864.8896069881,"fa_jrc_2020":51625.2415931888,"fra_1a_forestArea":312.79998779296875,"fra_1a_landArea":103070.0,"fra_3b_protected":50.0,"iso3":"MRT","total_area_ha":1.0396334004585478E8,"year":2020,"fa_copernicus_protected":0.0,"fa_esa_2009_protected":9.448423950195314,"fa_esa_2020_protected":105.16707685609111,"fa_esri_protected":672.1785328396719,"fa_globeland_protected":164.61397806367745,"fa_hansen10_protected":2.233690051269531,"fa_hansen20_protected":0.3435584838867187,"fa_hansen30_protected":0.2576342651367187,"fa_jaxa_protected":145.1567143310546,"fa_tandemx_protected":3968.3207376556566,"fa_jrc_2020_protected":295.0375747138301,"ba_MODIS_2001":512342.5598310365,"ba_MODIS_2002":92006.37992366389,"ba_MODIS_2003":31115.22916821696,"ba_MODIS_2004":253823.98107430365,"ba_MODIS_2005":272767.33470539114,"ba_MODIS_2006":324343.4130736866,"ba_MODIS_2007":815503.0159909644,"ba_MODIS_2008":371751.3068072144,"ba_MODIS_2009":362269.9603066842,"ba_MODIS_2010":632358.8628934314,"ba_MODIS_2011":289067.59605135757,"ba_MODIS_2012":282457.58994318487,"ba_MODIS_2013":235124.61766674946,"ba_MODIS_2014":35474.93759382361,"ba_MODIS_2015":42203.0829834375,"ba_MODIS_2016":155114.99748836985,"ba_MODIS_2017":79436.8033352392,"ba_MODIS_2018":22408.601895876218,"ba_MODIS_2019":149516.14707212104,"ba_MODIS_2020":153955.02597509752,"ba_MODIS_2021":268174.4032049612,"ba_MODIS_2022":45291.53773944259,"ba_MODIS_2001_Hansen10":0.17298948364257813,"ba_MODIS_2002_Hansen10":0.0,"ba_MODIS_2003_Hansen10":0.1717410888671875,"ba_MODIS_2004_Hansen10":0.259485009765625,"ba_MODIS_2005_Hansen10":0.0,"ba_MODIS_2006_Hansen10":0.43122609863281247,"ba_MODIS_2007_Hansen10":0.43018599243164063,"ba_MODIS_2008_Hansen10":0.34527194213867185,"ba_MODIS_2009_Hansen10":0.0859010009765625,"ba_MODIS_2010_Hansen10":0.259485009765625,"ba_MODIS_2011_Hansen10":0.0,"ba_MODIS_2012_Hansen10":0.5153495483398438,"ba_MODIS_2013_Hansen10":1.3724373657226565,"ba_MODIS_2014_Hansen10":0.0,"ba_MODIS_2015_Hansen10":0.6889335571289062,"ba_MODIS_2016_Hansen10":0.17298948364257813,"ba_MODIS_2017_Hansen10":0.259485009765625,"ba_MODIS_2018_Hansen10":0.0,"ba_MODIS_2019_Hansen10":0.0859010009765625,"ba_MODIS_2020_Hansen10":0.259485009765625,"ba_MODIS_2021_Hansen10":0.0,"ba_MODIS_2022_Hansen10":0.08649552612304688}},{"type":"Feature","geometry":{"type":"MultiPoint","coordinates":[]},"properties":{"fa_agreement_esri_esa_glo_hansen10_gte_1":166098.12199735164,"fa_agreement_esri_esa_glo_hansen10_gte_2":90381.55044425649,"fa_agreement_esri_esa_glo_hansen10_gte_3":52394.56365375196,"fa_agreement_esri_esa_glo_hansen10_gte_4":0.0,"fa_agreement_esri_esa_gte_1":105533.50930926921,"fa_agreement_esri_esa_gte_2":57063.03606565509,"fa_agreement_hansen10_gte_1":181346.48036128856,"fa_agreement_hansen10_gte_2":144785.3499938757,"fa_agreement_hansen10_gte_3":103454.24210551137,"fa_agreement_hansen10_gte_4":77302.72872733088,"fa_agreement_hansen10_gte_5":58705.98299745328,"fa_agreement_hansen10_gte_6":37935.62888558412,"fa_agreement_hansen10_gte_7":10701.60523873167,"fa_agreement_hansen10_gte_8":0.0,"fa_agreement_hansen30_gte_9":0.0,"fa_agreement_hansen20_gte_1":174454.0807348855,"fa_agreement_hansen20_gte_2":132586.58017370122,"fa_agreement_hansen20_gte_3":96059.76037847422,"fa_agreement_hansen20_gte_4":72954.20298801853,"fa_agreement_hansen20_gte_5":56249.65706999632,"fa_agreement_hansen20_gte_6":36934.00670812452,"fa_agreement_hansen20_gte_7":10531.324101722385,"fa_agreement_hansen20_gte_8":0.0,"fa_agreement_hansen30_gte_1":173347.09503497265,"fa_agreement_hansen30_gte_2":120449.46382525207,"fa_agreement_hansen30_gte_3":88297.72622612244,"fa_agreement_hansen30_gte_4":67727.57795093844,"fa_agreement_hansen30_gte_5":52705.80476400721,"fa_agreement_hansen30_gte_6":35167.61584109138,"fa_agreement_hansen30_gte_7":10183.250452969432,"fa_agreement_hansen30_gte_8":0.0,"fa_copernicus":0.0,"fa_esa_2009":65632.86807236983,"fa_esa_2020":102264.31586061783,"fa_esri":60324.93349054486,"fa_globeland":1430.3626285818002,"fa_hansen10":144431.3833641244,"fa_hansen20":108594.31238960565,"fa_hansen30":69565.24725788679,"fa_jaxa":133380.73148229544,"fa_tandemx":45834.51695427793,"fa_jrc_2020":79457.4389218894,"fra_1a_forestArea":38.77000045776367,"fra_1a_landArea":203.0,"fra_3b_protected":14.829999923706055,"iso3":"MUS","total_area_ha":207196.10455933693,"year":2020,"fa_copernicus_protected":0.0,"fa_esa_2009_protected":5498.5776295686055,"fa_esa_2020_protected":7054.894872497169,"fa_esri_protected":6863.663888457597,"fa_globeland_protected":0.0,"fa_hansen10_protected":7281.854987657665,"fa_hansen20_protected":7175.6117382882985,"fa_hansen30_protected":6971.188412096142,"fa_jaxa_protected":7204.036980787835,"fa_tandemx_protected":2629.5346687806373,"fa_jrc_2020_protected":6953.372510646972,"ba_MODIS_2001":0.0,"ba_MODIS_2002":420.46338437500003,"ba_MODIS_2003":887.5290296875002,"ba_MODIS_2004":0.0,"ba_MODIS_2005":0.0,"ba_MODIS_2006":2126.0105750857833,"ba_MODIS_2007":0.0,"ba_MODIS_2008":0.0,"ba_MODIS_2009":0.0,"ba_MODIS_2010":2217.626804687499,"ba_MODIS_2011":0.0,"ba_MODIS_2012":933.9862828124998,"ba_MODIS_2013":1430.951112254902,"ba_MODIS_2014":1751.584553124999,"ba_MODIS_2015":0.0,"ba_MODIS_2016":0.0,"ba_MODIS_2017":0.0,"ba_MODIS_2018":116.7269484375,"ba_MODIS_2019":0.0,"ba_MODIS_2020":0.0,"ba_MODIS_2021":0.0,"ba_MODIS_2022":0.0,"ba_MODIS_2001_Hansen10":0.0,"ba_MODIS_2002_Hansen10":347.4202713378923,"ba_MODIS_2003_Hansen10":714.9517527954093,"ba_MODIS_2004_Hansen10":0.0,"ba_MODIS_2005_Hansen10":0.0,"ba_MODIS_2006_Hansen10":1575.327020720506,"ba_MODIS_2007_Hansen10":0.0,"ba_MODIS_2008_Hansen10":0.0,"ba_MODIS_2009_Hansen10":0.0,"ba_MODIS_2010_Hansen10":1832.7679491332954,"ba_MODIS_2011_Hansen10":0.0,"ba_MODIS_2012_Hansen10":675.7213661743071,"ba_MODIS_2013_Hansen10":1053.6579013779894,"ba_MODIS_2014_Hansen10":1366.7844260009813,"ba_MODIS_2015_Hansen10":0.0,"ba_MODIS_2016_Hansen10":0.0,"ba_MODIS_2017_Hansen10":0.0,"ba_MODIS_2018_Hansen10":76.14544074096688,"ba_MODIS_2019_Hansen10":0.0,"ba_MODIS_2020_Hansen10":0.0,"ba_MODIS_2021_Hansen10":0.0,"ba_MODIS_2022_Hansen10":0.0}},{"type":"Feature","geometry":{"type":"MultiPoint","coordinates":[]},"properties":{"fa_agreement_esri_esa_glo_hansen10_gte_1":569692.2049182773,"fa_agreement_esri_esa_glo_hansen10_gte_2":42177.51232402575,"fa_agreement_esri_esa_glo_hansen10_gte_3":5495.793777198636,"fa_agreement_esri_esa_glo_hansen10_gte_4":438.10358465590497,"fa_agreement_esri_esa_gte_1":531318.2990021623,"fa_agreement_esri_esa_gte_2":24968.98787846437,"fa_agreement_hansen10_gte_1":1405560.920553299,"fa_agreement_hansen10_gte_2":213342.09524313643,"fa_agreement_hansen10_gte_3":47780.4072767257,"fa_agreement_hansen10_gte_4":13585.130492895261,"fa_agreement_hansen10_gte_5":4546.213941326072,"fa_agreement_hansen10_gte_6":1508.5554979883304,"fa_agreement_hansen10_gte_7":348.0881354371789,"fa_agreement_hansen10_gte_8":42.624199757917836,"fa_agreement_hansen30_gte_9":0.0,"fa_agreement_hansen20_gte_1":1400160.4805302003,"fa_agreement_hansen20_gte_2":207455.7902586877,"fa_agreement_hansen20_gte_3":41681.619505340044,"fa_agreement_hansen20_gte_4":9343.33272096837,"fa_agreement_hansen20_gte_5":2393.5061715182455,"fa_agreement_hansen20_gte_6":440.8339531524773,"fa_agreement_hansen20_gte_7":49.97355250555302,"fa_agreement_hansen20_gte_8":0.7861903869628907,"fa_agreement_hansen30_gte_1":1351705.2332726365,"fa_agreement_hansen30_gte_2":207450.63736424173,"fa_agreement_hansen30_gte_3":41680.4206867598,"fa_agreement_hansen30_gte_4":9342.284673794305,"fa_agreement_hansen30_gte_5":2392.3707803988627,"fa_agreement_hansen30_gte_6":437.8645044647333,"fa_agreement_hansen30_gte_7":46.82953509222295,"fa_agreement_hansen30_gte_8":0.5241750183105469,"fa_copernicus":8726.794246187577,"fa_esa_2009":2102.477561326593,"fa_esa_2020":81736.69132783735,"fa_esri":474547.519845557,"fa_globeland":37471.65325904917,"fa_hansen10":26662.759246572285,"fa_hansen20":18.515139532829735,"fa_hansen30":0.8345005126953124,"fa_jaxa":294414.6386673071,"fa_tandemx":561724.7335732186,"fa_jrc_2020":239456.05019219313,"fra_1a_forestArea":1079.699951171875,"fra_1a_landArea":126670.0,"fra_3b_protected":220.0,"iso3":"NER","total_area_ha":1.1861745330590583E8,"year":2020,"fa_copernicus_protected":2733.3573320681026,"fa_esa_2009_protected":1852.5949808031955,"fa_esa_2020_protected":11670.152499186026,"fa_esri_protected":207983.59484577915,"fa_globeland_protected":4458.638940860374,"fa_hansen10_protected":20462.7982580775,"fa_hansen20_protected":19.389090783691408,"fa_hansen30_protected":0.8733245422363282,"fa_jaxa_protected":126125.53716001575,"fa_tandemx_protected":158218.06896788257,"fa_jrc_2020_protected":134113.93882563955,"ba_MODIS_2001":353863.06109454425,"ba_MODIS_2002":236153.01579287718,"ba_MODIS_2003":296195.2873993005,"ba_MODIS_2004":204216.48388559622,"ba_MODIS_2005":218839.26727047845,"ba_MODIS_2006":173938.1377912019,"ba_MODIS_2007":293596.5518908717,"ba_MODIS_2008":240448.7319657919,"ba_MODIS_2009":211193.20355813985,"ba_MODIS_2010":249088.0324129023,"ba_MODIS_2011":197776.30125568033,"ba_MODIS_2012":199344.2443338909,"ba_MODIS_2013":230587.3840428865,"ba_MODIS_2014":285545.56160006125,"ba_MODIS_2015":180786.589777929,"ba_MODIS_2016":315257.85360920476,"ba_MODIS_2017":248179.06886866933,"ba_MODIS_2018":319102.30544049223,"ba_MODIS_2019":264740.034572655,"ba_MODIS_2020":348281.48393235245,"ba_MODIS_2021":824673.8376264032,"ba_MODIS_2022":165845.94687615236,"ba_MODIS_2001_Hansen10":7983.167573641444,"ba_MODIS_2002_Hansen10":11246.053103587608,"ba_MODIS_2003_Hansen10":12042.858750734496,"ba_MODIS_2004_Hansen10":10119.716560517529,"ba_MODIS_2005_Hansen10":11725.337165691662,"ba_MODIS_2006_Hansen10":9093.95007958189,"ba_MODIS_2007_Hansen10":11356.89477390378,"ba_MODIS_2008_Hansen10":10905.779961060583,"ba_MODIS_2009_Hansen10":10185.649439642108,"ba_MODIS_2010_Hansen10":10929.846818671478,"ba_MODIS_2011_Hansen10":8840.547785260951,"ba_MODIS_2012_Hansen10":10161.719168757707,"ba_MODIS_2013_Hansen10":10421.565135946224,"ba_MODIS_2014_Hansen10":9074.90315217345,"ba_MODIS_2015_Hansen10":9123.615024488472,"ba_MODIS_2016_Hansen10":9946.813254284292,"ba_MODIS_2017_Hansen10":13473.447876656359,"ba_MODIS_2018_Hansen10":10140.102685158019,"ba_MODIS_2019_Hansen10":12124.109587798797,"ba_MODIS_2020_Hansen10":7610.376837834069,"ba_MODIS_2021_Hansen10":6875.576662265187,"ba_MODIS_2022_Hansen10":3286.95613577253}},{"type":"Feature","geometry":{"type":"MultiPoint","coordinates":[]},"properties":{"fa_agreement_esri_esa_glo_hansen10_gte_1":24035.001674831172,"fa_agreement_esri_esa_glo_hansen10_gte_2":20871.0396668203,"fa_agreement_esri_esa_glo_hansen10_gte_3":14204.868715526096,"fa_agreement_esri_esa_glo_hansen10_gte_4":285.25100717005364,"fa_agreement_esri_esa_gte_1":20693.819165826862,"fa_agreement_esri_esa_gte_2":13774.12596983202,"fa_agreement_hansen10_gte_1":23502.70397358404,"fa_agreement_hansen10_gte_2":21331.02929326188,"fa_agreement_hansen10_gte_3":18621.911164863777,"fa_agreement_hansen10_gte_4":14686.50910301586,"fa_agreement_hansen10_gte_5":8802.577343714518,"fa_agreement_hansen10_gte_6":3272.2114335887677,"fa_agreement_hansen10_gte_7":430.54742161413003,"fa_agreement_hansen10_gte_8":0.0,"fa_agreement_hansen30_gte_9":0.0,"fa_agreement_hansen20_gte_1":23451.904753692517,"fa_agreement_hansen20_gte_2":20920.79852340193,"fa_agreement_hansen20_gte_3":18340.58957448686,"fa_agreement_hansen20_gte_4":14627.429695720519,"fa_agreement_hansen20_gte_5":8792.582485679513,"fa_agreement_hansen20_gte_6":3271.9467390514146,"fa_agreement_hansen20_gte_7":430.54742161413003,"fa_agreement_hansen20_gte_8":0.0,"fa_agreement_hansen30_gte_1":24584.505794983783,"fa_agreement_hansen30_gte_2":20760.64596178016,"fa_agreement_hansen30_gte_3":18100.025900707184,"fa_agreement_hansen30_gte_4":14484.305958778285,"fa_agreement_hansen30_gte_5":8764.67651598055,"fa_agreement_hansen30_gte_6":3269.3229616304493,"fa_agreement_hansen30_gte_7":430.54742161413003,"fa_agreement_hansen30_gte_8":0.0,"fa_copernicus":0.0,"fa_esa_2009":3972.9055348039183,"fa_esa_2020":18610.465870840377,"fa_esri":15861.566813528621,"fa_globeland":22556.54154145173,"fa_hansen10":2356.3891496862375,"fa_hansen20":1535.6759854770828,"fa_hansen30":911.6742415404374,"fa_jaxa":5810.526063744296,"fa_tandemx":15451.918304077453,"fa_jrc_2020":10093.583268536564,"fra_1a_forestArea":33.70000076293945,"fra_1a_landArea":46.0,"fra_3b_protected":null,"iso3":"SYC","total_area_ha":47783.91297163263,"year":2020,"fa_copernicus_protected":0.0,"fa_esa_2009_protected":2279.9771890152724,"fa_esa_2020_protected":4466.406979070926,"fa_esri_protected":5704.342110580272,"fa_globeland_protected":7046.940391691586,"fa_hansen10_protected":2278.309992157372,"fa_hansen20_protected":1532.6523573374277,"fa_hansen30_protected":907.6261004219139,"fa_jaxa_protected":2859.689433442291,"fa_tandemx_protected":3659.1395552085764,"fa_jrc_2020_protected":2539.1527172182678,"ba_MODIS_2001":0.0,"ba_MODIS_2002":0.0,"ba_MODIS_2003":0.0,"ba_MODIS_2004":0.0,"ba_MODIS_2005":0.0,"ba_MODIS_2006":0.0,"ba_MODIS_2007":0.0,"ba_MODIS_2008":0.0,"ba_MODIS_2009":0.0,"ba_MODIS_2010":0.0,"ba_MODIS_2011":0.0,"ba_MODIS_2012":0.0,"ba_MODIS_2013":0.0,"ba_MODIS_2014":0.0,"ba_MODIS_2015":0.0,"ba_MODIS_2016":0.0,"ba_MODIS_2017":0.0,"ba_MODIS_2018":0.0,"ba_MODIS_2019":0.0,"ba_MODIS_2020":0.0,"ba_MODIS_2021":0.0,"ba_MODIS_2022":0.0,"ba_MODIS_2001_Hansen10":0.0,"ba_MODIS_2002_Hansen10":0.0,"ba_MODIS_2003_Hansen10":0.0,"ba_MODIS_2004_Hansen10":0.0,"ba_MODIS_2005_Hansen10":0.0,"ba_MODIS_2006_Hansen10":0.0,"ba_MODIS_2007_Hansen10":0.0,"ba_MODIS_2008_Hansen10":0.0,"ba_MODIS_2009_Hansen10":0.0,"ba_MODIS_2010_Hansen10":0.0,"ba_MODIS_2011_Hansen10":0.0,"ba_MODIS_2012_Hansen10":0.0,"ba_MODIS_2013_Hansen10":0.0,"ba_MODIS_2014_Hansen10":0.0,"ba_MODIS_2015_Hansen10":0.0,"ba_MODIS_2016_Hansen10":0.0,"ba_MODIS_2017_Hansen10":0.0,"ba_MODIS_2018_Hansen10":0.0,"ba_MODIS_2019_Hansen10":0.0,"ba_MODIS_2020_Hansen10":0.0,"ba_MODIS_2021_Hansen10":0.0,"ba_MODIS_2022_Hansen10":0.0}},{"type":"Feature","geometry":{"type":"MultiPoint","coordinates":[]},"properties":{"fa_agreement_esri_esa_glo_hansen10_gte_1":15459.402767927382,"fa_agreement_esri_esa_glo_hansen10_gte_2":8806.369689570252,"fa_agreement_esri_esa_glo_hansen10_gte_3":1185.6326185425746,"fa_agreement_esri_esa_glo_hansen10_gte_4":0.0,"fa_agreement_esri_esa_gte_1":14955.28532782858,"fa_agreement_esri_esa_gte_2":7963.395877072032,"fa_agreement_hansen10_gte_1":22601.67397913479,"fa_agreement_hansen10_gte_2":12398.860861611036,"fa_agreement_hansen10_gte_3":6250.539933295086,"fa_agreement_hansen10_gte_4":1618.4771971470852,"fa_agreement_hansen10_gte_5":613.962061243523,"fa_agreement_hansen10_gte_6":86.40454207945633,"fa_agreement_hansen10_gte_7":0.0,"fa_agreement_hansen10_gte_8":0.0,"fa_agreement_hansen30_gte_9":0.0,"fa_agreement_hansen20_gte_1":22601.67397913479,"fa_agreement_hansen20_gte_2":12398.860861611036,"fa_agreement_hansen20_gte_3":6250.539933295086,"fa_agreement_hansen20_gte_4":1618.4771971470852,"fa_agreement_hansen20_gte_5":613.962061243523,"fa_agreement_hansen20_gte_6":86.40454207945633,"fa_agreement_hansen20_gte_7":0.0,"fa_agreement_hansen20_gte_8":0.0,"fa_agreement_hansen30_gte_1":22700.965903940963,"fa_agreement_hansen30_gte_2":12398.860861611036,"fa_agreement_hansen30_gte_3":6250.539933295086,"fa_agreement_hansen30_gte_4":1618.4771971470852,"fa_agreement_hansen30_gte_5":613.962061243523,"fa_agreement_hansen30_gte_6":86.40454207945633,"fa_agreement_hansen30_gte_7":0.0,"fa_agreement_hansen30_gte_8":0.0,"fa_copernicus":0.0,"fa_esa_2009":4139.443710333948,"fa_esa_2020":12118.886047791091,"fa_esri":10804.493012942887,"fa_globeland":2676.997830896041,"fa_hansen10":0.0,"fa_hansen20":0.0,"fa_hansen30":0.0,"fa_jaxa":0.0,"fa_tandemx":13910.91912815034,"fa_jrc_2020":613.0428621687491,"fra_1a_forestArea":2.0,"fra_1a_landArea":39.0,"fra_3b_protected":null,"iso3":"SHN","total_area_ha":40419.794945332345,"year":2020,"fa_copernicus_protected":0.0,"fa_esa_2009_protected":0.0,"fa_esa_2020_protected":0.17710942993164064,"fa_esri_protected":0.0,"fa_globeland_protected":0.17710987548828125,"fa_hansen10_protected":0.0,"fa_hansen20_protected":0.0,"fa_hansen30_protected":0.0,"fa_jaxa_protected":0.0,"fa_tandemx_protected":132.45002385196528,"fa_jrc_2020_protected":0.0,"ba_MODIS_2001":0.0,"ba_MODIS_2002":0.0,"ba_MODIS_2003":0.0,"ba_MODIS_2004":0.0,"ba_MODIS_2005":0.0,"ba_MODIS_2006":0.0,"ba_MODIS_2007":0.0,"ba_MODIS_2008":0.0,"ba_MODIS_2009":0.0,"ba_MODIS_2010":0.0,"ba_MODIS_2011":0.0,"ba_MODIS_2012":0.0,"ba_MODIS_2013":0.0,"ba_MODIS_2014":0.0,"ba_MODIS_2015":0.0,"ba_MODIS_2016":0.0,"ba_MODIS_2017":0.0,"ba_MODIS_2018":0.0,"ba_MODIS_2019":0.0,"ba_MODIS_2020":0.0,"ba_MODIS_2021":0.0,"ba_MODIS_2022":0.0,"ba_MODIS_2001_Hansen10":0.0,"ba_MODIS_2002_Hansen10":0.0,"ba_MODIS_2003_Hansen10":0.0,"ba_MODIS_2004_Hansen10":0.0,"ba_MODIS_2005_Hansen10":0.0,"ba_MODIS_2006_Hansen10":0.0,"ba_MODIS_2007_Hansen10":0.0,"ba_MODIS_2008_Hansen10":0.0,"ba_MODIS_2009_Hansen10":0.0,"ba_MODIS_2010_Hansen10":0.0,"ba_MODIS_2011_Hansen10":0.0,"ba_MODIS_2012_Hansen10":0.0,"ba_MODIS_2013_Hansen10":0.0,"ba_MODIS_2014_Hansen10":0.0,"ba_MODIS_2015_Hansen10":0.0,"ba_MODIS_2016_Hansen10":0.0,"ba_MODIS_2017_Hansen10":0.0,"ba_MODIS_2018_Hansen10":0.0,"ba_MODIS_2019_Hansen10":0.0,"ba_MODIS_2020_Hansen10":0.0,"ba_MODIS_2021_Hansen10":0.0,"ba_MODIS_2022_Hansen10":0.0}},{"type":"Feature","geometry":{"type":"MultiPoint","coordinates":[]},"properties":{"fa_agreement_esri_esa_glo_hansen10_gte_1":216251.75270576956,"fa_agreement_esri_esa_glo_hansen10_gte_2":166323.96987267473,"fa_agreement_esri_esa_glo_hansen10_gte_3":113896.13280927588,"fa_agreement_esri_esa_glo_hansen10_gte_4":0.0,"fa_agreement_esri_esa_gte_1":179445.1149110314,"fa_agreement_esri_esa_gte_2":119562.70920945452,"fa_agreement_hansen10_gte_1":234905.77482288203,"fa_agreement_hansen10_gte_2":208649.7582934058,"fa_agreement_hansen10_gte_3":178390.88614424987,"fa_agreement_hansen10_gte_4":152808.17534673933,"fa_agreement_hansen10_gte_5":126788.08493341306,"fa_agreement_hansen10_gte_6":81614.44061264012,"fa_agreement_hansen10_gte_7":23334.28970057842,"fa_agreement_hansen10_gte_8":1637.6812760710795,"fa_agreement_hansen30_gte_9":0.0,"fa_agreement_hansen20_gte_1":233706.05001649074,"fa_agreement_hansen20_gte_2":206274.46219693974,"fa_agreement_hansen20_gte_3":175701.69607530633,"fa_agreement_hansen20_gte_4":151025.3264314608,"fa_agreement_hansen20_gte_5":125801.75454176753,"fa_agreement_hansen20_gte_6":80982.44713327834,"fa_agreement_hansen20_gte_7":23138.955412612384,"fa_agreement_hansen20_gte_8":1622.0386060483659,"fa_agreement_hansen30_gte_1":239940.03458022678,"fa_agreement_hansen30_gte_2":202235.58151557262,"fa_agreement_hansen30_gte_3":170698.55269709503,"fa_agreement_hansen30_gte_4":146936.6955619419,"fa_agreement_hansen30_gte_5":123194.46803662836,"fa_agreement_hansen30_gte_6":79583.86335520068,"fa_agreement_hansen30_gte_7":22698.856115065177,"fa_agreement_hansen30_gte_8":1583.156926991923,"fa_copernicus":12001.36929521746,"fa_esa_2009":139941.83599458233,"fa_esa_2020":161864.91664884094,"fa_esri":137155.69537333344,"fa_globeland":0.0,"fa_hansen10":196941.86261330117,"fa_hansen20":186491.29797276686,"fa_hansen30":165276.23288440472,"fa_jaxa":172602.21574638228,"fa_tandemx":69351.70587276194,"fa_jrc_2020":147940.91181750322,"fra_1a_forestArea":98.44000244140625,"fra_1a_landArea":251.0,"fra_3b_protected":60.20000076293945,"iso3":"REU","total_area_ha":255138.94576100828,"year":2020,"fa_copernicus_protected":3202.9190806213574,"fa_esa_2009_protected":84581.60259743663,"fa_esa_2020_protected":77328.96709534354,"fa_esri_protected":84762.94078713274,"fa_globeland_protected":0.0,"fa_hansen10_protected":88369.14758965181,"fa_hansen20_protected":85333.99314871657,"fa_hansen30_protected":81000.41713931617,"fa_jaxa_protected":70139.72607562567,"fa_tandemx_protected":42701.55183849254,"fa_jrc_2020_protected":80571.25100076575,"ba_MODIS_2001":0.0,"ba_MODIS_2002":0.0,"ba_MODIS_2003":0.0,"ba_MODIS_2004":0.0,"ba_MODIS_2005":0.0,"ba_MODIS_2006":0.0,"ba_MODIS_2007":0.0,"ba_MODIS_2008":0.0,"ba_MODIS_2009":0.0,"ba_MODIS_2010":974.8316875000003,"ba_MODIS_2011":2134.5349015624997,"ba_MODIS_2012":0.0,"ba_MODIS_2013":0.0,"ba_MODIS_2014":0.0,"ba_MODIS_2015":0.0,"ba_MODIS_2016":0.0,"ba_MODIS_2017":0.0,"ba_MODIS_2018":0.0,"ba_MODIS_2019":0.0,"ba_MODIS_2020":0.0,"ba_MODIS_2021":0.0,"ba_MODIS_2022":0.0,"ba_MODIS_2001_Hansen10":0.0,"ba_MODIS_2002_Hansen10":0.0,"ba_MODIS_2003_Hansen10":0.0,"ba_MODIS_2004_Hansen10":0.0,"ba_MODIS_2005_Hansen10":0.0,"ba_MODIS_2006_Hansen10":0.0,"ba_MODIS_2007_Hansen10":0.0,"ba_MODIS_2008_Hansen10":0.0,"ba_MODIS_2009_Hansen10":0.0,"ba_MODIS_2010_Hansen10":607.9457694274857,"ba_MODIS_2011_Hansen10":1354.61867682494,"ba_MODIS_2012_Hansen10":0.0,"ba_MODIS_2013_Hansen10":0.0,"ba_MODIS_2014_Hansen10":0.0,"ba_MODIS_2015_Hansen10":0.0,"ba_MODIS_2016_Hansen10":0.0,"ba_MODIS_2017_Hansen10":0.0,"ba_MODIS_2018_Hansen10":0.0,"ba_MODIS_2019_Hansen10":0.0,"ba_MODIS_2020_Hansen10":0.0,"ba_MODIS_2021_Hansen10":0.0,"ba_MODIS_2022_Hansen10":0.0}},{"type":"Feature","geometry":{"type":"MultiPoint","coordinates":[]},"properties":{"fa_agreement_esri_esa_glo_hansen10_gte_1":34490.68145821573,"fa_agreement_esri_esa_glo_hansen10_gte_2":33419.703686655805,"fa_agreement_esri_esa_glo_hansen10_gte_3":31718.15341001336,"fa_agreement_esri_esa_glo_hansen10_gte_4":24857.715267723346,"fa_agreement_esri_esa_gte_1":33133.590639586015,"fa_agreement_esri_esa_gte_2":27214.004073173266,"fa_agreement_hansen10_gte_1":35155.843133789705,"fa_agreement_hansen10_gte_2":34026.711075238796,"fa_agreement_hansen10_gte_3":33116.682124597835,"fa_agreement_hansen10_gte_4":32327.258945893707,"fa_agreement_hansen10_gte_5":31251.950990511104,"fa_agreement_hansen10_gte_6":29414.26380739662,"fa_agreement_hansen10_gte_7":26144.483068182948,"fa_agreement_hansen10_gte_8":19042.63795933621,"fa_agreement_hansen30_gte_9":7021.324708160142,"fa_agreement_hansen20_gte_1":35137.39860674306,"fa_agreement_hansen20_gte_2":33982.4135938468,"fa_agreement_hansen20_gte_3":33039.998616043,"fa_agreement_hansen20_gte_4":32244.49423479224,"fa_agreement_hansen20_gte_5":31183.88092769371,"fa_agreement_hansen20_gte_6":29357.72775637635,"fa_agreement_hansen20_gte_7":26078.33702415529,"fa_agreement_hansen20_gte_8":18978.401889808054,"fa_agreement_hansen30_gte_1":35835.56324798543,"fa_agreement_hansen30_gte_2":33934.550539687145,"fa_agreement_hansen30_gte_3":32943.93523176403,"fa_agreement_hansen30_gte_4":32095.90378343934,"fa_agreement_hansen30_gte_5":31036.7722805231,"fa_agreement_hansen30_gte_6":29230.185784965106,"fa_agreement_hansen30_gte_7":25951.40468823231,"fa_agreement_hansen30_gte_8":18857.470568559456,"fa_copernicus":22984.807329686802,"fa_esa_2009":14124.441449678357,"fa_esa_2020":33029.39487045587,"fa_esri":27321.12975956247,"fa_globeland":33090.606996123155,"fa_hansen10":30998.01177599451,"fa_hansen20":30462.736320609853,"fa_hansen30":29549.520596344206,"fa_jaxa":33410.96388821112,"fa_tandemx":26075.839039556733,"fa_jrc_2020":30122.22087484871,"fra_1a_forestArea":13.890000343322754,"fra_1a_landArea":37.0,"fra_3b_protected":null,"iso3":"MYT","total_area_ha":38765.24065413549,"year":2020,"fa_copernicus_protected":582.592627307798,"fa_esa_2009_protected":815.7979081234653,"fa_esa_2020_protected":1678.7667703598931,"fa_esri_protected":1304.1765565002786,"fa_globeland_protected":1278.4073992123162,"fa_hansen10_protected":1609.1975112999285,"fa_hansen20_protected":1551.1248301737446,"fa_hansen30_protected":1476.495726496144,"fa_jaxa_protected":1266.8699035078298,"fa_tandemx_protected":854.6403467456968,"fa_jrc_2020_protected":1585.3776590056932,"ba_MODIS_2001":0.0,"ba_MODIS_2002":0.0,"ba_MODIS_2003":0.0,"ba_MODIS_2004":0.0,"ba_MODIS_2005":0.0,"ba_MODIS_2006":0.0,"ba_MODIS_2007":0.0,"ba_MODIS_2008":0.0,"ba_MODIS_2009":0.0,"ba_MODIS_2010":0.0,"ba_MODIS_2011":17.111439705882354,"ba_MODIS_2012":0.0,"ba_MODIS_2013":0.0,"ba_MODIS_2014":0.0,"ba_MODIS_2015":0.0,"ba_MODIS_2016":0.0,"ba_MODIS_2017":0.0,"ba_MODIS_2018":0.0,"ba_MODIS_2019":0.0,"ba_MODIS_2020":0.0,"ba_MODIS_2021":0.0,"ba_MODIS_2022":0.0,"ba_MODIS_2001_Hansen10":0.0,"ba_MODIS_2002_Hansen10":0.0,"ba_MODIS_2003_Hansen10":0.0,"ba_MODIS_2004_Hansen10":0.0,"ba_MODIS_2005_Hansen10":0.0,"ba_MODIS_2006_Hansen10":0.0,"ba_MODIS_2007_Hansen10":0.0,"ba_MODIS_2008_Hansen10":0.0,"ba_MODIS_2009_Hansen10":0.0,"ba_MODIS_2010_Hansen10":0.0,"ba_MODIS_2011_Hansen10":0.0,"ba_MODIS_2012_Hansen10":0.0,"ba_MODIS_2013_Hansen10":0.0,"ba_MODIS_2014_Hansen10":0.0,"ba_MODIS_2015_Hansen10":0.0,"ba_MODIS_2016_Hansen10":0.0,"ba_MODIS_2017_Hansen10":0.0,"ba_MODIS_2018_Hansen10":0.0,"ba_MODIS_2019_Hansen10":0.0,"ba_MODIS_2020_Hansen10":0.0,"ba_MODIS_2021_Hansen10":0.0,"ba_MODIS_2022_Hansen10":0.0}},{"type":"Feature","geometry":{"type":"MultiPoint","coordinates":[]},"properties":{"fa_agreement_esri_esa_glo_hansen10_gte_1":91640.36338773728,"fa_agreement_esri_esa_glo_hansen10_gte_2":88455.86968659554,"fa_agreement_esri_esa_glo_hansen10_gte_3":80400.29619704279,"fa_agreement_esri_esa_glo_hansen10_gte_4":11010.342364700127,"fa_agreement_esri_esa_gte_1":89639.46186410685,"fa_agreement_esri_esa_gte_2":79632.82773896262,"fa_agreement_hansen10_gte_1":92788.35634298046,"fa_agreement_hansen10_gte_2":90989.60548654897,"fa_agreement_hansen10_gte_3":89844.31461155193,"fa_agreement_hansen10_gte_4":88818.71832816926,"fa_agreement_hansen10_gte_5":87339.42955713923,"fa_agreement_hansen10_gte_6":84521.0088746243,"fa_agreement_hansen10_gte_7":76677.60311012293,"fa_agreement_hansen10_gte_8":41550.06536528307,"fa_agreement_hansen30_gte_9":5137.912362962593,"fa_agreement_hansen20_gte_1":92774.92790738783,"fa_agreement_hansen20_gte_2":90982.15252754375,"fa_agreement_hansen20_gte_3":89838.77229969036,"fa_agreement_hansen20_gte_4":88815.58875888155,"fa_agreement_hansen20_gte_5":87334.80371697436,"fa_agreement_hansen20_gte_6":84509.70535003938,"fa_agreement_hansen20_gte_7":76645.08477979264,"fa_agreement_hansen20_gte_8":41411.04367863561,"fa_agreement_hansen30_gte_1":93639.26747170203,"fa_agreement_hansen30_gte_2":90935.45376523047,"fa_agreement_hansen30_gte_3":89812.53813274774,"fa_agreement_hansen30_gte_4":88796.2533068046,"fa_agreement_hansen30_gte_5":87317.84090620448,"fa_agreement_hansen30_gte_6":84478.19842155062,"fa_agreement_hansen30_gte_7":76573.15746781012,"fa_agreement_hansen30_gte_8":41212.221349433836,"fa_copernicus":81548.02295208079,"fa_esa_2009":59961.79668634475,"fa_esa_2020":88254.09316512234,"fa_esri":81021.98076579721,"fa_globeland":89793.22515494507,"fa_hansen10":13271.678308147686,"fa_hansen20":12844.363750553099,"fa_hansen30":12148.40350622082,"fa_jaxa":82446.15786847284,"fa_tandemx":85576.02335597406,"fa_jrc_2020":84050.7870240138,"fra_1a_forestArea":51.900001525878906,"fra_1a_landArea":96.0,"fra_3b_protected":29.5,"iso3":"STP","total_area_ha":101311.67923458129,"year":2020,"fa_copernicus_protected":23769.504595868362,"fa_esa_2009_protected":28472.200297095118,"fa_esa_2020_protected":27659.10537064149,"fa_esri_protected":24182.673717981965,"fa_globeland_protected":30108.878122961512,"fa_hansen10_protected":6147.456555547468,"fa_hansen20_protected":5942.532495363494,"fa_hansen30_protected":5543.229490820741,"fa_jaxa_protected":26008.054955103347,"fa_tandemx_protected":29713.237440471763,"fa_jrc_2020_protected":28640.002094118063,"ba_MODIS_2001":0.0,"ba_MODIS_2002":0.0,"ba_MODIS_2003":0.0,"ba_MODIS_2004":0.0,"ba_MODIS_2005":0.0,"ba_MODIS_2006":24.8325625,"ba_MODIS_2007":49.665246875,"ba_MODIS_2008":74.4970046875,"ba_MODIS_2009":0.0,"ba_MODIS_2010":0.0,"ba_MODIS_2011":0.0,"ba_MODIS_2012":0.0,"ba_MODIS_2013":0.0,"ba_MODIS_2014":0.0,"ba_MODIS_2015":0.0,"ba_MODIS_2016":0.0,"ba_MODIS_2017":0.0,"ba_MODIS_2018":0.0,"ba_MODIS_2019":24.8326203125,"ba_MODIS_2020":0.0,"ba_MODIS_2021":0.0,"ba_MODIS_2022":0.0,"ba_MODIS_2001_Hansen10":0.0,"ba_MODIS_2002_Hansen10":0.0,"ba_MODIS_2003_Hansen10":0.0,"ba_MODIS_2004_Hansen10":0.0,"ba_MODIS_2005_Hansen10":0.0,"ba_MODIS_2006_Hansen10":9.386708221435537,"ba_MODIS_2007_Hansen10":0.44698720092773436,"ba_MODIS_2008_Hansen10":0.8045714477539063,"ba_MODIS_2009_Hansen10":0.0,"ba_MODIS_2010_Hansen10":0.0,"ba_MODIS_2011_Hansen10":0.0,"ba_MODIS_2012_Hansen10":0.0,"ba_MODIS_2013_Hansen10":0.0,"ba_MODIS_2014_Hansen10":0.0,"ba_MODIS_2015_Hansen10":0.0,"ba_MODIS_2016_Hansen10":0.0,"ba_MODIS_2017_Hansen10":0.0,"ba_MODIS_2018_Hansen10":0.0,"ba_MODIS_2019_Hansen10":3.8440897155761693,"ba_MODIS_2020_Hansen10":0.0,"ba_MODIS_2021_Hansen10":0.0,"ba_MODIS_2022_Hansen10":5.361584460449218}},{"type":"Feature","geometry":{"type":"MultiPoint","coordinates":[]},"properties":{"fa_agreement_esri_esa_glo_hansen10_gte_1":107915.151938336,"fa_agreement_esri_esa_glo_hansen10_gte_2":12028.920607871774,"fa_agreement_esri_esa_glo_hansen10_gte_3":2312.0747612578516,"fa_agreement_esri_esa_glo_hansen10_gte_4":201.05354464721634,"fa_agreement_esri_esa_gte_1":7101.59635964692,"fa_agreement_esri_esa_gte_2":687.2160001205443,"fa_agreement_hansen10_gte_1":158183.3818306001,"fa_agreement_hansen10_gte_2":45795.358357466335,"fa_agreement_hansen10_gte_3":13658.962934687734,"fa_agreement_hansen10_gte_4":6004.497852110811,"fa_agreement_hansen10_gte_5":2255.5812097305557,"fa_agreement_hansen10_gte_6":588.6408644310342,"fa_agreement_hansen10_gte_7":140.22764628396448,"fa_agreement_hansen10_gte_8":26.435280871582066,"fa_agreement_hansen30_gte_9":0.0,"fa_agreement_hansen20_gte_1":157765.82304044135,"fa_agreement_hansen20_gte_2":44743.24291035784,"fa_agreement_hansen20_gte_3":13008.898382775227,"fa_agreement_hansen20_gte_4":5697.757406723907,"fa_agreement_hansen20_gte_5":2161.0036989927007,"fa_agreement_hansen20_gte_6":574.227282741557,"fa_agreement_hansen20_gte_7":139.70998624368127,"fa_agreement_hansen20_gte_8":26.435280871582066,"fa_agreement_hansen30_gte_1":158820.6918690136,"fa_agreement_hansen30_gte_2":44403.305812796796,"fa_agreement_hansen30_gte_3":12775.134729375643,"fa_agreement_hansen30_gte_4":5560.075277093335,"fa_agreement_hansen30_gte_5":2108.739975978379,"fa_agreement_hansen30_gte_6":565.6413448540428,"fa_agreement_hansen30_gte_7":139.4507063852828,"fa_agreement_hansen30_gte_8":26.34885322265628,"fa_copernicus":1342.5932863281241,"fa_esa_2009":12566.459427267175,"fa_esa_2020":6776.205252618183,"fa_esri":1017.3323461784305,"fa_globeland":101763.40870860008,"fa_hansen10":12963.798168502692,"fa_hansen20":10309.930393488543,"fa_hansen30":9254.321681589725,"fa_jaxa":0.0,"fa_tandemx":83203.81885368745,"fa_jrc_2020":10293.881747957541,"fra_1a_forestArea":45.720001220703125,"fra_1a_landArea":403.0,"fra_3b_protected":3.450000047683716,"iso3":"CPV","total_area_ha":407815.2886608745,"year":2020,"fa_copernicus_protected":257.6189851806644,"fa_esa_2009_protected":541.9441519104006,"fa_esa_2020_protected":549.8496884582503,"fa_esri_protected":404.3017785095178,"fa_globeland_protected":3065.020040124504,"fa_hansen10_protected":819.804946429436,"fa_hansen20_protected":793.4464847350988,"fa_hansen30_protected":745.5050448791437,"fa_jaxa_protected":0.0,"fa_tandemx_protected":4228.547025911861,"fa_jrc_2020_protected":970.8310766784628,"ba_MODIS_2001":0.0,"ba_MODIS_2002":0.0,"ba_MODIS_2003":0.0,"ba_MODIS_2004":0.0,"ba_MODIS_2005":0.0,"ba_MODIS_2006":0.0,"ba_MODIS_2007":0.0,"ba_MODIS_2008":0.0,"ba_MODIS_2009":0.0,"ba_MODIS_2010":0.0,"ba_MODIS_2011":0.0,"ba_MODIS_2012":0.0,"ba_MODIS_2013":0.0,"ba_MODIS_2014":0.0,"ba_MODIS_2015":0.0,"ba_MODIS_2016":0.0,"ba_MODIS_2017":0.0,"ba_MODIS_2018":0.0,"ba_MODIS_2019":0.0,"ba_MODIS_2020":0.0,"ba_MODIS_2021":0.0,"ba_MODIS_2022":0.0,"ba_MODIS_2001_Hansen10":0.0,"ba_MODIS_2002_Hansen10":0.0,"ba_MODIS_2003_Hansen10":0.0,"ba_MODIS_2004_Hansen10":0.0,"ba_MODIS_2005_Hansen10":0.0,"ba_MODIS_2006_Hansen10":0.0,"ba_MODIS_2007_Hansen10":0.0,"ba_MODIS_2008_Hansen10":0.0,"ba_MODIS_2009_Hansen10":0.0,"ba_MODIS_2010_Hansen10":0.0,"ba_MODIS_2011_Hansen10":0.0,"ba_MODIS_2012_Hansen10":0.0,"ba_MODIS_2013_Hansen10":0.0,"ba_MODIS_2014_Hansen10":0.0,"ba_MODIS_2015_Hansen10":0.0,"ba_MODIS_2016_Hansen10":0.0,"ba_MODIS_2017_Hansen10":0.0,"ba_MODIS_2018_Hansen10":0.0,"ba_MODIS_2019_Hansen10":0.0,"ba_MODIS_2020_Hansen10":0.0,"ba_MODIS_2021_Hansen10":0.0,"ba_MODIS_2022_Hansen10":0.0}},{"type":"Feature","geometry":{"type":"MultiPoint","coordinates":[]},"properties":{"fa_agreement_esri_esa_glo_hansen10_gte_1":1.5239641973632772E7,"fa_agreement_esri_esa_glo_hansen10_gte_2":4758361.802105407,"fa_agreement_esri_esa_glo_hansen10_gte_3":1893205.01465751,"fa_agreement_esri_esa_glo_hansen10_gte_4":74518.9722015612,"fa_agreement_esri_esa_gte_1":1.2915067898529157E7,"fa_agreement_esri_esa_gte_2":105910.9797104425,"fa_agreement_hansen10_gte_1":1.9053725423171986E7,"fa_agreement_hansen10_gte_2":9354184.58287328,"fa_agreement_hansen10_gte_3":5054465.28681344,"fa_agreement_hansen10_gte_4":2389226.9342046506,"fa_agreement_hansen10_gte_5":1111798.903829483,"fa_agreement_hansen10_gte_6":369562.2552849148,"fa_agreement_hansen10_gte_7":51935.2824073659,"fa_agreement_hansen10_gte_8":8480.708708666867,"fa_agreement_hansen30_gte_9":269.7645076105337,"fa_agreement_hansen20_gte_1":1.8890602304871917E7,"fa_agreement_hansen20_gte_2":8729669.842667587,"fa_agreement_hansen20_gte_3":4166938.2391658123,"fa_agreement_hansen20_gte_4":1437776.2931370914,"fa_agreement_hansen20_gte_5":446152.14929805655,"fa_agreement_hansen20_gte_6":141268.36995291122,"fa_agreement_hansen20_gte_7":44207.90248026742,"fa_agreement_hansen20_gte_8":7936.9040478238885,"fa_agreement_hansen30_gte_1":1.9223484527936053E7,"fa_agreement_hansen30_gte_2":8722279.86503421,"fa_agreement_hansen30_gte_3":4154250.2275287677,"fa_agreement_hansen30_gte_4":1415404.168163434,"fa_agreement_hansen30_gte_5":399665.5027870255,"fa_agreement_hansen30_gte_6":86608.84620349017,"fa_agreement_hansen30_gte_7":31367.430284817547,"fa_agreement_hansen30_gte_8":6396.378657774247,"fa_copernicus":14656.90695770939,"fa_esa_2009":1311859.608302835,"fa_esa_2020":129608.83934249476,"fa_esri":1.2891344361685125E7,"fa_globeland":4998188.302444777,"fa_hansen10":3950301.68266909,"fa_hansen20":255670.2575178664,"fa_hansen30":85899.73565077677,"fa_jaxa":9120703.55166433,"fa_tandemx":1533732.9078745553,"fa_jrc_2020":4690626.146556165,"fra_1a_forestArea":5980.0,"fra_1a_landArea":62734.0,"fra_3b_protected":null,"iso3":"SOM","total_area_ha":6.3591315530054234E7,"year":2020,"fa_copernicus_protected":1.3107026919376152,"fa_esa_2009_protected":12.229780857651654,"fa_esa_2020_protected":2.267099894828048,"fa_esri_protected":40.20742081672222,"fa_globeland_protected":34.879905672296275,"fa_hansen10_protected":39.72417436760397,"fa_hansen20_protected":12.157540584118408,"fa_hansen30_protected":6.0679643457031265,"fa_jaxa_protected":40.52559463572782,"fa_tandemx_protected":20.977579388427728,"fa_jrc_2020_protected":24.993624702004848,"ba_MODIS_2001":1679.1457758578429,"ba_MODIS_2002":22417.742064062517,"ba_MODIS_2003":125245.25881945287,"ba_MODIS_2004":20113.31998500606,"ba_MODIS_2005":26788.882393002397,"ba_MODIS_2006":7247.935318707115,"ba_MODIS_2007":35836.10432591914,"ba_MODIS_2008":26703.723497107876,"ba_MODIS_2009":12082.358523437502,"ba_MODIS_2010":24034.713773173928,"ba_MODIS_2011":3598.6874028431353,"ba_MODIS_2012":63971.16350193643,"ba_MODIS_2013":69881.7328874998,"ba_MODIS_2014":15342.66837812501,"ba_MODIS_2015":2631.687262500001,"ba_MODIS_2016":6384.253646072306,"ba_MODIS_2017":24.800346875,"ba_MODIS_2018":395.8500859375,"ba_MODIS_2019":3072.750293492646,"ba_MODIS_2020":16878.38016240198,"ba_MODIS_2021":5626.812699999999,"ba_MODIS_2022":1165.8086375000003,"ba_MODIS_2001_Hansen10":1397.2560889355059,"ba_MODIS_2002_Hansen10":11080.775710498056,"ba_MODIS_2003_Hansen10":58897.181035631234,"ba_MODIS_2004_Hansen10":11575.7060501954,"ba_MODIS_2005_Hansen10":15970.731000018333,"ba_MODIS_2006_Hansen10":4419.387181286619,"ba_MODIS_2007_Hansen10":9331.209551579825,"ba_MODIS_2008_Hansen10":15398.817099316482,"ba_MODIS_2009_Hansen10":3797.274056555149,"ba_MODIS_2010_Hansen10":16857.325086017852,"ba_MODIS_2011_Hansen10":994.9776401977674,"ba_MODIS_2012_Hansen10":5147.851611108341,"ba_MODIS_2013_Hansen10":2146.748881420901,"ba_MODIS_2014_Hansen10":3786.9963406311235,"ba_MODIS_2015_Hansen10":2400.6981546570455,"ba_MODIS_2016_Hansen10":4742.512646812921,"ba_MODIS_2017_Hansen10":0.0,"ba_MODIS_2018_Hansen10":0.0,"ba_MODIS_2019_Hansen10":2421.37763312988,"ba_MODIS_2020_Hansen10":3417.6961248839816,"ba_MODIS_2021_Hansen10":1112.299119006354,"ba_MODIS_2022_Hansen10":0.0}},{"type":"Feature","geometry":{"type":"MultiPoint","coordinates":[]},"properties":{"fa_agreement_esri_esa_glo_hansen10_gte_1":1.882387641810247E7,"fa_agreement_esri_esa_glo_hansen10_gte_2":3362104.4617540273,"fa_agreement_esri_esa_glo_hansen10_gte_3":878034.2209567786,"fa_agreement_esri_esa_glo_hansen10_gte_4":67184.60002300865,"fa_agreement_esri_esa_gte_1":1.7150729203417506E7,"fa_agreement_esri_esa_gte_2":673940.3713894001,"fa_agreement_hansen10_gte_1":1.958684418343758E7,"fa_agreement_hansen10_gte_2":6385043.967815447,"fa_agreement_hansen10_gte_3":3074213.5886325175,"fa_agreement_hansen10_gte_4":1574033.8615854573,"fa_agreement_hansen10_gte_5":759307.7744993465,"fa_agreement_hansen10_gte_6":296999.92211419286,"fa_agreement_hansen10_gte_7":79354.68402348991,"fa_agreement_hansen10_gte_8":9942.426954124752,"fa_agreement_hansen30_gte_9":40.37095423583984,"fa_agreement_hansen20_gte_1":1.9274599383753993E7,"fa_agreement_hansen20_gte_2":5892183.094566724,"fa_agreement_hansen20_gte_3":2562961.384666852,"fa_agreement_hansen20_gte_4":1156514.069788444,"fa_agreement_hansen20_gte_5":447485.17344170634,"fa_agreement_hansen20_gte_6":115028.99799182842,"fa_agreement_hansen20_gte_7":21153.56351506475,"fa_agreement_hansen20_gte_8":2587.7747850731967,"fa_agreement_hansen30_gte_1":1.9456457063275386E7,"fa_agreement_hansen30_gte_2":5838319.280890212,"fa_agreement_hansen30_gte_3":2548635.344411677,"fa_agreement_hansen30_gte_4":1143469.6812942594,"fa_agreement_hansen30_gte_5":428598.8518753915,"fa_agreement_hansen30_gte_6":99623.17996735223,"fa_agreement_hansen30_gte_7":12294.005031211183,"fa_agreement_hansen30_gte_8":771.6820084835755,"fa_copernicus":1823796.6496140824,"fa_esa_2009":2179991.676331328,"fa_esa_2020":891905.6976846642,"fa_esri":1.6932773017025713E7,"fa_globeland":2695234.8974552033,"fa_hansen10":2633787.0474272934,"fa_hansen20":238520.39925543586,"fa_hansen30":19926.823068803827,"fa_jaxa":1401912.4667978953,"fa_tandemx":933211.0361438241,"fa_jrc_2020":3327354.472940422,"fra_1a_forestArea":15254.7001953125,"fra_1a_landArea":56673.0,"fra_3b_protected":1713.1099853515625,"iso3":"BWA","total_area_ha":5.795259762873855E7,"year":2020,"fa_copernicus_protected":155051.78459624582,"fa_esa_2009_protected":801601.0231965766,"fa_esa_2020_protected":147703.597599227,"fa_esri_protected":4168470.44483186,"fa_globeland_protected":1187189.6318882664,"fa_hansen10_protected":1191733.9307411453,"fa_hansen20_protected":183182.32123150883,"fa_hansen30_protected":15294.544278573836,"fa_jaxa_protected":146675.7274904103,"fa_tandemx_protected":569432.0932733569,"fa_jrc_2020_protected":834695.690155243,"ba_MODIS_2001":7742694.9653825015,"ba_MODIS_2002":8141014.442636163,"ba_MODIS_2003":1399785.781693637,"ba_MODIS_2004":1786587.60006494,"ba_MODIS_2005":2787956.076985486,"ba_MODIS_2006":5159272.5096396,"ba_MODIS_2007":2835481.2007383695,"ba_MODIS_2008":1.0955118466800686E7,"ba_MODIS_2009":2164086.9497334594,"ba_MODIS_2010":1.3353685259563906E7,"ba_MODIS_2011":1.6470190086132944E7,"ba_MODIS_2012":4952994.28545721,"ba_MODIS_2013":4041414.943408377,"ba_MODIS_2014":2842738.0301077934,"ba_MODIS_2015":1866742.2652386278,"ba_MODIS_2016":1466916.6248778617,"ba_MODIS_2017":4805603.4277168885,"ba_MODIS_2018":2743965.708472426,"ba_MODIS_2019":1175809.8293416088,"ba_MODIS_2020":3209150.472717715,"ba_MODIS_2021":1.0560482332522228E7,"ba_MODIS_2022":63094.02552588216,"ba_MODIS_2001_Hansen10":147182.33665298513,"ba_MODIS_2002_Hansen10":187500.58965525302,"ba_MODIS_2003_Hansen10":122509.7448038324,"ba_MODIS_2004_Hansen10":98792.71683648111,"ba_MODIS_2005_Hansen10":102821.83125318596,"ba_MODIS_2006_Hansen10":175335.7472358822,"ba_MODIS_2007_Hansen10":121157.8755545637,"ba_MODIS_2008_Hansen10":242171.47010819174,"ba_MODIS_2009_Hansen10":97137.29817918791,"ba_MODIS_2010_Hansen10":175329.7191565766,"ba_MODIS_2011_Hansen10":302015.2331213866,"ba_MODIS_2012_Hansen10":186539.88408404854,"ba_MODIS_2013_Hansen10":177856.11142438345,"ba_MODIS_2014_Hansen10":106622.2499640202,"ba_MODIS_2015_Hansen10":149091.58095908005,"ba_MODIS_2016_Hansen10":123051.27985102667,"ba_MODIS_2017_Hansen10":202614.5254563764,"ba_MODIS_2018_Hansen10":130459.75806241001,"ba_MODIS_2019_Hansen10":151905.44005064998,"ba_MODIS_2020_Hansen10":125477.47247010971,"ba_MODIS_2021_Hansen10":251459.43185780046,"ba_MODIS_2022_Hansen10":6362.607918138448}},{"type":"Feature","geometry":{"type":"MultiPoint","coordinates":[]},"properties":{"fa_agreement_esri_esa_glo_hansen10_gte_1":1.8692257954704992E7,"fa_agreement_esri_esa_glo_hansen10_gte_2":3213826.9595268043,"fa_agreement_esri_esa_glo_hansen10_gte_3":745251.3627727277,"fa_agreement_esri_esa_glo_hansen10_gte_4":111532.30748130417,"fa_agreement_esri_esa_gte_1":1.5806893395832537E7,"fa_agreement_esri_esa_gte_2":519736.8870601853,"fa_agreement_hansen10_gte_1":2.2737602651679583E7,"fa_agreement_hansen10_gte_2":6371762.271527028,"fa_agreement_hansen10_gte_3":2773599.1977530573,"fa_agreement_hansen10_gte_4":1318342.332284952,"fa_agreement_hansen10_gte_5":537480.5212951633,"fa_agreement_hansen10_gte_6":177159.73170479664,"fa_agreement_hansen10_gte_7":46865.14548082733,"fa_agreement_hansen10_gte_8":8231.828629914899,"fa_agreement_hansen30_gte_9":0.0,"fa_agreement_hansen20_gte_1":2.2594421121180575E7,"fa_agreement_hansen20_gte_2":6052300.701294887,"fa_agreement_hansen20_gte_3":2396129.3770129043,"fa_agreement_hansen20_gte_4":939968.01876887,"fa_agreement_hansen20_gte_5":281637.81544527144,"fa_agreement_hansen20_gte_6":62708.33189552395,"fa_agreement_hansen20_gte_7":11839.358008454654,"fa_agreement_hansen20_gte_8":1452.6569221890575,"fa_agreement_hansen30_gte_1":2.294665691124324E7,"fa_agreement_hansen30_gte_2":6045154.829252487,"fa_agreement_hansen30_gte_3":2392939.0963853346,"fa_agreement_hansen30_gte_4":934776.1360158894,"fa_agreement_hansen30_gte_5":274729.47960068786,"fa_agreement_hansen30_gte_6":57754.52749036939,"fa_agreement_hansen30_gte_7":9254.4534710166,"fa_agreement_hansen30_gte_8":107.81821476950269,"fa_copernicus":16432.24492951286,"fa_esa_2009":1395522.0201864676,"fa_esa_2020":608553.1899747509,"fa_esri":1.5718014106002748E7,"fa_globeland":4705359.932317563,"fa_hansen10":1751210.6504259685,"fa_hansen20":40696.5622485065,"fa_hansen30":2773.2655260534652,"fa_jaxa":3607321.291840556,"fa_tandemx":3673952.757392722,"fa_jrc_2020":3492542.4530026647,"fra_1a_forestArea":6638.89990234375,"fra_1a_landArea":82329.0,"fra_3b_protected":1686.0,"iso3":"NAM","total_area_ha":8.264043119541952E7,"year":2020,"fa_copernicus_protected":9391.950271544167,"fa_esa_2009_protected":550838.540842639,"fa_esa_2020_protected":152318.80591236276,"fa_esri_protected":5326650.356368225,"fa_globeland_protected":1261316.6399055854,"fa_hansen10_protected":578442.1747060136,"fa_hansen20_protected":18581.648789196082,"fa_hansen30_protected":1543.0976801625275,"fa_jaxa_protected":1458643.4239366225,"fa_tandemx_protected":2179458.762597349,"fa_jrc_2020_protected":937821.7586267259,"ba_MODIS_2001":3603200.855102224,"ba_MODIS_2002":3129290.464068176,"ba_MODIS_2003":3103198.6780326716,"ba_MODIS_2004":3654851.3373797648,"ba_MODIS_2005":3449815.6187230176,"ba_MODIS_2006":5184594.310995562,"ba_MODIS_2007":4516541.285384297,"ba_MODIS_2008":2819724.1443760376,"ba_MODIS_2009":5330033.504067686,"ba_MODIS_2010":4721575.767887675,"ba_MODIS_2011":8368211.773064461,"ba_MODIS_2012":8685682.973363025,"ba_MODIS_2013":3671487.2066161274,"ba_MODIS_2014":2615527.5100678257,"ba_MODIS_2015":2457348.845997644,"ba_MODIS_2016":2074416.2280004409,"ba_MODIS_2017":2689432.5320075145,"ba_MODIS_2018":1982834.3232593436,"ba_MODIS_2019":904928.5822497146,"ba_MODIS_2020":3236178.4721552012,"ba_MODIS_2021":3910505.268132193,"ba_MODIS_2022":143267.52624333935,"ba_MODIS_2001_Hansen10":236330.43850301136,"ba_MODIS_2002_Hansen10":288949.3269040983,"ba_MODIS_2003_Hansen10":311065.2829063654,"ba_MODIS_2004_Hansen10":336762.5823902041,"ba_MODIS_2005_Hansen10":234532.08694088232,"ba_MODIS_2006_Hansen10":252390.84832576726,"ba_MODIS_2007_Hansen10":310596.82109095657,"ba_MODIS_2008_Hansen10":309019.89116071607,"ba_MODIS_2009_Hansen10":262530.8802441481,"ba_MODIS_2010_Hansen10":288021.9567986482,"ba_MODIS_2011_Hansen10":429902.698463938,"ba_MODIS_2012_Hansen10":528978.6217924785,"ba_MODIS_2013_Hansen10":352847.9232725598,"ba_MODIS_2014_Hansen10":266506.3401446262,"ba_MODIS_2015_Hansen10":280886.41304097715,"ba_MODIS_2016_Hansen10":273326.04260484246,"ba_MODIS_2017_Hansen10":317469.36385846254,"ba_MODIS_2018_Hansen10":187798.44724955523,"ba_MODIS_2019_Hansen10":135881.74807460676,"ba_MODIS_2020_Hansen10":291347.39723035466,"ba_MODIS_2021_Hansen10":281534.05196998804,"ba_MODIS_2022_Hansen10":465.9287368530266}},{"type":"Feature","geometry":{"type":"MultiPoint","coordinates":[]},"properties":{"fa_agreement_esri_esa_glo_hansen10_gte_1":1.6179801458956856E7,"fa_agreement_esri_esa_glo_hansen10_gte_2":7826529.527182849,"fa_agreement_esri_esa_glo_hansen10_gte_3":3178826.7092862106,"fa_agreement_esri_esa_glo_hansen10_gte_4":799491.9050074253,"fa_agreement_esri_esa_gte_1":7698596.465074016,"fa_agreement_esri_esa_gte_2":1068739.4945504451,"fa_agreement_hansen10_gte_1":1.8403701836770803E7,"fa_agreement_hansen10_gte_2":1.106500526598115E7,"fa_agreement_hansen10_gte_3":7934567.966652213,"fa_agreement_hansen10_gte_4":5808366.77662739,"fa_agreement_hansen10_gte_5":3904713.933152194,"fa_agreement_hansen10_gte_6":2244294.2423778283,"fa_agreement_hansen10_gte_7":1098100.791090167,"fa_agreement_hansen10_gte_8":453864.2773462743,"fa_agreement_hansen30_gte_9":13378.437306559268,"fa_agreement_hansen20_gte_1":1.8117059473607264E7,"fa_agreement_hansen20_gte_2":1.0216661826231847E7,"fa_agreement_hansen20_gte_3":6623193.025794253,"fa_agreement_hansen20_gte_4":4250698.947536222,"fa_agreement_hansen20_gte_5":2377882.4464088,"fa_agreement_hansen20_gte_6":1169297.5127381522,"fa_agreement_hansen20_gte_7":526668.9743094149,"fa_agreement_hansen20_gte_8":190626.88266634563,"fa_agreement_hansen30_gte_1":1.8164270124660112E7,"fa_agreement_hansen30_gte_2":1.0213540542340197E7,"fa_agreement_hansen30_gte_3":6615437.02981552,"fa_agreement_hansen30_gte_4":4237687.004428352,"fa_agreement_hansen30_gte_5":2355567.8783731274,"fa_agreement_hansen30_gte_6":1132104.0000496698,"fa_agreement_hansen30_gte_7":463413.22108810866,"fa_agreement_hansen30_gte_8":116073.92428777218,"fa_copernicus":1276028.8122141585,"fa_esa_2009":803615.2769800896,"fa_esa_2020":1507985.4801412227,"fa_esri":7259309.828244274,"fa_globeland":1.1171536743063143E7,"fa_hansen10":8070505.566413245,"fa_hansen20":290715.8239940885,"fa_hansen30":22386.028105399124,"fa_jaxa":6749697.258920208,"fa_tandemx":7283303.579650731,"fa_jrc_2020":8490875.182967568,"fra_1a_forestArea":13296.0,"fra_1a_landArea":122019.0,"fra_3b_protected":2953.429931640625,"iso3":"MLI","total_area_ha":1.2588359300237395E8,"year":2020,"fa_copernicus_protected":187481.17934898232,"fa_esa_2009_protected":249330.6176569249,"fa_esa_2020_protected":183805.81696572315,"fa_esri_protected":828649.260062513,"fa_globeland_protected":1100364.495087024,"fa_hansen10_protected":804531.4792615221,"fa_hansen20_protected":64969.87200654629,"fa_hansen30_protected":12921.890875628686,"fa_jaxa_protected":699252.4614108648,"fa_tandemx_protected":807354.9490265208,"fa_jrc_2020_protected":980055.7234689562,"ba_MODIS_2001":8275477.585934196,"ba_MODIS_2002":6618311.890998463,"ba_MODIS_2003":6318752.89199031,"ba_MODIS_2004":8955713.313370002,"ba_MODIS_2005":8491783.23622531,"ba_MODIS_2006":8481653.989681657,"ba_MODIS_2007":7667548.397068854,"ba_MODIS_2008":8139246.110383463,"ba_MODIS_2009":6146188.54936127,"ba_MODIS_2010":6680949.939103862,"ba_MODIS_2011":6379966.83996086,"ba_MODIS_2012":5581094.190105295,"ba_MODIS_2013":6083604.443732509,"ba_MODIS_2014":5471662.879938708,"ba_MODIS_2015":5263387.165626505,"ba_MODIS_2016":7320821.822805512,"ba_MODIS_2017":5561157.847412643,"ba_MODIS_2018":4704013.356121914,"ba_MODIS_2019":5201386.658997111,"ba_MODIS_2020":6472904.984294732,"ba_MODIS_2021":6453826.886261017,"ba_MODIS_2022":1599417.3978476243,"ba_MODIS_2001_Hansen10":2754495.242855034,"ba_MODIS_2002_Hansen10":2677994.1612610193,"ba_MODIS_2003_Hansen10":2120975.07744647,"ba_MODIS_2004_Hansen10":2722839.496339432,"ba_MODIS_2005_Hansen10":2982546.084362726,"ba_MODIS_2006_Hansen10":2715704.5148907686,"ba_MODIS_2007_Hansen10":2099882.060825282,"ba_MODIS_2008_Hansen10":2602659.6246590586,"ba_MODIS_2009_Hansen10":1913318.2455345802,"ba_MODIS_2010_Hansen10":2114506.9536663513,"ba_MODIS_2011_Hansen10":2249511.6947368965,"ba_MODIS_2012_Hansen10":1768853.0604412924,"ba_MODIS_2013_Hansen10":1833295.5116592909,"ba_MODIS_2014_Hansen10":1836779.809311554,"ba_MODIS_2015_Hansen10":1305302.7640072757,"ba_MODIS_2016_Hansen10":2683038.7732606647,"ba_MODIS_2017_Hansen10":1789362.8486272516,"ba_MODIS_2018_Hansen10":1464578.6500052167,"ba_MODIS_2019_Hansen10":1563833.3324523733,"ba_MODIS_2020_Hansen10":1677267.3835875,"ba_MODIS_2021_Hansen10":1663180.4328476163,"ba_MODIS_2022_Hansen10":687752.0146650663}},{"type":"Feature","geometry":{"type":"MultiPoint","coordinates":[]},"properties":{"fa_agreement_esri_esa_glo_hansen10_gte_1":5949265.580714706,"fa_agreement_esri_esa_glo_hansen10_gte_2":2203685.1982348273,"fa_agreement_esri_esa_glo_hansen10_gte_3":584742.8268314382,"fa_agreement_esri_esa_glo_hansen10_gte_4":112587.59936835356,"fa_agreement_esri_esa_gte_1":2754409.31254716,"fa_agreement_esri_esa_gte_2":232961.2746338441,"fa_agreement_hansen10_gte_1":8317126.819342816,"fa_agreement_hansen10_gte_2":4120976.9050047123,"fa_agreement_hansen10_gte_3":2476248.0945034632,"fa_agreement_hansen10_gte_4":1459978.0503662927,"fa_agreement_hansen10_gte_5":796891.477331197,"fa_agreement_hansen10_gte_6":390470.8069865634,"fa_agreement_hansen10_gte_7":160864.572296058,"fa_agreement_hansen10_gte_8":46627.63818666546,"fa_agreement_hansen30_gte_9":0.08805916748046876,"fa_agreement_hansen20_gte_1":7862907.3149862075,"fa_agreement_hansen20_gte_2":3481645.5442538154,"fa_agreement_hansen20_gte_3":1818900.5815355415,"fa_agreement_hansen20_gte_4":935536.0639885694,"fa_agreement_hansen20_gte_5":435233.96926975326,"fa_agreement_hansen20_gte_6":171994.66566036118,"fa_agreement_hansen20_gte_7":51790.04099506941,"fa_agreement_hansen20_gte_8":9538.65454671616,"fa_agreement_hansen30_gte_1":7583667.109184066,"fa_agreement_hansen30_gte_2":3481500.500248456,"fa_agreement_hansen30_gte_3":1818261.5282244782,"fa_agreement_hansen30_gte_4":934644.2045742061,"fa_agreement_hansen30_gte_5":434198.2124422962,"fa_agreement_hansen30_gte_6":170427.64009089,"fa_agreement_hansen30_gte_7":48956.50706725655,"fa_agreement_hansen30_gte_8":5500.126230837829,"fa_copernicus":277908.29884453333,"fa_esa_2009":349231.1000245967,"fa_esa_2020":421032.75676851626,"fa_esri":2566267.9395673284,"fa_globeland":2714532.658500603,"fa_hansen10":3160407.8333897055,"fa_hansen20":12606.854677634345,"fa_hansen30":0.9328766662597656,"fa_jaxa":2260014.978342003,"fa_tandemx":3569539.3287990205,"fa_jrc_2020":3148427.3451187387,"fra_1a_forestArea":6216.39990234375,"fra_1a_landArea":27360.0,"fra_3b_protected":974.0,"iso3":"BFA","total_area_ha":2.7430671386119097E7,"year":2020,"fa_copernicus_protected":95321.83492913465,"fa_esa_2009_protected":208291.8858576413,"fa_esa_2020_protected":70506.78022771023,"fa_esri_protected":610803.7248370782,"fa_globeland_protected":568133.3702948096,"fa_hansen10_protected":874728.7222978906,"fa_hansen20_protected":3887.3755348735353,"fa_hansen30_protected":0.7030291809082031,"fa_jaxa_protected":606161.242564571,"fa_tandemx_protected":684980.6717160955,"fa_jrc_2020_protected":901449.8641636445,"ba_MODIS_2001":2982330.8868002524,"ba_MODIS_2002":3713317.306187513,"ba_MODIS_2003":3377960.759064212,"ba_MODIS_2004":3632211.333545216,"ba_MODIS_2005":3867709.3112036427,"ba_MODIS_2006":2809124.90614425,"ba_MODIS_2007":2961435.1616450096,"ba_MODIS_2008":2481677.8084363122,"ba_MODIS_2009":2778788.118474775,"ba_MODIS_2010":2914818.350983142,"ba_MODIS_2011":2772684.2320215106,"ba_MODIS_2012":1929956.014674514,"ba_MODIS_2013":2198588.7842616,"ba_MODIS_2014":2041994.3356886418,"ba_MODIS_2015":1585125.001912418,"ba_MODIS_2016":2154231.525698006,"ba_MODIS_2017":1931480.2577013085,"ba_MODIS_2018":1424301.5709336358,"ba_MODIS_2019":1472863.423087752,"ba_MODIS_2020":1523944.2191216694,"ba_MODIS_2021":1756560.1660971432,"ba_MODIS_2022":861428.8415192806,"ba_MODIS_2001_Hansen10":909765.6001028933,"ba_MODIS_2002_Hansen10":1284771.2231060017,"ba_MODIS_2003_Hansen10":945141.9837602907,"ba_MODIS_2004_Hansen10":988371.6665392624,"ba_MODIS_2005_Hansen10":1135589.1554114977,"ba_MODIS_2006_Hansen10":870029.1276750264,"ba_MODIS_2007_Hansen10":948082.477909706,"ba_MODIS_2008_Hansen10":776855.0237537604,"ba_MODIS_2009_Hansen10":820297.0767685851,"ba_MODIS_2010_Hansen10":977228.1294904252,"ba_MODIS_2011_Hansen10":866827.7113476166,"ba_MODIS_2012_Hansen10":681701.7199078045,"ba_MODIS_2013_Hansen10":722138.323507956,"ba_MODIS_2014_Hansen10":597584.7219504609,"ba_MODIS_2015_Hansen10":463599.84089593904,"ba_MODIS_2016_Hansen10":696327.2257524045,"ba_MODIS_2017_Hansen10":571751.3482357552,"ba_MODIS_2018_Hansen10":411096.2465101696,"ba_MODIS_2019_Hansen10":434573.01843495737,"ba_MODIS_2020_Hansen10":415498.2305687538,"ba_MODIS_2021_Hansen10":372207.73354594404,"ba_MODIS_2022_Hansen10":241654.06412860556}},{"type":"Feature","geometry":{"type":"MultiPoint","coordinates":[]},"properties":{"fa_agreement_esri_esa_glo_hansen10_gte_1":4992.182834890823,"fa_agreement_esri_esa_glo_hansen10_gte_2":2964.9736004742126,"fa_agreement_esri_esa_glo_hansen10_gte_3":1513.3639279926776,"fa_agreement_esri_esa_glo_hansen10_gte_4":414.73822610660307,"fa_agreement_esri_esa_gte_1":3053.0858887599684,"fa_agreement_esri_esa_gte_2":547.2996826231113,"fa_agreement_hansen10_gte_1":6115.02764605704,"fa_agreement_hansen10_gte_2":4196.615203211385,"fa_agreement_hansen10_gte_3":2898.582495889799,"fa_agreement_hansen10_gte_4":1960.2039309334666,"fa_agreement_hansen10_gte_5":1084.166510968668,"fa_agreement_hansen10_gte_6":342.1241731756452,"fa_agreement_hansen10_gte_7":14.263426052892335,"fa_agreement_hansen10_gte_8":0.21274278538124236,"fa_agreement_hansen30_gte_9":0.0,"fa_agreement_hansen20_gte_1":6099.528696412903,"fa_agreement_hansen20_gte_2":4141.487341721029,"fa_agreement_hansen20_gte_3":2807.2913930316254,"fa_agreement_hansen20_gte_4":1891.5330413400523,"fa_agreement_hansen20_gte_5":1055.9912656634858,"fa_agreement_hansen20_gte_6":338.4036676162271,"fa_agreement_hansen20_gte_7":14.263426052892335,"fa_agreement_hansen20_gte_8":0.21274278538124236,"fa_agreement_hansen30_gte_1":6316.0586061082595,"fa_agreement_hansen30_gte_2":4072.797147108068,"fa_agreement_hansen30_gte_3":2678.4965638541066,"fa_agreement_hansen30_gte_4":1777.730034609689,"fa_agreement_hansen30_gte_5":1012.1998711392756,"fa_agreement_hansen30_gte_6":330.2820051204156,"fa_agreement_hansen30_gte_7":14.263426052892335,"fa_agreement_hansen30_gte_8":0.21274278538124236,"fa_copernicus":16.060388671875,"fa_esa_2009":0.0,"fa_esa_2020":2978.5800110584764,"fa_esri":615.6670890673398,"fa_globeland":3441.9601245791573,"fa_hansen10":2806.931411581513,"fa_hansen20":2521.126514389139,"fa_hansen30":2113.9793814031527,"fa_jaxa":4710.491203303626,"fa_tandemx":220.00883768918519,"fa_jrc_2020":2480.600456022064,"fra_1a_forestArea":5.5,"fra_1a_landArea":9.0,"fra_3b_protected":null,"iso3":"AIA","total_area_ha":8283.185484573158,"year":2020,"fa_copernicus_protected":0.0,"fa_esa_2009_protected":0.0,"fa_esa_2020_protected":6.1998237754672205,"fa_esri_protected":0.0,"fa_globeland_protected":24.134809800091904,"fa_hansen10_protected":1.530282843017578,"fa_hansen20_protected":1.0201854675292967,"fa_hansen30_protected":0.9351777954101562,"fa_jaxa_protected":11.076803725490196,"fa_tandemx_protected":18.00547270407285,"fa_jrc_2020_protected":1.3192768748803232,"ba_MODIS_2001":0.0,"ba_MODIS_2002":0.0,"ba_MODIS_2003":0.0,"ba_MODIS_2004":0.0,"ba_MODIS_2005":0.0,"ba_MODIS_2006":0.0,"ba_MODIS_2007":0.0,"ba_MODIS_2008":0.0,"ba_MODIS_2009":0.0,"ba_MODIS_2010":0.0,"ba_MODIS_2011":0.0,"ba_MODIS_2012":0.0,"ba_MODIS_2013":0.0,"ba_MODIS_2014":0.0,"ba_MODIS_2015":0.0,"ba_MODIS_2016":0.0,"ba_MODIS_2017":0.0,"ba_MODIS_2018":0.0,"ba_MODIS_2019":0.0,"ba_MODIS_2020":0.0,"ba_MODIS_2021":0.0,"ba_MODIS_2022":0.0,"ba_MODIS_2001_Hansen10":0.0,"ba_MODIS_2002_Hansen10":0.0,"ba_MODIS_2003_Hansen10":0.0,"ba_MODIS_2004_Hansen10":0.0,"ba_MODIS_2005_Hansen10":0.0,"ba_MODIS_2006_Hansen10":0.0,"ba_MODIS_2007_Hansen10":0.0,"ba_MODIS_2008_Hansen10":0.0,"ba_MODIS_2009_Hansen10":0.0,"ba_MODIS_2010_Hansen10":0.0,"ba_MODIS_2011_Hansen10":0.0,"ba_MODIS_2012_Hansen10":0.0,"ba_MODIS_2013_Hansen10":0.0,"ba_MODIS_2014_Hansen10":0.0,"ba_MODIS_2015_Hansen10":0.0,"ba_MODIS_2016_Hansen10":0.0,"ba_MODIS_2017_Hansen10":0.0,"ba_MODIS_2018_Hansen10":0.0,"ba_MODIS_2019_Hansen10":0.0,"ba_MODIS_2020_Hansen10":0.0,"ba_MODIS_2021_Hansen10":0.0,"ba_MODIS_2022_Hansen10":0.0}},{"type":"Feature","geometry":{"type":"MultiPoint","coordinates":[]},"properties":{"fa_agreement_esri_esa_glo_hansen10_gte_1":5556.2120707976255,"fa_agreement_esri_esa_glo_hansen10_gte_2":433.7642385973404,"fa_agreement_esri_esa_glo_hansen10_gte_3":51.387461672147865,"fa_agreement_esri_esa_glo_hansen10_gte_4":2.5146874668495336,"fa_agreement_esri_esa_gte_1":503.27261138842266,"fa_agreement_esri_esa_gte_2":14.87260868905461,"fa_agreement_hansen10_gte_1":7311.03328446814,"fa_agreement_hansen10_gte_2":2364.384946666469,"fa_agreement_hansen10_gte_3":295.4656496501115,"fa_agreement_hansen10_gte_4":43.676496454790865,"fa_agreement_hansen10_gte_5":8.363047289201324,"fa_agreement_hansen10_gte_6":1.3487757110715382,"fa_agreement_hansen10_gte_7":0.0,"fa_agreement_hansen10_gte_8":0.0,"fa_agreement_hansen30_gte_9":0.0,"fa_agreement_hansen20_gte_1":7302.395687402041,"fa_agreement_hansen20_gte_2":2329.7962261896664,"fa_agreement_hansen20_gte_3":251.41653146484234,"fa_agreement_hansen20_gte_4":33.7196663446165,"fa_agreement_hansen20_gte_5":7.839045494767731,"fa_agreement_hansen20_gte_6":1.283368689299939,"fa_agreement_hansen20_gte_7":0.0,"fa_agreement_hansen20_gte_8":0.0,"fa_agreement_hansen30_gte_1":5766.545048319441,"fa_agreement_hansen30_gte_2":2298.716564709605,"fa_agreement_hansen30_gte_3":213.3749443576464,"fa_agreement_hansen30_gte_4":24.177958722857287,"fa_agreement_hansen30_gte_5":7.4023782279220285,"fa_agreement_hansen30_gte_6":1.283368689299939,"fa_agreement_hansen30_gte_7":0.0,"fa_agreement_hansen30_gte_8":0.0,"fa_copernicus":0.0,"fa_esa_2009":26.33746089154412,"fa_esa_2020":486.3865180568005,"fa_esri":31.594596800169175,"fa_globeland":5320.792270996461,"fa_hansen10":217.12282908356318,"fa_hansen20":112.49902164797375,"fa_hansen30":23.442884980205488,"fa_jaxa":0.0,"fa_tandemx":384.8714508499923,"fa_jrc_2020":3871.255815010548,"fra_1a_forestArea":0.41999998688697815,"fra_1a_landArea":18.0,"fra_3b_protected":null,"iso3":"ABW","total_area_ha":18504.752561540783,"year":2020,"fa_copernicus_protected":0.0,"fa_esa_2009_protected":0.0,"fa_esa_2020_protected":37.98922382812496,"fa_esri_protected":2.794899291992188,"fa_globeland_protected":1456.99167775885,"fa_hansen10_protected":32.751035742187526,"fa_hansen20_protected":16.68077621459961,"fa_hansen30_protected":7.59758153076172,"fa_jaxa_protected":0.0,"fa_tandemx_protected":53.51925122989429,"fa_jrc_2020_protected":1777.6767249756222,"ba_MODIS_2001":0.0,"ba_MODIS_2002":0.0,"ba_MODIS_2003":0.0,"ba_MODIS_2004":0.0,"ba_MODIS_2005":0.0,"ba_MODIS_2006":0.0,"ba_MODIS_2007":0.0,"ba_MODIS_2008":0.0,"ba_MODIS_2009":0.0,"ba_MODIS_2010":0.0,"ba_MODIS_2011":0.0,"ba_MODIS_2012":0.0,"ba_MODIS_2013":0.0,"ba_MODIS_2014":0.0,"ba_MODIS_2015":0.0,"ba_MODIS_2016":0.0,"ba_MODIS_2017":0.0,"ba_MODIS_2018":0.0,"ba_MODIS_2019":0.0,"ba_MODIS_2020":0.0,"ba_MODIS_2021":0.0,"ba_MODIS_2022":0.0,"ba_MODIS_2001_Hansen10":0.0,"ba_MODIS_2002_Hansen10":0.0,"ba_MODIS_2003_Hansen10":0.0,"ba_MODIS_2004_Hansen10":0.0,"ba_MODIS_2005_Hansen10":0.0,"ba_MODIS_2006_Hansen10":0.0,"ba_MODIS_2007_Hansen10":0.0,"ba_MODIS_2008_Hansen10":0.0,"ba_MODIS_2009_Hansen10":0.0,"ba_MODIS_2010_Hansen10":0.0,"ba_MODIS_2011_Hansen10":0.0,"ba_MODIS_2012_Hansen10":0.0,"ba_MODIS_2013_Hansen10":0.0,"ba_MODIS_2014_Hansen10":0.0,"ba_MODIS_2015_Hansen10":0.0,"ba_MODIS_2016_Hansen10":0.0,"ba_MODIS_2017_Hansen10":0.0,"ba_MODIS_2018_Hansen10":0.0,"ba_MODIS_2019_Hansen10":0.0,"ba_MODIS_2020_Hansen10":0.0,"ba_MODIS_2021_Hansen10":0.0,"ba_MODIS_2022_Hansen10":0.0}},{"type":"Feature","geometry":{"type":"MultiPoint","coordinates":[]},"properties":{"fa_agreement_esri_esa_glo_hansen10_gte_1":2198.584988426797,"fa_agreement_esri_esa_glo_hansen10_gte_2":582.9494119310075,"fa_agreement_esri_esa_glo_hansen10_gte_3":130.26486478843543,"fa_agreement_esri_esa_glo_hansen10_gte_4":0.0,"fa_agreement_esri_esa_gte_1":2030.7518611296346,"fa_agreement_esri_esa_gte_2":167.24732639528133,"fa_agreement_hansen10_gte_1":2567.6955327199066,"fa_agreement_hansen10_gte_2":1217.6680248112825,"fa_agreement_hansen10_gte_3":555.3762024170568,"fa_agreement_hansen10_gte_4":208.64075414675315,"fa_agreement_hansen10_gte_5":30.784126558694346,"fa_agreement_hansen10_gte_6":0.1516306884765625,"fa_agreement_hansen10_gte_7":0.0,"fa_agreement_hansen10_gte_8":0.0,"fa_agreement_hansen30_gte_9":0.0,"fa_agreement_hansen20_gte_1":2556.260427763754,"fa_agreement_hansen20_gte_2":1201.9131451936503,"fa_agreement_hansen20_gte_3":541.0024228671612,"fa_agreement_hansen20_gte_4":201.74108740969234,"fa_agreement_hansen20_gte_5":30.53758844834278,"fa_agreement_hansen20_gte_6":0.1516306884765625,"fa_agreement_hansen20_gte_7":0.0,"fa_agreement_hansen20_gte_8":0.0,"fa_agreement_hansen30_gte_1":2627.576748369431,"fa_agreement_hansen30_gte_2":1188.9681042982781,"fa_agreement_hansen30_gte_3":525.9568383360314,"fa_agreement_hansen30_gte_4":194.5995508871162,"fa_agreement_hansen30_gte_5":29.665220838192262,"fa_agreement_hansen30_gte_6":0.1516306884765625,"fa_agreement_hansen30_gte_7":0.0,"fa_agreement_hansen30_gte_8":0.0,"fa_copernicus":0.0,"fa_esa_2009":161.19849566482844,"fa_esa_2020":2022.2775705757156,"fa_esri":174.29150081316226,"fa_globeland":0.0,"fa_hansen10":673.4944348336754,"fa_hansen20":622.8122098569672,"fa_hansen30":572.1043784356619,"fa_jaxa":0.0,"fa_tandemx":775.8708026626663,"fa_jrc_2020":979.3091054856957,"fra_1a_forestArea":1.0,"fra_1a_landArea":5.0,"fra_3b_protected":null,"iso3":"BMU","total_area_ha":6345.956454766512,"year":2020,"fa_copernicus_protected":0.0,"fa_esa_2009_protected":1.0615619140625,"fa_esa_2020_protected":98.72697476476351,"fa_esri_protected":11.301034613037107,"fa_globeland_protected":0.0,"fa_hansen10_protected":49.16733114432543,"fa_hansen20_protected":47.210390981971855,"fa_hansen30_protected":43.23255225633807,"fa_jaxa_protected":0.0,"fa_tandemx_protected":33.09284164464613,"fa_jrc_2020_protected":52.563260432464205,"ba_MODIS_2001":0.0,"ba_MODIS_2002":0.0,"ba_MODIS_2003":0.0,"ba_MODIS_2004":0.0,"ba_MODIS_2005":0.0,"ba_MODIS_2006":0.0,"ba_MODIS_2007":0.0,"ba_MODIS_2008":0.0,"ba_MODIS_2009":0.0,"ba_MODIS_2010":0.0,"ba_MODIS_2011":0.0,"ba_MODIS_2012":0.0,"ba_MODIS_2013":0.0,"ba_MODIS_2014":0.0,"ba_MODIS_2015":0.0,"ba_MODIS_2016":0.0,"ba_MODIS_2017":0.0,"ba_MODIS_2018":0.0,"ba_MODIS_2019":0.0,"ba_MODIS_2020":0.0,"ba_MODIS_2021":0.0,"ba_MODIS_2022":0.0,"ba_MODIS_2001_Hansen10":0.0,"ba_MODIS_2002_Hansen10":0.0,"ba_MODIS_2003_Hansen10":0.0,"ba_MODIS_2004_Hansen10":0.0,"ba_MODIS_2005_Hansen10":0.0,"ba_MODIS_2006_Hansen10":0.0,"ba_MODIS_2007_Hansen10":0.0,"ba_MODIS_2008_Hansen10":0.0,"ba_MODIS_2009_Hansen10":0.0,"ba_MODIS_2010_Hansen10":0.0,"ba_MODIS_2011_Hansen10":0.0,"ba_MODIS_2012_Hansen10":0.0,"ba_MODIS_2013_Hansen10":0.0,"ba_MODIS_2014_Hansen10":0.0,"ba_MODIS_2015_Hansen10":0.0,"ba_MODIS_2016_Hansen10":0.0,"ba_MODIS_2017_Hansen10":0.0,"ba_MODIS_2018_Hansen10":0.0,"ba_MODIS_2019_Hansen10":0.0,"ba_MODIS_2020_Hansen10":0.0,"ba_MODIS_2021_Hansen10":0.0,"ba_MODIS_2022_Hansen10":0.0}},{"type":"Feature","geometry":{"type":"MultiPoint","coordinates":[]},"properties":{"fa_agreement_esri_esa_glo_hansen10_gte_1":1558.9046188594893,"fa_agreement_esri_esa_glo_hansen10_gte_2":882.5980507015511,"fa_agreement_esri_esa_glo_hansen10_gte_3":471.89087363499306,"fa_agreement_esri_esa_glo_hansen10_gte_4":45.26961054788027,"fa_agreement_esri_esa_gte_1":943.7571752872798,"fa_agreement_esri_esa_gte_2":49.26211764705584,"fa_agreement_hansen10_gte_1":1775.7781852727933,"fa_agreement_hansen10_gte_2":1347.950236258027,"fa_agreement_hansen10_gte_3":893.9134491655318,"fa_agreement_hansen10_gte_4":607.7411775078135,"fa_agreement_hansen10_gte_5":347.22155966031147,"fa_agreement_hansen10_gte_6":83.64559667423025,"fa_agreement_hansen10_gte_7":12.266461451224542,"fa_agreement_hansen10_gte_8":0.0,"fa_agreement_hansen30_gte_9":0.0,"fa_agreement_hansen20_gte_1":1773.8562942553024,"fa_agreement_hansen20_gte_2":1332.3688895312544,"fa_agreement_hansen20_gte_3":860.0016085591847,"fa_agreement_hansen20_gte_4":584.3304850325079,"fa_agreement_hansen20_gte_5":334.33398577383224,"fa_agreement_hansen20_gte_6":81.0040463886096,"fa_agreement_hansen20_gte_7":12.180951454288268,"fa_agreement_hansen20_gte_8":0.0,"fa_agreement_hansen30_gte_1":1839.7980855729993,"fa_agreement_hansen30_gte_2":1323.2975327335512,"fa_agreement_hansen30_gte_3":840.43593223305,"fa_agreement_hansen30_gte_4":568.5209146662036,"fa_agreement_hansen30_gte_5":326.28270365710944,"fa_agreement_hansen30_gte_6":79.66223576145536,"fa_agreement_hansen30_gte_7":12.09577491620233,"fa_agreement_hansen30_gte_8":0.0,"fa_copernicus":17.9822515625,"fa_esa_2009":117.42457737132354,"fa_esa_2020":941.5432718570366,"fa_esri":50.43378746647262,"fa_globeland":1177.523303866074,"fa_hansen10":762.4667472190021,"fa_hansen20":666.2461960648446,"fa_hansen30":608.6942729806608,"fa_jaxa":1354.2683339009175,"fa_tandemx":254.4054097917621,"fa_jrc_2020":566.8070136996038,"fra_1a_forestArea":0.17000000178813934,"fra_1a_landArea":2.0,"fra_3b_protected":0.0,"iso3":"BLM","total_area_ha":2174.363788610686,"year":2020,"fa_copernicus_protected":0.0,"fa_esa_2009_protected":26.83926386745085,"fa_esa_2020_protected":23.139294863089763,"fa_esri_protected":0.25216526106292125,"fa_globeland_protected":97.4938878438074,"fa_hansen10_protected":7.2035543645641855,"fa_hansen20_protected":4.685107740693931,"fa_hansen30_protected":3.407526624971277,"fa_jaxa_protected":102.0917432862287,"fa_tandemx_protected":15.346477076990462,"fa_jrc_2020_protected":10.310094434287883,"ba_MODIS_2001":0.0,"ba_MODIS_2002":0.0,"ba_MODIS_2003":0.0,"ba_MODIS_2004":0.0,"ba_MODIS_2005":0.0,"ba_MODIS_2006":0.0,"ba_MODIS_2007":0.0,"ba_MODIS_2008":0.0,"ba_MODIS_2009":0.0,"ba_MODIS_2010":0.0,"ba_MODIS_2011":0.0,"ba_MODIS_2012":0.0,"ba_MODIS_2013":0.0,"ba_MODIS_2014":0.0,"ba_MODIS_2015":0.0,"ba_MODIS_2016":0.0,"ba_MODIS_2017":0.0,"ba_MODIS_2018":0.0,"ba_MODIS_2019":0.0,"ba_MODIS_2020":0.0,"ba_MODIS_2021":0.0,"ba_MODIS_2022":0.0,"ba_MODIS_2001_Hansen10":0.0,"ba_MODIS_2002_Hansen10":0.0,"ba_MODIS_2003_Hansen10":0.0,"ba_MODIS_2004_Hansen10":0.0,"ba_MODIS_2005_Hansen10":0.0,"ba_MODIS_2006_Hansen10":0.0,"ba_MODIS_2007_Hansen10":0.0,"ba_MODIS_2008_Hansen10":0.0,"ba_MODIS_2009_Hansen10":0.0,"ba_MODIS_2010_Hansen10":0.0,"ba_MODIS_2011_Hansen10":0.0,"ba_MODIS_2012_Hansen10":0.0,"ba_MODIS_2013_Hansen10":0.0,"ba_MODIS_2014_Hansen10":0.0,"ba_MODIS_2015_Hansen10":0.0,"ba_MODIS_2016_Hansen10":0.0,"ba_MODIS_2017_Hansen10":0.0,"ba_MODIS_2018_Hansen10":0.0,"ba_MODIS_2019_Hansen10":0.0,"ba_MODIS_2020_Hansen10":0.0,"ba_MODIS_2021_Hansen10":0.0,"ba_MODIS_2022_Hansen10":0.0}},{"type":"Feature","geometry":{"type":"MultiPoint","coordinates":[]},"properties":{"fa_agreement_esri_esa_glo_hansen10_gte_1":115461.5536537989,"fa_agreement_esri_esa_glo_hansen10_gte_2":1823.7589200739624,"fa_agreement_esri_esa_glo_hansen10_gte_3":39.638661795678246,"fa_agreement_esri_esa_glo_hansen10_gte_4":0.0,"fa_agreement_esri_esa_gte_1":113894.5326253959,"fa_agreement_esri_esa_gte_2":83.55329191637978,"fa_agreement_hansen10_gte_1":290422.62965780275,"fa_agreement_hansen10_gte_2":53478.2203106219,"fa_agreement_hansen10_gte_3":2963.6943857109472,"fa_agreement_hansen10_gte_4":336.70293687473753,"fa_agreement_hansen10_gte_5":31.591474145076962,"fa_agreement_hansen10_gte_6":2.1781497791245403,"fa_agreement_hansen10_gte_7":0.0,"fa_agreement_hansen10_gte_8":0.0,"fa_agreement_hansen30_gte_9":0.0,"fa_agreement_hansen20_gte_1":290207.8735024222,"fa_agreement_hansen20_gte_2":53165.706348797285,"fa_agreement_hansen20_gte_3":2768.7573409932816,"fa_agreement_hansen20_gte_4":282.117694636829,"fa_agreement_hansen20_gte_5":28.020755446226822,"fa_agreement_hansen20_gte_6":2.17814977912454,"fa_agreement_hansen20_gte_7":0.0,"fa_agreement_hansen20_gte_8":0.0,"fa_agreement_hansen30_gte_1":290072.1243089391,"fa_agreement_hansen30_gte_2":52912.47521506191,"fa_agreement_hansen30_gte_3":2593.2550004169925,"fa_agreement_hansen30_gte_4":228.09717292971104,"fa_agreement_hansen30_gte_5":22.572202164905026,"fa_agreement_hansen30_gte_6":1.8408410816147749,"fa_agreement_hansen30_gte_7":0.0,"fa_agreement_hansen30_gte_8":0.0,"fa_copernicus":7526.314347334547,"fa_esa_2009":204022.21021462424,"fa_esa_2020":128.33966874361647,"fa_esri":113850.62327824358,"fa_globeland":0.0,"fa_hansen10":3381.247363980141,"fa_hansen20":2598.575365433922,"fa_hansen30":1952.3878812318521,"fa_jaxa":9758.139599905764,"fa_tandemx":8313.210507716223,"fa_jrc_2020":327.0899115420885,"fra_1a_forestArea":0.0,"fra_1a_landArea":1217.0,"fra_3b_protected":0.0,"iso3":"FLK","total_area_ha":1199002.5812601391,"year":2020,"fa_copernicus_protected":98.20305006031646,"fa_esa_2009_protected":114.26231328630027,"fa_esa_2020_protected":2.7026343569288063,"fa_esri_protected":34.4025641419893,"fa_globeland_protected":0.0,"fa_hansen10_protected":29.28821569278495,"fa_hansen20_protected":25.15746494494869,"fa_hansen30_protected":24.36954364949545,"fa_jaxa_protected":0.0,"fa_tandemx_protected":195.11933255153326,"fa_jrc_2020_protected":23.889752768985524,"ba_MODIS_2001":4506.96233927696,"ba_MODIS_2002":2139.604219381127,"ba_MODIS_2003":0.0,"ba_MODIS_2004":584.6706515624998,"ba_MODIS_2005":0.0,"ba_MODIS_2006":631.2811847058827,"ba_MODIS_2007":0.0,"ba_MODIS_2008":15.608121875,"ba_MODIS_2009":0.0,"ba_MODIS_2010":0.0,"ba_MODIS_2011":0.0,"ba_MODIS_2012":1724.6297921875,"ba_MODIS_2013":0.0,"ba_MODIS_2014":0.0,"ba_MODIS_2015":0.0,"ba_MODIS_2016":0.0,"ba_MODIS_2017":0.0,"ba_MODIS_2018":0.0,"ba_MODIS_2019":0.0,"ba_MODIS_2020":0.0,"ba_MODIS_2021":0.0,"ba_MODIS_2022":379.5299697487744,"ba_MODIS_2001_Hansen10":3.425058976117302,"ba_MODIS_2002_Hansen10":6.198434905287801,"ba_MODIS_2003_Hansen10":0.0,"ba_MODIS_2004_Hansen10":0.0,"ba_MODIS_2005_Hansen10":0.0,"ba_MODIS_2006_Hansen10":11.693285677035467,"ba_MODIS_2007_Hansen10":0.0,"ba_MODIS_2008_Hansen10":0.0,"ba_MODIS_2009_Hansen10":0.0,"ba_MODIS_2010_Hansen10":0.0,"ba_MODIS_2011_Hansen10":0.0,"ba_MODIS_2012_Hansen10":0.44752094726562497,"ba_MODIS_2013_Hansen10":0.0,"ba_MODIS_2014_Hansen10":0.0,"ba_MODIS_2015_Hansen10":0.0,"ba_MODIS_2016_Hansen10":0.0,"ba_MODIS_2017_Hansen10":0.0,"ba_MODIS_2018_Hansen10":0.0,"ba_MODIS_2019_Hansen10":0.0,"ba_MODIS_2020_Hansen10":0.0,"ba_MODIS_2021_Hansen10":0.0,"ba_MODIS_2022_Hansen10":1.6998290939749925}},{"type":"Feature","geometry":{"type":"MultiPoint","coordinates":[]},"properties":{"fa_agreement_esri_esa_glo_hansen10_gte_1":176775.66503144603,"fa_agreement_esri_esa_glo_hansen10_gte_2":4612.253354866612,"fa_agreement_esri_esa_glo_hansen10_gte_3":0.0,"fa_agreement_esri_esa_glo_hansen10_gte_4":0.0,"fa_agreement_esri_esa_gte_1":178333.85936487178,"fa_agreement_esri_esa_gte_2":4712.857043432745,"fa_agreement_hansen10_gte_1":251564.27766288727,"fa_agreement_hansen10_gte_2":36954.18795463378,"fa_agreement_hansen10_gte_3":3752.399690232359,"fa_agreement_hansen10_gte_4":0.0,"fa_agreement_hansen10_gte_5":0.0,"fa_agreement_hansen10_gte_6":0.0,"fa_agreement_hansen10_gte_7":0.0,"fa_agreement_hansen10_gte_8":0.0,"fa_agreement_hansen30_gte_9":0.0,"fa_agreement_hansen20_gte_1":251564.27766289574,"fa_agreement_hansen20_gte_2":36954.187954633766,"fa_agreement_hansen20_gte_3":3752.3996902323593,"fa_agreement_hansen20_gte_4":0.0,"fa_agreement_hansen20_gte_5":0.0,"fa_agreement_hansen20_gte_6":0.0,"fa_agreement_hansen20_gte_7":0.0,"fa_agreement_hansen20_gte_8":0.0,"fa_agreement_hansen30_gte_1":222764.3388758431,"fa_agreement_hansen30_gte_2":36954.18795463378,"fa_agreement_hansen30_gte_3":3752.3996902323597,"fa_agreement_hansen30_gte_4":0.0,"fa_agreement_hansen30_gte_5":0.0,"fa_agreement_hansen30_gte_6":0.0,"fa_agreement_hansen30_gte_7":0.0,"fa_agreement_hansen30_gte_8":0.0,"fa_copernicus":5.821691601562501,"fa_esa_2009":0.0,"fa_esa_2020":45678.48774426482,"fa_esri":137402.3813561212,"fa_globeland":0.0,"fa_hansen10":0.0,"fa_hansen20":0.0,"fa_hansen30":0.0,"fa_jaxa":46142.434818009766,"fa_tandemx":0.0,"fa_jrc_2020":69168.89613229818,"fra_1a_forestArea":0.2199999988079071,"fra_1a_landArea":41045.0,"fra_3b_protected":0.0,"iso3":"GRL","total_area_ha":2.1486243835020196E8,"year":2020,"fa_copernicus_protected":0.0,"fa_esa_2009_protected":0.0,"fa_esa_2020_protected":13278.711284963449,"fa_esri_protected":34358.78374468133,"fa_globeland_protected":0.0,"fa_hansen10_protected":0.0,"fa_hansen20_protected":0.0,"fa_hansen30_protected":0.0,"fa_jaxa_protected":32224.35479345649,"fa_tandemx_protected":0.0,"fa_jrc_2020_protected":26397.12438206083,"ba_MODIS_2001":0.0,"ba_MODIS_2002":0.0,"ba_MODIS_2003":0.0,"ba_MODIS_2004":0.0,"ba_MODIS_2005":0.0,"ba_MODIS_2006":0.0,"ba_MODIS_2007":0.0,"ba_MODIS_2008":0.0,"ba_MODIS_2009":0.0,"ba_MODIS_2010":0.0,"ba_MODIS_2011":0.0,"ba_MODIS_2012":0.0,"ba_MODIS_2013":0.0,"ba_MODIS_2014":0.0,"ba_MODIS_2015":0.0,"ba_MODIS_2016":0.0,"ba_MODIS_2017":2383.2582745343116,"ba_MODIS_2018":0.0,"ba_MODIS_2019":392.6509281250003,"ba_MODIS_2020":0.0,"ba_MODIS_2021":0.0,"ba_MODIS_2022":0.0,"ba_MODIS_2001_Hansen10":0.0,"ba_MODIS_2002_Hansen10":0.0,"ba_MODIS_2003_Hansen10":0.0,"ba_MODIS_2004_Hansen10":0.0,"ba_MODIS_2005_Hansen10":0.0,"ba_MODIS_2006_Hansen10":0.0,"ba_MODIS_2007_Hansen10":0.0,"ba_MODIS_2008_Hansen10":0.0,"ba_MODIS_2009_Hansen10":0.0,"ba_MODIS_2010_Hansen10":0.0,"ba_MODIS_2011_Hansen10":0.0,"ba_MODIS_2012_Hansen10":0.0,"ba_MODIS_2013_Hansen10":0.0,"ba_MODIS_2014_Hansen10":0.0,"ba_MODIS_2015_Hansen10":0.0,"ba_MODIS_2016_Hansen10":0.0,"ba_MODIS_2017_Hansen10":0.0,"ba_MODIS_2018_Hansen10":0.0,"ba_MODIS_2019_Hansen10":0.0,"ba_MODIS_2020_Hansen10":0.0,"ba_MODIS_2021_Hansen10":0.0,"ba_MODIS_2022_Hansen10":0.0}},{"type":"Feature","geometry":{"type":"MultiPoint","coordinates":[]},"properties":{"fa_agreement_esri_esa_glo_hansen10_gte_1":29211.388229173772,"fa_agreement_esri_esa_glo_hansen10_gte_2":20092.740979063707,"fa_agreement_esri_esa_glo_hansen10_gte_3":14676.399679938047,"fa_agreement_esri_esa_glo_hansen10_gte_4":8942.536076609273,"fa_agreement_esri_esa_gte_1":21322.202071031774,"fa_agreement_esri_esa_gte_2":12535.709894515028,"fa_agreement_hansen10_gte_1":35515.865261392,"fa_agreement_hansen10_gte_2":25744.562740983107,"fa_agreement_hansen10_gte_3":19496.135646192175,"fa_agreement_hansen10_gte_4":15248.492995639137,"fa_agreement_hansen10_gte_5":11305.7720626306,"fa_agreement_hansen10_gte_6":5602.245517701207,"fa_agreement_hansen10_gte_7":377.0458541954362,"fa_agreement_hansen10_gte_8":0.08315795288085938,"fa_agreement_hansen30_gte_9":0.0,"fa_agreement_hansen20_gte_1":35326.30808165957,"fa_agreement_hansen20_gte_2":25382.84018116197,"fa_agreement_hansen20_gte_3":19086.550856524194,"fa_agreement_hansen20_gte_4":14810.826741931889,"fa_agreement_hansen20_gte_5":10936.80544713737,"fa_agreement_hansen20_gte_6":5345.574809076065,"fa_agreement_hansen20_gte_7":357.13121766491383,"fa_agreement_hansen20_gte_8":0.0,"fa_agreement_hansen30_gte_1":36418.20289827346,"fa_agreement_hansen30_gte_2":25108.358333569824,"fa_agreement_hansen30_gte_3":18789.294180041376,"fa_agreement_hansen30_gte_4":14419.915048821149,"fa_agreement_hansen30_gte_5":10536.64688019488,"fa_agreement_hansen30_gte_6":5054.98973527445,"fa_agreement_hansen30_gte_7":336.6750181906292,"fa_agreement_hansen30_gte_8":0.0,"fa_copernicus":0.0,"fa_esa_2009":2624.9266417187487,"fa_esa_2020":19561.487149000062,"fa_esri":14298.424129868841,"fa_globeland":24867.17845046175,"fa_hansen10":14132.048709201774,"fa_hansen20":12005.523982473813,"fa_hansen30":10198.427059676644,"fa_jaxa":29263.59721970404,"fa_tandemx":1949.820545838407,"fa_jrc_2020":11852.955864970456,"fra_1a_forestArea":10.520000457763672,"fra_1a_landArea":95.0,"fra_3b_protected":null,"iso3":"TCA","total_area_ha":54777.81429245588,"year":2020,"fa_copernicus_protected":0.0,"fa_esa_2009_protected":623.4022162514116,"fa_esa_2020_protected":5008.449635715287,"fa_esri_protected":3678.697409474561,"fa_globeland_protected":6958.019105983783,"fa_hansen10_protected":2820.418704064788,"fa_hansen20_protected":2348.1827073838094,"fa_hansen30_protected":1820.277930882517,"fa_jaxa_protected":7880.002674082868,"fa_tandemx_protected":455.25843904258625,"fa_jrc_2020_protected":3599.2144955348153,"ba_MODIS_2001":0.0,"ba_MODIS_2002":0.0,"ba_MODIS_2003":0.0,"ba_MODIS_2004":0.0,"ba_MODIS_2005":0.0,"ba_MODIS_2006":0.0,"ba_MODIS_2007":0.0,"ba_MODIS_2008":0.0,"ba_MODIS_2009":435.7553821323529,"ba_MODIS_2010":0.0,"ba_MODIS_2011":0.0,"ba_MODIS_2012":0.0,"ba_MODIS_2013":0.0,"ba_MODIS_2014":0.0,"ba_MODIS_2015":0.0,"ba_MODIS_2016":0.0,"ba_MODIS_2017":0.0,"ba_MODIS_2018":0.0,"ba_MODIS_2019":0.0,"ba_MODIS_2020":0.0,"ba_MODIS_2021":0.0,"ba_MODIS_2022":0.0,"ba_MODIS_2001_Hansen10":0.0,"ba_MODIS_2002_Hansen10":0.0,"ba_MODIS_2003_Hansen10":0.0,"ba_MODIS_2004_Hansen10":0.0,"ba_MODIS_2005_Hansen10":0.0,"ba_MODIS_2006_Hansen10":0.0,"ba_MODIS_2007_Hansen10":0.0,"ba_MODIS_2008_Hansen10":0.0,"ba_MODIS_2009_Hansen10":65.92336181030265,"ba_MODIS_2010_Hansen10":0.0,"ba_MODIS_2011_Hansen10":0.0,"ba_MODIS_2012_Hansen10":0.0,"ba_MODIS_2013_Hansen10":0.0,"ba_MODIS_2014_Hansen10":0.0,"ba_MODIS_2015_Hansen10":0.0,"ba_MODIS_2016_Hansen10":0.0,"ba_MODIS_2017_Hansen10":0.0,"ba_MODIS_2018_Hansen10":0.0,"ba_MODIS_2019_Hansen10":0.0,"ba_MODIS_2020_Hansen10":0.0,"ba_MODIS_2021_Hansen10":0.0,"ba_MODIS_2022_Hansen10":0.0}},{"type":"Feature","geometry":{"type":"MultiPoint","coordinates":[]},"properties":{"fa_agreement_esri_esa_glo_hansen10_gte_1":17920.870269748702,"fa_agreement_esri_esa_glo_hansen10_gte_2":8779.89040750612,"fa_agreement_esri_esa_glo_hansen10_gte_3":5359.074074722777,"fa_agreement_esri_esa_glo_hansen10_gte_4":2885.71113945726,"fa_agreement_esri_esa_gte_1":15761.904177204102,"fa_agreement_esri_esa_gte_2":5390.253830860812,"fa_agreement_hansen10_gte_1":26550.931039267034,"fa_agreement_hansen10_gte_2":16360.552414063677,"fa_agreement_hansen10_gte_3":11208.44843273364,"fa_agreement_hansen10_gte_4":8377.055512416135,"fa_agreement_hansen10_gte_5":6408.231446332808,"fa_agreement_hansen10_gte_6":4810.689783175143,"fa_agreement_hansen10_gte_7":3474.9983727413996,"fa_agreement_hansen10_gte_8":2060.0317654081764,"fa_agreement_hansen30_gte_9":672.4853959376716,"fa_agreement_hansen20_gte_1":26519.178962046168,"fa_agreement_hansen20_gte_2":16305.955549855922,"fa_agreement_hansen20_gte_3":11151.080292745259,"fa_agreement_hansen20_gte_4":8321.75114051593,"fa_agreement_hansen20_gte_5":6342.539166681901,"fa_agreement_hansen20_gte_6":4741.507623877294,"fa_agreement_hansen20_gte_7":3420.9427857802984,"fa_agreement_hansen20_gte_8":2022.6450407060136,"fa_agreement_hansen30_gte_1":27233.523005909392,"fa_agreement_hansen30_gte_2":16280.605807159847,"fa_agreement_hansen30_gte_3":11115.817085676019,"fa_agreement_hansen30_gte_4":8278.852187522827,"fa_agreement_hansen30_gte_5":6290.559542014943,"fa_agreement_hansen30_gte_6":4696.023441219357,"fa_agreement_hansen30_gte_7":3382.593484514061,"fa_agreement_hansen30_gte_8":1999.0188186726866,"fa_copernicus":4816.902099353897,"fa_esa_2009":8192.563452570417,"fa_esa_2020":15640.122284870347,"fa_esri":5513.849805514295,"fa_globeland":8059.516087155485,"fa_hansen10":5722.184194052262,"fa_hansen20":5264.802091077539,"fa_hansen30":4966.2473400928675,"fa_jaxa":16310.801902886176,"fa_tandemx":8325.163510838998,"fa_jrc_2020":10457.20052053498,"fra_1a_forestArea":6.300000190734863,"fra_1a_landArea":43.0,"fra_3b_protected":0.30000001192092896,"iso3":"BRB","total_area_ha":44101.35809641464,"year":2020,"fa_copernicus_protected":129.85310565795885,"fa_esa_2009_protected":113.21512548217794,"fa_esa_2020_protected":284.6453284878852,"fa_esri_protected":132.0316910400386,"fa_globeland_protected":165.5281525331749,"fa_hansen10_protected":153.9921753334436,"fa_hansen20_protected":142.2011910161515,"fa_hansen30_protected":133.05576971488213,"fa_jaxa_protected":177.32138162231547,"fa_tandemx_protected":166.32858308756582,"fa_jrc_2020_protected":170.5538182130104,"ba_MODIS_2001":0.0,"ba_MODIS_2002":0.0,"ba_MODIS_2003":0.0,"ba_MODIS_2004":0.0,"ba_MODIS_2005":0.0,"ba_MODIS_2006":0.0,"ba_MODIS_2007":0.0,"ba_MODIS_2008":0.0,"ba_MODIS_2009":0.0,"ba_MODIS_2010":605.003771875,"ba_MODIS_2011":0.0,"ba_MODIS_2012":0.0,"ba_MODIS_2013":0.0,"ba_MODIS_2014":0.0,"ba_MODIS_2015":0.0,"ba_MODIS_2016":0.0,"ba_MODIS_2017":0.0,"ba_MODIS_2018":0.0,"ba_MODIS_2019":0.0,"ba_MODIS_2020":0.0,"ba_MODIS_2021":0.0,"ba_MODIS_2022":0.0,"ba_MODIS_2001_Hansen10":0.0,"ba_MODIS_2002_Hansen10":0.0,"ba_MODIS_2003_Hansen10":0.0,"ba_MODIS_2004_Hansen10":0.0,"ba_MODIS_2005_Hansen10":0.0,"ba_MODIS_2006_Hansen10":0.0,"ba_MODIS_2007_Hansen10":0.0,"ba_MODIS_2008_Hansen10":0.0,"ba_MODIS_2009_Hansen10":0.0,"ba_MODIS_2010_Hansen10":29.00924830322264,"ba_MODIS_2011_Hansen10":0.0,"ba_MODIS_2012_Hansen10":0.0,"ba_MODIS_2013_Hansen10":0.0,"ba_MODIS_2014_Hansen10":0.0,"ba_MODIS_2015_Hansen10":0.0,"ba_MODIS_2016_Hansen10":0.0,"ba_MODIS_2017_Hansen10":0.0,"ba_MODIS_2018_Hansen10":0.0,"ba_MODIS_2019_Hansen10":0.0,"ba_MODIS_2020_Hansen10":0.0,"ba_MODIS_2021_Hansen10":0.0,"ba_MODIS_2022_Hansen10":0.0}},{"type":"Feature","geometry":{"type":"MultiPoint","coordinates":[]},"properties":{"fa_agreement_esri_esa_glo_hansen10_gte_1":20921.190729847855,"fa_agreement_esri_esa_glo_hansen10_gte_2":15769.592142740565,"fa_agreement_esri_esa_glo_hansen10_gte_3":12579.796783299675,"fa_agreement_esri_esa_glo_hansen10_gte_4":7764.961356411208,"fa_agreement_esri_esa_gte_1":16387.507950406496,"fa_agreement_esri_esa_gte_2":11166.190627978482,"fa_agreement_hansen10_gte_1":21707.443270469907,"fa_agreement_hansen10_gte_2":18141.78849784199,"fa_agreement_hansen10_gte_3":15945.08687990111,"fa_agreement_hansen10_gte_4":14238.769212926729,"fa_agreement_hansen10_gte_5":12658.042991741357,"fa_agreement_hansen10_gte_6":11004.855004200304,"fa_agreement_hansen10_gte_7":9064.117329975541,"fa_agreement_hansen10_gte_8":5997.855871412699,"fa_agreement_hansen30_gte_9":2470.7188448513843,"fa_agreement_hansen20_gte_1":21634.857889780593,"fa_agreement_hansen20_gte_2":18047.16608019714,"fa_agreement_hansen20_gte_3":15856.481153459865,"fa_agreement_hansen20_gte_4":14151.489496801516,"fa_agreement_hansen20_gte_5":12586.89825206728,"fa_agreement_hansen20_gte_6":10948.690690398054,"fa_agreement_hansen20_gte_7":9013.592593552514,"fa_agreement_hansen20_gte_8":5964.355817561191,"fa_agreement_hansen30_gte_1":22162.327990884573,"fa_agreement_hansen30_gte_2":17985.78662882839,"fa_agreement_hansen30_gte_3":15783.689802489373,"fa_agreement_hansen30_gte_4":14075.766060124915,"fa_agreement_hansen30_gte_5":12523.96478757266,"fa_agreement_hansen30_gte_6":10905.788952952871,"fa_agreement_hansen30_gte_7":8982.329555991479,"fa_agreement_hansen30_gte_8":5948.927373288894,"fa_copernicus":11556.688439830614,"fa_esa_2009":7500.25534062499,"fa_esa_2020":15932.947118530301,"fa_esri":11619.00599722318,"fa_globeland":15479.984008645086,"fa_hansen10":14078.542611309455,"fa_hansen20":13482.86066839829,"fa_hansen30":13044.791025589999,"fa_jaxa":14522.171983041939,"fa_tandemx":7699.115555245927,"fa_jrc_2020":15071.78611337299,"fra_1a_forestArea":11.0,"fra_1a_landArea":26.0,"fra_3b_protected":null,"iso3":"KNA","total_area_ha":27668.287994403534,"year":2020,"fa_copernicus_protected":3947.194930450711,"fa_esa_2009_protected":3175.7974336853167,"fa_esa_2020_protected":4175.141791809066,"fa_esri_protected":3948.740192742775,"fa_globeland_protected":3379.0327011534855,"fa_hansen10_protected":4086.9579465943884,"fa_hansen20_protected":4047.4015391541943,"fa_hansen30_protected":4035.6115163697586,"fa_jaxa_protected":3611.7990078856287,"fa_tandemx_protected":3454.8401816833393,"fa_jrc_2020_protected":4200.6771487730875,"ba_MODIS_2001":0.0,"ba_MODIS_2002":0.0,"ba_MODIS_2003":0.0,"ba_MODIS_2004":0.0,"ba_MODIS_2005":0.0,"ba_MODIS_2006":0.0,"ba_MODIS_2007":0.0,"ba_MODIS_2008":0.0,"ba_MODIS_2009":0.0,"ba_MODIS_2010":47.47256875,"ba_MODIS_2011":0.0,"ba_MODIS_2012":0.0,"ba_MODIS_2013":0.0,"ba_MODIS_2014":0.0,"ba_MODIS_2015":0.0,"ba_MODIS_2016":0.0,"ba_MODIS_2017":0.0,"ba_MODIS_2018":0.0,"ba_MODIS_2019":0.0,"ba_MODIS_2020":0.0,"ba_MODIS_2021":0.0,"ba_MODIS_2022":0.0,"ba_MODIS_2001_Hansen10":0.0,"ba_MODIS_2002_Hansen10":0.0,"ba_MODIS_2003_Hansen10":0.0,"ba_MODIS_2004_Hansen10":0.0,"ba_MODIS_2005_Hansen10":0.0,"ba_MODIS_2006_Hansen10":0.0,"ba_MODIS_2007_Hansen10":0.0,"ba_MODIS_2008_Hansen10":0.0,"ba_MODIS_2009_Hansen10":0.0,"ba_MODIS_2010_Hansen10":2.990803802490235,"ba_MODIS_2011_Hansen10":0.0,"ba_MODIS_2012_Hansen10":0.0,"ba_MODIS_2013_Hansen10":0.0,"ba_MODIS_2014_Hansen10":0.0,"ba_MODIS_2015_Hansen10":0.0,"ba_MODIS_2016_Hansen10":0.0,"ba_MODIS_2017_Hansen10":0.0,"ba_MODIS_2018_Hansen10":0.0,"ba_MODIS_2019_Hansen10":0.0,"ba_MODIS_2020_Hansen10":0.0,"ba_MODIS_2021_Hansen10":0.0,"ba_MODIS_2022_Hansen10":0.0}},{"type":"Feature","geometry":{"type":"MultiPoint","coordinates":[]},"properties":{"fa_agreement_esri_esa_glo_hansen10_gte_1":56421.7166604554,"fa_agreement_esri_esa_glo_hansen10_gte_2":52724.69105463939,"fa_agreement_esri_esa_glo_hansen10_gte_3":48111.05225596127,"fa_agreement_esri_esa_glo_hansen10_gte_4":39373.744423307304,"fa_agreement_esri_esa_gte_1":53094.76766339902,"fa_agreement_esri_esa_gte_2":42439.31280670383,"fa_agreement_hansen10_gte_1":57344.8239444709,"fa_agreement_hansen10_gte_2":55589.612383675616,"fa_agreement_hansen10_gte_3":53839.20242739387,"fa_agreement_hansen10_gte_4":51881.92756957536,"fa_agreement_hansen10_gte_5":49742.63333846933,"fa_agreement_hansen10_gte_6":47189.483556239225,"fa_agreement_hansen10_gte_7":43467.93235068695,"fa_agreement_hansen10_gte_8":35179.23232465121,"fa_agreement_hansen30_gte_9":15261.063512290606,"fa_agreement_hansen20_gte_1":57329.531658592365,"fa_agreement_hansen20_gte_2":55540.84423310293,"fa_agreement_hansen20_gte_3":53731.87742973794,"fa_agreement_hansen20_gte_4":51734.56375541388,"fa_agreement_hansen20_gte_5":49602.10196890313,"fa_agreement_hansen20_gte_6":47037.62150451287,"fa_agreement_hansen20_gte_7":43303.73671393107,"fa_agreement_hansen20_gte_8":35029.38759935698,"fa_agreement_hansen30_gte_1":58516.54354833344,"fa_agreement_hansen30_gte_2":55508.45735711437,"fa_agreement_hansen30_gte_3":53660.4319877567,"fa_agreement_hansen30_gte_4":51637.440559021794,"fa_agreement_hansen30_gte_5":49490.388249701675,"fa_agreement_hansen30_gte_6":46927.586138195285,"fa_agreement_hansen30_gte_7":43203.754182216915,"fa_agreement_hansen30_gte_8":34953.931480800304,"fa_copernicus":42054.05093517959,"fa_esa_2009":31363.078551302387,"fa_esa_2020":52404.5387564841,"fa_esri":43131.628327490536,"fa_globeland":50685.190747941946,"fa_hansen10":50516.278408171034,"fa_hansen20":49492.09018797351,"fa_hansen30":48817.71354698214,"fa_jaxa":56184.00978261569,"fa_tandemx":41339.64851547381,"fa_jrc_2020":48300.16691962001,"fra_1a_forestArea":20.770000457763672,"fra_1a_landArea":61.0,"fra_3b_protected":9.3100004196167,"iso3":"LCA","total_area_ha":61968.94383565779,"year":2020,"fa_copernicus_protected":10151.894125301727,"fa_esa_2009_protected":6673.158577377788,"fa_esa_2020_protected":10929.688597616323,"fa_esri_protected":10385.356518930244,"fa_globeland_protected":10686.894026086902,"fa_hansen10_protected":10831.822816038784,"fa_hansen20_protected":10798.044275264348,"fa_hansen30_protected":10780.757593251414,"fa_jaxa_protected":10618.789074645309,"fa_tandemx_protected":10491.65157320001,"fa_jrc_2020_protected":10888.263855187344,"ba_MODIS_2001":0.0,"ba_MODIS_2002":0.0,"ba_MODIS_2003":0.0,"ba_MODIS_2004":0.0,"ba_MODIS_2005":0.0,"ba_MODIS_2006":0.0,"ba_MODIS_2007":0.0,"ba_MODIS_2008":0.0,"ba_MODIS_2009":0.0,"ba_MODIS_2010":0.0,"ba_MODIS_2011":0.0,"ba_MODIS_2012":0.0,"ba_MODIS_2013":0.0,"ba_MODIS_2014":0.0,"ba_MODIS_2015":0.0,"ba_MODIS_2016":0.0,"ba_MODIS_2017":0.0,"ba_MODIS_2018":0.0,"ba_MODIS_2019":0.0,"ba_MODIS_2020":0.0,"ba_MODIS_2021":0.0,"ba_MODIS_2022":0.0,"ba_MODIS_2001_Hansen10":0.0,"ba_MODIS_2002_Hansen10":0.0,"ba_MODIS_2003_Hansen10":0.0,"ba_MODIS_2004_Hansen10":0.0,"ba_MODIS_2005_Hansen10":0.0,"ba_MODIS_2006_Hansen10":0.0,"ba_MODIS_2007_Hansen10":0.0,"ba_MODIS_2008_Hansen10":0.0,"ba_MODIS_2009_Hansen10":0.0,"ba_MODIS_2010_Hansen10":0.0,"ba_MODIS_2011_Hansen10":0.0,"ba_MODIS_2012_Hansen10":0.0,"ba_MODIS_2013_Hansen10":0.0,"ba_MODIS_2014_Hansen10":0.0,"ba_MODIS_2015_Hansen10":0.0,"ba_MODIS_2016_Hansen10":0.0,"ba_MODIS_2017_Hansen10":0.0,"ba_MODIS_2018_Hansen10":0.0,"ba_MODIS_2019_Hansen10":0.0,"ba_MODIS_2020_Hansen10":0.0,"ba_MODIS_2021_Hansen10":0.0,"ba_MODIS_2022_Hansen10":0.0}},{"type":"Feature","geometry":{"type":"MultiPoint","coordinates":[]},"properties":{"fa_agreement_esri_esa_glo_hansen10_gte_1":99195.02067010527,"fa_agreement_esri_esa_glo_hansen10_gte_2":84491.03785110723,"fa_agreement_esri_esa_glo_hansen10_gte_3":66310.4911502082,"fa_agreement_esri_esa_glo_hansen10_gte_4":43429.99485177744,"fa_agreement_esri_esa_gte_1":89570.45443586468,"fa_agreement_esri_esa_gte_2":51557.39782066324,"fa_agreement_hansen10_gte_1":102918.71933448,"fa_agreement_hansen10_gte_2":95925.76153995737,"fa_agreement_hansen10_gte_3":89057.84276807489,"fa_agreement_hansen10_gte_4":81942.35328005976,"fa_agreement_hansen10_gte_5":73960.950416732,"fa_agreement_hansen10_gte_6":64775.6442476794,"fa_agreement_hansen10_gte_7":53957.08176864294,"fa_agreement_hansen10_gte_8":39749.97695581038,"fa_agreement_hansen30_gte_9":20028.515847997718,"fa_agreement_hansen20_gte_1":102843.32276106694,"fa_agreement_hansen20_gte_2":95708.49316837985,"fa_agreement_hansen20_gte_3":88762.01934362002,"fa_agreement_hansen20_gte_4":81585.434276996,"fa_agreement_hansen20_gte_5":73547.6960030429,"fa_agreement_hansen20_gte_6":64304.467503237734,"fa_agreement_hansen20_gte_7":53539.746817286024,"fa_agreement_hansen20_gte_8":39467.26475753779,"fa_agreement_hansen30_gte_1":105956.18153633553,"fa_agreement_hansen30_gte_2":95583.76834770516,"fa_agreement_hansen30_gte_3":88576.71408032851,"fa_agreement_hansen30_gte_4":81360.93887888572,"fa_agreement_hansen30_gte_5":73308.13240287808,"fa_agreement_hansen30_gte_6":64052.80450430401,"fa_agreement_hansen30_gte_7":53347.18938487011,"fa_agreement_hansen30_gte_8":39348.12655582641,"fa_copernicus":50545.048402819266,"fa_esa_2009":67355.58565807897,"fa_esa_2020":88398.01765980289,"fa_esri":52728.36814886456,"fa_globeland":76410.45474930463,"fa_hansen10":75748.42012684849,"fa_hansen20":72996.9003961188,"fa_hansen30":71492.18131369638,"fa_jaxa":87175.14765365062,"fa_tandemx":62281.1891543881,"fa_jrc_2020":75615.43864407268,"fra_1a_forestArea":52.290000915527344,"fra_1a_landArea":106.0,"fra_3b_protected":13.149999618530273,"iso3":"MTQ","total_area_ha":114638.13267160504,"year":2020,"fa_copernicus_protected":8583.400437147178,"fa_esa_2009_protected":6351.406558641478,"fa_esa_2020_protected":10374.913728056335,"fa_esri_protected":9334.443884725757,"fa_globeland_protected":9194.558340557658,"fa_hansen10_protected":10146.36237383615,"fa_hansen20_protected":10036.707077543351,"fa_hansen30_protected":9970.597911731424,"fa_jaxa_protected":8462.456657455656,"fa_tandemx_protected":7707.223628901589,"fa_jrc_2020_protected":10487.238545556158,"ba_MODIS_2001":0.0,"ba_MODIS_2002":0.0,"ba_MODIS_2003":0.0,"ba_MODIS_2004":0.0,"ba_MODIS_2005":0.0,"ba_MODIS_2006":0.0,"ba_MODIS_2007":0.0,"ba_MODIS_2008":0.0,"ba_MODIS_2009":0.0,"ba_MODIS_2010":0.0,"ba_MODIS_2011":0.0,"ba_MODIS_2012":0.0,"ba_MODIS_2013":0.0,"ba_MODIS_2014":0.0,"ba_MODIS_2015":0.0,"ba_MODIS_2016":0.0,"ba_MODIS_2017":0.0,"ba_MODIS_2018":0.0,"ba_MODIS_2019":0.0,"ba_MODIS_2020":0.0,"ba_MODIS_2021":0.0,"ba_MODIS_2022":0.0,"ba_MODIS_2001_Hansen10":0.0,"ba_MODIS_2002_Hansen10":0.0,"ba_MODIS_2003_Hansen10":0.0,"ba_MODIS_2004_Hansen10":0.0,"ba_MODIS_2005_Hansen10":0.0,"ba_MODIS_2006_Hansen10":0.0,"ba_MODIS_2007_Hansen10":0.0,"ba_MODIS_2008_Hansen10":0.0,"ba_MODIS_2009_Hansen10":0.0,"ba_MODIS_2010_Hansen10":0.0,"ba_MODIS_2011_Hansen10":0.0,"ba_MODIS_2012_Hansen10":0.0,"ba_MODIS_2013_Hansen10":0.0,"ba_MODIS_2014_Hansen10":0.0,"ba_MODIS_2015_Hansen10":0.0,"ba_MODIS_2016_Hansen10":0.0,"ba_MODIS_2017_Hansen10":0.0,"ba_MODIS_2018_Hansen10":0.0,"ba_MODIS_2019_Hansen10":0.0,"ba_MODIS_2020_Hansen10":0.0,"ba_MODIS_2021_Hansen10":0.0,"ba_MODIS_2022_Hansen10":0.0}},{"type":"Feature","geometry":{"type":"MultiPoint","coordinates":[]},"properties":{"fa_agreement_esri_esa_glo_hansen10_gte_1":3924.6752538097826,"fa_agreement_esri_esa_glo_hansen10_gte_2":2624.43588019227,"fa_agreement_esri_esa_glo_hansen10_gte_3":1846.0768234798425,"fa_agreement_esri_esa_glo_hansen10_gte_4":1112.8623727355425,"fa_agreement_esri_esa_gte_1":2886.3376292097764,"fa_agreement_esri_esa_gte_2":1229.7860017482408,"fa_agreement_hansen10_gte_1":4422.576393941442,"fa_agreement_hansen10_gte_2":3285.3596156103476,"fa_agreement_hansen10_gte_3":2526.9170351128887,"fa_agreement_hansen10_gte_4":2191.129104273525,"fa_agreement_hansen10_gte_5":1782.0276783912982,"fa_agreement_hansen10_gte_6":1330.584702256373,"fa_agreement_hansen10_gte_7":937.7214903808451,"fa_agreement_hansen10_gte_8":379.0506981541493,"fa_agreement_hansen30_gte_9":75.35646591258333,"fa_agreement_hansen20_gte_1":4418.576011229804,"fa_agreement_hansen20_gte_2":3259.4851432583464,"fa_agreement_hansen20_gte_3":2514.5070163002215,"fa_agreement_hansen20_gte_4":2171.9519159455635,"fa_agreement_hansen20_gte_5":1757.6028642729366,"fa_agreement_hansen20_gte_6":1321.5455157634533,"fa_agreement_hansen20_gte_7":932.43372879513,"fa_agreement_hansen20_gte_8":377.68920281723564,"fa_agreement_hansen30_gte_1":4510.103337875036,"fa_agreement_hansen30_gte_2":3243.1090797135375,"fa_agreement_hansen30_gte_3":2504.787218910202,"fa_agreement_hansen30_gte_4":2159.080652183079,"fa_agreement_hansen30_gte_5":1736.7643442357034,"fa_agreement_hansen30_gte_6":1313.7712236696368,"fa_agreement_hansen30_gte_7":928.4340836385716,"fa_agreement_hansen30_gte_8":376.60432462957317,"fa_copernicus":1110.7180717325336,"fa_esa_2009":546.2807189154415,"fa_esa_2020":2879.3588059975186,"fa_esri":1238.1482483369139,"fa_globeland":3391.708816425753,"fa_hansen10":2000.7839801359946,"fa_hansen20":1894.4903577957728,"fa_hansen30":1815.2876043197443,"fa_jaxa":3157.787163028724,"fa_tandemx":662.2424362825516,"fa_jrc_2020":2228.4188297885794,"fra_1a_forestArea":1.2400000095367432,"fra_1a_landArea":5.0,"fra_3b_protected":0.14000000059604645,"iso3":"MAF","total_area_ha":5556.345651170597,"year":2020,"fa_copernicus_protected":3.4880526245117194,"fa_esa_2009_protected":11.742081170654302,"fa_esa_2020_protected":105.36489550340812,"fa_esri_protected":21.688733891242528,"fa_globeland_protected":311.20729617359905,"fa_hansen10_protected":55.881305251584465,"fa_hansen20_protected":48.77147674653889,"fa_hansen30_protected":43.89929901479676,"fa_jaxa_protected":178.31238014784904,"fa_tandemx_protected":58.52989743956325,"fa_jrc_2020_protected":69.53930302511773,"ba_MODIS_2001":0.0,"ba_MODIS_2002":0.0,"ba_MODIS_2003":0.0,"ba_MODIS_2004":0.0,"ba_MODIS_2005":0.0,"ba_MODIS_2006":0.0,"ba_MODIS_2007":0.0,"ba_MODIS_2008":12.422801715686276,"ba_MODIS_2009":0.0,"ba_MODIS_2010":0.0,"ba_MODIS_2011":0.0,"ba_MODIS_2012":0.0,"ba_MODIS_2013":0.0,"ba_MODIS_2014":0.0,"ba_MODIS_2015":0.0,"ba_MODIS_2016":0.0,"ba_MODIS_2017":0.0,"ba_MODIS_2018":0.0,"ba_MODIS_2019":0.0,"ba_MODIS_2020":0.0,"ba_MODIS_2021":0.0,"ba_MODIS_2022":0.0,"ba_MODIS_2001_Hansen10":0.0,"ba_MODIS_2002_Hansen10":0.0,"ba_MODIS_2003_Hansen10":0.0,"ba_MODIS_2004_Hansen10":0.0,"ba_MODIS_2005_Hansen10":0.0,"ba_MODIS_2006_Hansen10":0.0,"ba_MODIS_2007_Hansen10":0.0,"ba_MODIS_2008_Hansen10":0.0,"ba_MODIS_2009_Hansen10":0.0,"ba_MODIS_2010_Hansen10":0.0,"ba_MODIS_2011_Hansen10":0.0,"ba_MODIS_2012_Hansen10":0.0,"ba_MODIS_2013_Hansen10":0.0,"ba_MODIS_2014_Hansen10":0.0,"ba_MODIS_2015_Hansen10":0.0,"ba_MODIS_2016_Hansen10":0.0,"ba_MODIS_2017_Hansen10":0.0,"ba_MODIS_2018_Hansen10":0.0,"ba_MODIS_2019_Hansen10":0.0,"ba_MODIS_2020_Hansen10":0.0,"ba_MODIS_2021_Hansen10":0.0,"ba_MODIS_2022_Hansen10":0.0}},{"type":"Feature","geometry":{"type":"MultiPoint","coordinates":[]},"properties":{"fa_agreement_esri_esa_glo_hansen10_gte_1":35638.30547770515,"fa_agreement_esri_esa_glo_hansen10_gte_2":32119.96155809586,"fa_agreement_esri_esa_glo_hansen10_gte_3":27175.639744015472,"fa_agreement_esri_esa_glo_hansen10_gte_4":18855.84018348244,"fa_agreement_esri_esa_gte_1":33522.02756947499,"fa_agreement_esri_esa_gte_2":23657.15093047013,"fa_agreement_hansen10_gte_1":36481.741975162724,"fa_agreement_hansen10_gte_2":34859.809505070974,"fa_agreement_hansen10_gte_3":33328.0110436983,"fa_agreement_hansen10_gte_4":31676.278426107976,"fa_agreement_hansen10_gte_5":29654.27420232839,"fa_agreement_hansen10_gte_6":26916.759208627504,"fa_agreement_hansen10_gte_7":22956.7982000122,"fa_agreement_hansen10_gte_8":16814.343683042825,"fa_agreement_hansen30_gte_9":7867.86542827476,"fa_agreement_hansen20_gte_1":36466.88404077949,"fa_agreement_hansen20_gte_2":34800.91008622708,"fa_agreement_hansen20_gte_3":33222.504200987794,"fa_agreement_hansen20_gte_4":31552.63270996251,"fa_agreement_hansen20_gte_5":29505.305801085702,"fa_agreement_hansen20_gte_6":26693.03204247861,"fa_agreement_hansen20_gte_7":22698.397362427335,"fa_agreement_hansen20_gte_8":16644.858135541952,"fa_agreement_hansen30_gte_1":37258.29934032275,"fa_agreement_hansen30_gte_2":34773.17890514443,"fa_agreement_hansen30_gte_3":33163.752849882796,"fa_agreement_hansen30_gte_4":31478.69289715594,"fa_agreement_hansen30_gte_5":29425.34029617901,"fa_agreement_hansen30_gte_6":26597.451606829756,"fa_agreement_hansen30_gte_7":22608.535416251587,"fa_agreement_hansen30_gte_8":16583.289265546337,"fa_copernicus":23594.62329721923,"fa_esa_2009":17614.572839460812,"fa_esa_2020":32924.67143926771,"fa_esri":24250.71358866859,"fa_globeland":27185.185730963312,"fa_hansen10":29783.643434092097,"fa_hansen20":28603.978529414795,"fa_hansen30":28068.56465062437,"fa_jaxa":30588.42864781948,"fa_tandemx":28997.955165181647,"fa_jrc_2020":30458.896774133573,"fra_1a_forestArea":28.540000915527344,"fra_1a_landArea":39.0,"fra_3b_protected":13.130000114440918,"iso3":"VCT","total_area_ha":41086.09863497935,"year":2020,"fa_copernicus_protected":6612.900995354432,"fa_esa_2009_protected":3157.045577775192,"fa_esa_2020_protected":7309.313058973459,"fa_esri_protected":6322.9383206367365,"fa_globeland_protected":7197.698377585798,"fa_hansen10_protected":7315.738514354242,"fa_hansen20_protected":7209.1373360339285,"fa_hansen30_protected":7162.7426267833625,"fa_jaxa_protected":7012.032964891558,"fa_tandemx_protected":7592.866608072494,"fa_jrc_2020_protected":7463.047743979187,"ba_MODIS_2001":0.0,"ba_MODIS_2002":0.0,"ba_MODIS_2003":0.0,"ba_MODIS_2004":0.0,"ba_MODIS_2005":0.0,"ba_MODIS_2006":0.0,"ba_MODIS_2007":0.0,"ba_MODIS_2008":0.0,"ba_MODIS_2009":0.0,"ba_MODIS_2010":0.0,"ba_MODIS_2011":0.0,"ba_MODIS_2012":0.0,"ba_MODIS_2013":0.0,"ba_MODIS_2014":0.0,"ba_MODIS_2015":0.0,"ba_MODIS_2016":0.0,"ba_MODIS_2017":0.0,"ba_MODIS_2018":0.0,"ba_MODIS_2019":0.0,"ba_MODIS_2020":0.0,"ba_MODIS_2021":0.0,"ba_MODIS_2022":0.0,"ba_MODIS_2001_Hansen10":0.0,"ba_MODIS_2002_Hansen10":0.0,"ba_MODIS_2003_Hansen10":0.0,"ba_MODIS_2004_Hansen10":0.0,"ba_MODIS_2005_Hansen10":0.0,"ba_MODIS_2006_Hansen10":0.0,"ba_MODIS_2007_Hansen10":0.0,"ba_MODIS_2008_Hansen10":0.0,"ba_MODIS_2009_Hansen10":0.0,"ba_MODIS_2010_Hansen10":0.0,"ba_MODIS_2011_Hansen10":0.0,"ba_MODIS_2012_Hansen10":0.0,"ba_MODIS_2013_Hansen10":0.0,"ba_MODIS_2014_Hansen10":0.0,"ba_MODIS_2015_Hansen10":0.0,"ba_MODIS_2016_Hansen10":0.0,"ba_MODIS_2017_Hansen10":0.0,"ba_MODIS_2018_Hansen10":0.0,"ba_MODIS_2019_Hansen10":0.0,"ba_MODIS_2020_Hansen10":0.0,"ba_MODIS_2021_Hansen10":0.0,"ba_MODIS_2022_Hansen10":0.0}},{"type":"Feature","geometry":{"type":"MultiPoint","coordinates":[]},"properties":{"fa_agreement_esri_esa_glo_hansen10_gte_1":74052.0991714773,"fa_agreement_esri_esa_glo_hansen10_gte_2":72684.08523354762,"fa_agreement_esri_esa_glo_hansen10_gte_3":67428.26262007393,"fa_agreement_esri_esa_glo_hansen10_gte_4":36816.46657807497,"fa_agreement_esri_esa_gte_1":73108.34684635818,"fa_agreement_esri_esa_gte_2":67154.41739512123,"fa_agreement_hansen10_gte_1":73993.47314143954,"fa_agreement_hansen10_gte_2":73510.02652068355,"fa_agreement_hansen10_gte_3":72898.29038908282,"fa_agreement_hansen10_gte_4":72134.1479961221,"fa_agreement_hansen10_gte_5":71248.53974853797,"fa_agreement_hansen10_gte_6":69474.5116355973,"fa_agreement_hansen10_gte_7":63636.95255527235,"fa_agreement_hansen10_gte_8":42948.55124029578,"fa_agreement_hansen30_gte_9":16742.290705480875,"fa_agreement_hansen20_gte_1":73990.96579319594,"fa_agreement_hansen20_gte_2":73487.27805831123,"fa_agreement_hansen20_gte_3":72850.54770959774,"fa_agreement_hansen20_gte_4":72074.74983560157,"fa_agreement_hansen20_gte_5":71184.51937260416,"fa_agreement_hansen20_gte_6":69376.7055230625,"fa_agreement_hansen20_gte_7":63497.073063439224,"fa_agreement_hansen20_gte_8":42857.58959946687,"fa_agreement_hansen30_gte_1":74804.30828302623,"fa_agreement_hansen30_gte_2":73477.53217113184,"fa_agreement_hansen30_gte_3":72822.02479467366,"fa_agreement_hansen30_gte_4":72034.35665436041,"fa_agreement_hansen30_gte_5":71139.9613372728,"fa_agreement_hansen30_gte_6":69318.04375138844,"fa_agreement_hansen30_gte_7":63432.71280138142,"fa_agreement_hansen30_gte_8":42815.32347643013,"fa_copernicus":59706.31439839548,"fa_esa_2009":44115.60881459241,"fa_esa_2020":72771.81993438391,"fa_esri":67497.27411251058,"fa_globeland":64069.31145352051,"fa_hansen10":46857.025169350236,"fa_hansen20":46267.02029942358,"fa_hansen30":45939.64835976974,"fa_jaxa":70406.30674230546,"fa_tandemx":66604.82018391689,"fa_jrc_2020":69763.49616945682,"fra_1a_forestArea":47.869998931884766,"fra_1a_landArea":75.0,"fra_3b_protected":21.399999618530273,"iso3":"DMA","total_area_ha":75391.34702334413,"year":2020,"fa_copernicus_protected":9090.152585635267,"fa_esa_2009_protected":6296.084586741914,"fa_esa_2020_protected":10106.520855907933,"fa_esri_protected":9527.801729358474,"fa_globeland_protected":8708.464153361268,"fa_hansen10_protected":6868.9713335790975,"fa_hansen20_protected":6810.671289282018,"fa_hansen30_protected":6781.323586194123,"fa_jaxa_protected":9314.81084143096,"fa_tandemx_protected":8808.364637034909,"fa_jrc_2020_protected":10160.86472211162,"ba_MODIS_2001":0.0,"ba_MODIS_2002":0.0,"ba_MODIS_2003":0.0,"ba_MODIS_2004":0.0,"ba_MODIS_2005":0.0,"ba_MODIS_2006":0.0,"ba_MODIS_2007":0.0,"ba_MODIS_2008":0.0,"ba_MODIS_2009":0.0,"ba_MODIS_2010":0.0,"ba_MODIS_2011":0.0,"ba_MODIS_2012":0.0,"ba_MODIS_2013":0.0,"ba_MODIS_2014":0.0,"ba_MODIS_2015":0.0,"ba_MODIS_2016":0.0,"ba_MODIS_2017":0.0,"ba_MODIS_2018":0.0,"ba_MODIS_2019":0.0,"ba_MODIS_2020":0.0,"ba_MODIS_2021":0.0,"ba_MODIS_2022":0.0,"ba_MODIS_2001_Hansen10":0.0,"ba_MODIS_2002_Hansen10":0.0,"ba_MODIS_2003_Hansen10":0.0,"ba_MODIS_2004_Hansen10":0.0,"ba_MODIS_2005_Hansen10":0.0,"ba_MODIS_2006_Hansen10":0.0,"ba_MODIS_2007_Hansen10":0.0,"ba_MODIS_2008_Hansen10":0.0,"ba_MODIS_2009_Hansen10":0.0,"ba_MODIS_2010_Hansen10":0.0,"ba_MODIS_2011_Hansen10":0.0,"ba_MODIS_2012_Hansen10":0.0,"ba_MODIS_2013_Hansen10":0.0,"ba_MODIS_2014_Hansen10":0.0,"ba_MODIS_2015_Hansen10":0.0,"ba_MODIS_2016_Hansen10":0.0,"ba_MODIS_2017_Hansen10":0.0,"ba_MODIS_2018_Hansen10":0.0,"ba_MODIS_2019_Hansen10":0.0,"ba_MODIS_2020_Hansen10":0.0,"ba_MODIS_2021_Hansen10":0.0,"ba_MODIS_2022_Hansen10":0.0}},{"type":"Feature","geometry":{"type":"MultiPoint","coordinates":[]},"properties":{"fa_agreement_esri_esa_glo_hansen10_gte_1":32439.71657972572,"fa_agreement_esri_esa_glo_hansen10_gte_2":29232.9800614194,"fa_agreement_esri_esa_glo_hansen10_gte_3":24950.613893412927,"fa_agreement_esri_esa_glo_hansen10_gte_4":19031.653070361783,"fa_agreement_esri_esa_gte_1":31403.158522521422,"fa_agreement_esri_esa_gte_2":23753.51885291419,"fa_agreement_hansen10_gte_1":32141.98875211957,"fa_agreement_hansen10_gte_2":30626.515426350612,"fa_agreement_hansen10_gte_3":29055.95454322891,"fa_agreement_hansen10_gte_4":27328.50263352355,"fa_agreement_hansen10_gte_5":25348.908760303886,"fa_agreement_hansen10_gte_6":22784.99654186171,"fa_agreement_hansen10_gte_7":18979.646332081324,"fa_agreement_hansen10_gte_8":12597.845481746243,"fa_agreement_hansen30_gte_9":4021.0057565615252,"fa_agreement_hansen20_gte_1":32103.019346255962,"fa_agreement_hansen20_gte_2":30550.227884455737,"fa_agreement_hansen20_gte_3":28982.885109642928,"fa_agreement_hansen20_gte_4":27255.224514952177,"fa_agreement_hansen20_gte_5":25282.801608533497,"fa_agreement_hansen20_gte_6":22726.252932112675,"fa_agreement_hansen20_gte_7":18918.028173013037,"fa_agreement_hansen20_gte_8":12541.017728865121,"fa_agreement_hansen30_gte_1":33026.56850010879,"fa_agreement_hansen30_gte_2":30496.146332869892,"fa_agreement_hansen30_gte_3":28920.35570694544,"fa_agreement_hansen30_gte_4":27197.319627659464,"fa_agreement_hansen30_gte_5":25234.57872731879,"fa_agreement_hansen30_gte_6":22685.712943669427,"fa_agreement_hansen30_gte_7":18885.77349640992,"fa_agreement_hansen30_gte_8":12516.899674363543,"fa_copernicus":21580.4895908704,"fa_esa_2009":21750.648929191186,"fa_esa_2020":31223.556622377127,"fa_esri":23934.372193055802,"fa_globeland":23237.443930112742,"fa_hansen10":27164.286920788858,"fa_hansen20":26605.551883571326,"fa_hansen30":26229.03716902939,"fa_jaxa":11192.963220873735,"fa_tandemx":21373.637708486793,"fa_jrc_2020":25404.98497815058,"fra_1a_forestArea":17.700000762939453,"fra_1a_landArea":34.0,"fra_3b_protected":2.319999933242798,"iso3":"GRD","total_area_ha":36722.88190463695,"year":2020,"fa_copernicus_protected":2478.4021796841203,"fa_esa_2009_protected":2733.7298905753364,"fa_esa_2020_protected":2831.609272389512,"fa_esri_protected":2787.303710047342,"fa_globeland_protected":2621.5521034626995,"fa_hansen10_protected":2612.4218339098315,"fa_hansen20_protected":2584.5259102403916,"fa_hansen30_protected":2572.597340634221,"fa_jaxa_protected":1848.7106615824703,"fa_tandemx_protected":2307.694947051059,"fa_jrc_2020_protected":2793.3435945709452,"ba_MODIS_2001":0.0,"ba_MODIS_2002":0.0,"ba_MODIS_2003":0.0,"ba_MODIS_2004":24.30214375,"ba_MODIS_2005":0.0,"ba_MODIS_2006":0.0,"ba_MODIS_2007":32.06590930147058,"ba_MODIS_2008":0.0,"ba_MODIS_2009":0.0,"ba_MODIS_2010":0.0,"ba_MODIS_2011":0.0,"ba_MODIS_2012":0.0,"ba_MODIS_2013":55.88197734068628,"ba_MODIS_2014":0.0,"ba_MODIS_2015":24.2954015625,"ba_MODIS_2016":48.5935875,"ba_MODIS_2017":0.0,"ba_MODIS_2018":24.2631125,"ba_MODIS_2019":0.0,"ba_MODIS_2020":0.0,"ba_MODIS_2021":0.0,"ba_MODIS_2022":0.0,"ba_MODIS_2001_Hansen10":0.0,"ba_MODIS_2002_Hansen10":0.0,"ba_MODIS_2003_Hansen10":0.0,"ba_MODIS_2004_Hansen10":20.559524719238297,"ba_MODIS_2005_Hansen10":0.0,"ba_MODIS_2006_Hansen10":0.0,"ba_MODIS_2007_Hansen10":0.0,"ba_MODIS_2008_Hansen10":0.0,"ba_MODIS_2009_Hansen10":0.0,"ba_MODIS_2010_Hansen10":0.0,"ba_MODIS_2011_Hansen10":0.0,"ba_MODIS_2012_Hansen10":0.0,"ba_MODIS_2013_Hansen10":11.313618415264058,"ba_MODIS_2014_Hansen10":0.0,"ba_MODIS_2015_Hansen10":2.7988225219726566,"ba_MODIS_2016_Hansen10":14.257306787109382,"ba_MODIS_2017_Hansen10":0.0,"ba_MODIS_2018_Hansen10":18.43011383666992,"ba_MODIS_2019_Hansen10":0.0,"ba_MODIS_2020_Hansen10":0.0,"ba_MODIS_2021_Hansen10":0.0,"ba_MODIS_2022_Hansen10":0.0}},{"type":"Feature","geometry":{"type":"MultiPoint","coordinates":[]},"properties":{"fa_agreement_esri_esa_glo_hansen10_gte_1":7330.6496829643565,"fa_agreement_esri_esa_glo_hansen10_gte_2":5154.220547792316,"fa_agreement_esri_esa_glo_hansen10_gte_3":3766.112939844293,"fa_agreement_esri_esa_glo_hansen10_gte_4":2299.3045305141045,"fa_agreement_esri_esa_gte_1":5522.991271815962,"fa_agreement_esri_esa_gte_2":3076.667141421578,"fa_agreement_hansen10_gte_1":14375.690131416253,"fa_agreement_hansen10_gte_2":8171.598321284498,"fa_agreement_hansen10_gte_3":6187.091783661738,"fa_agreement_hansen10_gte_4":5186.206791784373,"fa_agreement_hansen10_gte_5":4442.742652984632,"fa_agreement_hansen10_gte_6":3708.912264246087,"fa_agreement_hansen10_gte_7":2773.59230163968,"fa_agreement_hansen10_gte_8":1494.9022320064169,"fa_agreement_hansen30_gte_9":10.942602693134374,"fa_agreement_hansen20_gte_1":14333.088721808947,"fa_agreement_hansen20_gte_2":8029.019441725706,"fa_agreement_hansen20_gte_3":6151.065204882974,"fa_agreement_hansen20_gte_4":5169.749417711435,"fa_agreement_hansen20_gte_5":4430.37128467562,"fa_agreement_hansen20_gte_6":3700.152863923504,"fa_agreement_hansen20_gte_7":2766.2529721020273,"fa_agreement_hansen20_gte_8":1491.745601157718,"fa_agreement_hansen30_gte_1":14685.991272773925,"fa_agreement_hansen30_gte_2":7958.928782178117,"fa_agreement_hansen30_gte_3":6124.302663688892,"fa_agreement_hansen30_gte_4":5151.535210527587,"fa_agreement_hansen30_gte_5":4418.7393379621435,"fa_agreement_hansen30_gte_6":3685.9931191801666,"fa_agreement_hansen30_gte_7":2750.8342880786363,"fa_agreement_hansen30_gte_8":1466.2612003059292,"fa_copernicus":5746.535438804974,"fa_esa_2009":12470.758981391013,"fa_esa_2020":3602.7278935788904,"fa_esri":4996.487082638662,"fa_globeland":5064.01452716655,"fa_hansen10":4904.669643065222,"fa_hansen20":4628.580054406015,"fa_hansen30":4417.857202724164,"fa_jaxa":6385.253616315362,"fa_tandemx":182.3604598201977,"fa_jrc_2020":4506.47195872305,"fra_1a_forestArea":1.2200000286102295,"fra_1a_landArea":23.0,"fra_3b_protected":0.0,"iso3":"SPM","total_area_ha":22743.179881572403,"year":2020,"fa_copernicus_protected":26.35967310372145,"fa_esa_2009_protected":116.93887517578045,"fa_esa_2020_protected":0.3684340393066406,"fa_esri_protected":1.7128837778368176,"fa_globeland_protected":6.210682547104786,"fa_hansen10_protected":8.525636816861018,"fa_hansen20_protected":6.927751548808977,"fa_hansen30_protected":5.944946751445692,"fa_jaxa_protected":0.7925075025850183,"fa_tandemx_protected":2.229738015782973,"fa_jrc_2020_protected":0.982500408935547,"ba_MODIS_2001":0.0,"ba_MODIS_2002":0.0,"ba_MODIS_2003":0.0,"ba_MODIS_2004":0.0,"ba_MODIS_2005":0.0,"ba_MODIS_2006":0.0,"ba_MODIS_2007":0.0,"ba_MODIS_2008":0.0,"ba_MODIS_2009":0.0,"ba_MODIS_2010":0.0,"ba_MODIS_2011":0.0,"ba_MODIS_2012":0.0,"ba_MODIS_2013":0.0,"ba_MODIS_2014":0.0,"ba_MODIS_2015":0.0,"ba_MODIS_2016":0.0,"ba_MODIS_2017":0.0,"ba_MODIS_2018":0.0,"ba_MODIS_2019":0.0,"ba_MODIS_2020":0.0,"ba_MODIS_2021":0.0,"ba_MODIS_2022":0.0,"ba_MODIS_2001_Hansen10":0.0,"ba_MODIS_2002_Hansen10":0.0,"ba_MODIS_2003_Hansen10":0.0,"ba_MODIS_2004_Hansen10":0.0,"ba_MODIS_2005_Hansen10":0.0,"ba_MODIS_2006_Hansen10":0.0,"ba_MODIS_2007_Hansen10":0.0,"ba_MODIS_2008_Hansen10":0.0,"ba_MODIS_2009_Hansen10":0.0,"ba_MODIS_2010_Hansen10":0.0,"ba_MODIS_2011_Hansen10":0.0,"ba_MODIS_2012_Hansen10":0.0,"ba_MODIS_2013_Hansen10":0.0,"ba_MODIS_2014_Hansen10":0.0,"ba_MODIS_2015_Hansen10":0.0,"ba_MODIS_2016_Hansen10":0.0,"ba_MODIS_2017_Hansen10":0.0,"ba_MODIS_2018_Hansen10":0.0,"ba_MODIS_2019_Hansen10":0.0,"ba_MODIS_2020_Hansen10":0.0,"ba_MODIS_2021_Hansen10":0.0,"ba_MODIS_2022_Hansen10":0.0}},{"type":"Feature","geometry":{"type":"MultiPoint","coordinates":[]},"properties":{"fa_agreement_esri_esa_glo_hansen10_gte_1":8110.929153898516,"fa_agreement_esri_esa_glo_hansen10_gte_2":6668.158895639209,"fa_agreement_esri_esa_glo_hansen10_gte_3":5427.180471460161,"fa_agreement_esri_esa_glo_hansen10_gte_4":3309.7535132482403,"fa_agreement_esri_esa_gte_1":6771.208179452081,"fa_agreement_esri_esa_gte_2":5103.620450592711,"fa_agreement_hansen10_gte_1":8537.051901792936,"fa_agreement_hansen10_gte_2":7524.931708189631,"fa_agreement_hansen10_gte_3":6846.639712778368,"fa_agreement_hansen10_gte_4":6241.691130934775,"fa_agreement_hansen10_gte_5":5532.0547514346335,"fa_agreement_hansen10_gte_6":4556.286902948109,"fa_agreement_hansen10_gte_7":3114.833040505603,"fa_agreement_hansen10_gte_8":1467.7183948172403,"fa_agreement_hansen30_gte_9":445.4476603026139,"fa_agreement_hansen20_gte_1":8536.794841514613,"fa_agreement_hansen20_gte_2":7519.6186171801155,"fa_agreement_hansen20_gte_3":6834.732274759329,"fa_agreement_hansen20_gte_4":6218.418082634844,"fa_agreement_hansen20_gte_5":5502.764047348587,"fa_agreement_hansen20_gte_6":4523.350284116429,"fa_agreement_hansen20_gte_7":3079.5839105135824,"fa_agreement_hansen20_gte_8":1455.7193616582836,"fa_agreement_hansen30_gte_1":8719.594747984973,"fa_agreement_hansen30_gte_2":7517.562154307804,"fa_agreement_hansen30_gte_3":6828.883181637317,"fa_agreement_hansen30_gte_4":6202.826326622692,"fa_agreement_hansen30_gte_5":5483.196610723881,"fa_agreement_hansen30_gte_6":4500.4822149993615,"fa_agreement_hansen30_gte_7":3046.391105986775,"fa_agreement_hansen30_gte_8":1448.241267883273,"fa_copernicus":4764.3912005955735,"fa_esa_2009":3347.314535811901,"fa_esa_2020":6576.235111294706,"fa_esri":5300.321341341054,"fa_globeland":7090.310158419245,"fa_hansen10":4567.341838986528,"fa_hansen20":4410.614543079574,"fa_hansen30":4299.437127776448,"fa_jaxa":4915.4362528111515,"fa_tandemx":1940.8974361347261,"fa_jrc_2020":6531.791607630829,"fra_1a_forestArea":2.5,"fra_1a_landArea":10.0,"fra_3b_protected":1.159999966621399,"iso3":"MSR","total_area_ha":10285.374591365922,"year":2020,"fa_copernicus_protected":0.0,"fa_esa_2009_protected":0.0,"fa_esa_2020_protected":0.0,"fa_esri_protected":0.0,"fa_globeland_protected":0.0,"fa_hansen10_protected":0.0,"fa_hansen20_protected":0.0,"fa_hansen30_protected":0.0,"fa_jaxa_protected":0.0,"fa_tandemx_protected":0.0,"fa_jrc_2020_protected":0.0,"ba_MODIS_2001":0.0,"ba_MODIS_2002":0.0,"ba_MODIS_2003":0.0,"ba_MODIS_2004":0.0,"ba_MODIS_2005":0.0,"ba_MODIS_2006":0.0,"ba_MODIS_2007":0.0,"ba_MODIS_2008":0.0,"ba_MODIS_2009":0.0,"ba_MODIS_2010":559.6222041544115,"ba_MODIS_2011":0.0,"ba_MODIS_2012":0.0,"ba_MODIS_2013":0.0,"ba_MODIS_2014":0.0,"ba_MODIS_2015":0.0,"ba_MODIS_2016":0.0,"ba_MODIS_2017":0.0,"ba_MODIS_2018":0.0,"ba_MODIS_2019":0.0,"ba_MODIS_2020":0.0,"ba_MODIS_2021":0.0,"ba_MODIS_2022":0.0,"ba_MODIS_2001_Hansen10":0.0,"ba_MODIS_2002_Hansen10":0.0,"ba_MODIS_2003_Hansen10":0.0,"ba_MODIS_2004_Hansen10":0.0,"ba_MODIS_2005_Hansen10":0.0,"ba_MODIS_2006_Hansen10":0.0,"ba_MODIS_2007_Hansen10":0.0,"ba_MODIS_2008_Hansen10":0.0,"ba_MODIS_2009_Hansen10":0.0,"ba_MODIS_2010_Hansen10":382.1746389747492,"ba_MODIS_2011_Hansen10":0.0,"ba_MODIS_2012_Hansen10":0.0,"ba_MODIS_2013_Hansen10":0.0,"ba_MODIS_2014_Hansen10":0.0,"ba_MODIS_2015_Hansen10":0.0,"ba_MODIS_2016_Hansen10":0.0,"ba_MODIS_2017_Hansen10":0.0,"ba_MODIS_2018_Hansen10":0.0,"ba_MODIS_2019_Hansen10":0.0,"ba_MODIS_2020_Hansen10":0.0,"ba_MODIS_2021_Hansen10":0.0,"ba_MODIS_2022_Hansen10":0.0}},{"type":"Feature","geometry":{"type":"MultiPoint","coordinates":[]},"properties":{"fa_agreement_esri_esa_glo_hansen10_gte_1":28668.16631032269,"fa_agreement_esri_esa_glo_hansen10_gte_2":22567.35861159842,"fa_agreement_esri_esa_glo_hansen10_gte_3":16799.249606208818,"fa_agreement_esri_esa_glo_hansen10_gte_4":8590.793624078387,"fa_agreement_esri_esa_gte_1":24917.510392602613,"fa_agreement_esri_esa_gte_2":12023.713801144913,"fa_agreement_hansen10_gte_1":31266.59859635615,"fa_agreement_hansen10_gte_2":26604.866354677684,"fa_agreement_hansen10_gte_3":22922.488748333155,"fa_agreement_hansen10_gte_4":19841.898847699675,"fa_agreement_hansen10_gte_5":16730.76180667831,"fa_agreement_hansen10_gte_6":13233.36985017556,"fa_agreement_hansen10_gte_7":8922.068938512868,"fa_agreement_hansen10_gte_8":3482.1484712406054,"fa_agreement_hansen30_gte_9":457.5622499604367,"fa_agreement_hansen20_gte_1":31234.28743032645,"fa_agreement_hansen20_gte_2":26494.515106855557,"fa_agreement_hansen20_gte_3":22744.57526845025,"fa_agreement_hansen20_gte_4":19688.594514044955,"fa_agreement_hansen20_gte_5":16614.502523812367,"fa_agreement_hansen20_gte_6":13165.278027891754,"fa_agreement_hansen20_gte_7":8883.870129577583,"fa_agreement_hansen20_gte_8":3469.983544758169,"fa_agreement_hansen30_gte_1":32389.39184316581,"fa_agreement_hansen30_gte_2":26431.2054333574,"fa_agreement_hansen30_gte_3":22636.528896601838,"fa_agreement_hansen30_gte_4":19562.492228505,"fa_agreement_hansen30_gte_5":16507.053360337624,"fa_agreement_hansen30_gte_6":13107.052177639975,"fa_agreement_hansen30_gte_7":8846.658546920029,"fa_agreement_hansen30_gte_8":3462.3763449883327,"fa_copernicus":14050.624339820173,"fa_esa_2009":2363.054965759803,"fa_esa_2020":24782.835618364436,"fa_esri":12163.837987595676,"fa_globeland":20706.30619335168,"fa_hansen10":18805.994178172223,"fa_hansen20":18058.412699016524,"fa_hansen30":17498.939455974076,"fa_jaxa":26212.85492062717,"fa_tandemx":11694.551140154177,"fa_jrc_2020":17671.206839625895,"fra_1a_forestArea":19.90999984741211,"fra_1a_landArea":35.0,"fra_3b_protected":null,"iso3":"VIR","total_area_ha":35703.57926447841,"year":2020,"fa_copernicus_protected":2975.756430844224,"fa_esa_2009_protected":927.6900759291024,"fa_esa_2020_protected":3818.19661963156,"fa_esri_protected":2783.083429484107,"fa_globeland_protected":3687.435365159854,"fa_hansen10_protected":3515.1898511554627,"fa_hansen20_protected":3475.099357812642,"fa_hansen30_protected":3441.360559663339,"fa_jaxa_protected":3262.8415589902434,"fa_tandemx_protected":1484.9348127387968,"fa_jrc_2020_protected":3415.837292999763,"ba_MODIS_2001":0.0,"ba_MODIS_2002":0.0,"ba_MODIS_2003":0.0,"ba_MODIS_2004":0.0,"ba_MODIS_2005":0.0,"ba_MODIS_2006":0.0,"ba_MODIS_2007":0.0,"ba_MODIS_2008":0.0,"ba_MODIS_2009":0.0,"ba_MODIS_2010":0.0,"ba_MODIS_2011":0.0,"ba_MODIS_2012":0.0,"ba_MODIS_2013":0.0,"ba_MODIS_2014":0.0,"ba_MODIS_2015":0.9254194240196079,"ba_MODIS_2016":0.0,"ba_MODIS_2017":0.0,"ba_MODIS_2018":0.0,"ba_MODIS_2019":0.0,"ba_MODIS_2020":0.0,"ba_MODIS_2021":0.0,"ba_MODIS_2022":0.0,"ba_MODIS_2001_Hansen10":0.0,"ba_MODIS_2002_Hansen10":0.0,"ba_MODIS_2003_Hansen10":0.0,"ba_MODIS_2004_Hansen10":0.0,"ba_MODIS_2005_Hansen10":0.0,"ba_MODIS_2006_Hansen10":0.0,"ba_MODIS_2007_Hansen10":0.0,"ba_MODIS_2008_Hansen10":0.0,"ba_MODIS_2009_Hansen10":0.0,"ba_MODIS_2010_Hansen10":0.0,"ba_MODIS_2011_Hansen10":0.0,"ba_MODIS_2012_Hansen10":0.0,"ba_MODIS_2013_Hansen10":0.0,"ba_MODIS_2014_Hansen10":0.0,"ba_MODIS_2015_Hansen10":11.425720721435548,"ba_MODIS_2016_Hansen10":0.0,"ba_MODIS_2017_Hansen10":0.0,"ba_MODIS_2018_Hansen10":0.0,"ba_MODIS_2019_Hansen10":0.0,"ba_MODIS_2020_Hansen10":0.0,"ba_MODIS_2021_Hansen10":0.0,"ba_MODIS_2022_Hansen10":0.0}},{"type":"Feature","geometry":{"type":"MultiPoint","coordinates":[]},"properties":{"fa_agreement_esri_esa_glo_hansen10_gte_1":1977086.8986054407,"fa_agreement_esri_esa_glo_hansen10_gte_2":1305956.2211554823,"fa_agreement_esri_esa_glo_hansen10_gte_3":839670.254908111,"fa_agreement_esri_esa_glo_hansen10_gte_4":451650.1613632178,"fa_agreement_esri_esa_gte_1":1231891.9801575905,"fa_agreement_esri_esa_gte_2":585671.2704584965,"fa_agreement_hansen10_gte_1":2135963.6162103508,"fa_agreement_hansen10_gte_2":1744737.6325406136,"fa_agreement_hansen10_gte_3":1418521.0869828775,"fa_agreement_hansen10_gte_4":1121902.0148745095,"fa_agreement_hansen10_gte_5":831501.4098633709,"fa_agreement_hansen10_gte_6":558740.3550130844,"fa_agreement_hansen10_gte_7":321395.7244532387,"fa_agreement_hansen10_gte_8":128442.37122135122,"fa_agreement_hansen30_gte_9":20593.918856131793,"fa_agreement_hansen20_gte_1":2129029.5809765933,"fa_agreement_hansen20_gte_2":1732385.4118627345,"fa_agreement_hansen20_gte_3":1399792.1987529176,"fa_agreement_hansen20_gte_4":1098670.2405844897,"fa_agreement_hansen20_gte_5":808534.1511600796,"fa_agreement_hansen20_gte_6":543745.006976365,"fa_agreement_hansen20_gte_7":313915.37920374627,"fa_agreement_hansen20_gte_8":126223.23210183316,"fa_agreement_hansen30_gte_1":2223003.403635475,"fa_agreement_hansen30_gte_2":1723763.520886034,"fa_agreement_hansen30_gte_3":1385694.4408610207,"fa_agreement_hansen30_gte_4":1079881.321413099,"fa_agreement_hansen30_gte_5":789314.1337961656,"fa_agreement_hansen30_gte_6":531108.9654259842,"fa_agreement_hansen30_gte_7":307720.1023661332,"fa_agreement_hansen30_gte_8":124480.40089231826,"fa_copernicus":474767.40875165665,"fa_esa_2009":81875.1054535709,"fa_esa_2020":1108349.5975900125,"fa_esri":709181.257511126,"fa_globeland":1751702.7111764401,"fa_hansen10":1004870.8728128753,"fa_hansen20":887832.3079826266,"fa_hansen30":796296.9146350892,"fa_jaxa":1298475.0195528155,"fa_tandemx":1028612.7455108924,"fa_jrc_2020":1241649.0704315046,"fra_1a_forestArea":347.29998779296875,"fra_1a_landArea":2756.0,"fra_3b_protected":31.729999542236328,"iso3":"HTI","total_area_ha":2703539.3037588713,"year":2020,"fa_copernicus_protected":24688.012662213987,"fa_esa_2009_protected":14156.462440882897,"fa_esa_2020_protected":32496.45579705607,"fa_esri_protected":30069.484439525735,"fa_globeland_protected":60876.58122263842,"fa_hansen10_protected":35556.63302081217,"fa_hansen20_protected":32492.861240916543,"fa_hansen30_protected":30477.216363684227,"fa_jaxa_protected":47984.79610582311,"fa_tandemx_protected":39298.74543453649,"fa_jrc_2020_protected":44863.245577180955,"ba_MODIS_2001":1294.2042953124997,"ba_MODIS_2002":1879.6090046875004,"ba_MODIS_2003":635.0171828125,"ba_MODIS_2004":4449.517665839463,"ba_MODIS_2005":2900.7358175245095,"ba_MODIS_2006":3952.2988078125,"ba_MODIS_2007":1997.7621906249997,"ba_MODIS_2008":4336.70846461397,"ba_MODIS_2009":2090.3041761948534,"ba_MODIS_2010":1007.5145343627448,"ba_MODIS_2011":1972.570614062501,"ba_MODIS_2012":2708.817639840683,"ba_MODIS_2013":2144.653449699754,"ba_MODIS_2014":1803.548023584558,"ba_MODIS_2015":1211.0507162132353,"ba_MODIS_2016":1882.4822040379918,"ba_MODIS_2017":1269.4396468749999,"ba_MODIS_2018":3105.9612593750003,"ba_MODIS_2019":1267.6699781250004,"ba_MODIS_2020":3749.432961348038,"ba_MODIS_2021":1809.4116453125007,"ba_MODIS_2022":1464.5097626838242,"ba_MODIS_2001_Hansen10":188.66848992920012,"ba_MODIS_2002_Hansen10":139.20115142822283,"ba_MODIS_2003_Hansen10":93.75813724975566,"ba_MODIS_2004_Hansen10":289.1695585937502,"ba_MODIS_2005_Hansen10":510.16251219482507,"ba_MODIS_2006_Hansen10":567.4100747192396,"ba_MODIS_2007_Hansen10":86.04065072021484,"ba_MODIS_2008_Hansen10":227.54069244672115,"ba_MODIS_2009_Hansen10":364.26512016879127,"ba_MODIS_2010_Hansen10":129.46838322143566,"ba_MODIS_2011_Hansen10":296.08003005981567,"ba_MODIS_2012_Hansen10":120.34272298232146,"ba_MODIS_2013_Hansen10":192.36417039794952,"ba_MODIS_2014_Hansen10":199.37691848144559,"ba_MODIS_2015_Hansen10":266.55978023131007,"ba_MODIS_2016_Hansen10":300.97019716598265,"ba_MODIS_2017_Hansen10":123.61250371093739,"ba_MODIS_2018_Hansen10":1115.4020873535349,"ba_MODIS_2019_Hansen10":154.43926052856497,"ba_MODIS_2020_Hansen10":370.3912672668467,"ba_MODIS_2021_Hansen10":400.88417720946927,"ba_MODIS_2022_Hansen10":242.56743929299606}},{"type":"Feature","geometry":{"type":"MultiPoint","coordinates":[]},"properties":{"fa_agreement_esri_esa_glo_hansen10_gte_1":130345.31406166119,"fa_agreement_esri_esa_glo_hansen10_gte_2":105062.29411531487,"fa_agreement_esri_esa_glo_hansen10_gte_3":86758.74760088723,"fa_agreement_esri_esa_glo_hansen10_gte_4":63971.54628866205,"fa_agreement_esri_esa_gte_1":120608.30470942204,"fa_agreement_esri_esa_gte_2":81673.21822884076,"fa_agreement_hansen10_gte_1":139402.86040387378,"fa_agreement_hansen10_gte_2":123242.46924295487,"fa_agreement_hansen10_gte_3":110214.78048234462,"fa_agreement_hansen10_gte_4":99682.799947616,"fa_agreement_hansen10_gte_5":90898.92125757449,"fa_agreement_hansen10_gte_6":82237.8671735753,"fa_agreement_hansen10_gte_7":72543.88096201606,"fa_agreement_hansen10_gte_8":60287.754428172135,"fa_agreement_hansen30_gte_9":40074.305037571954,"fa_agreement_hansen20_gte_1":139164.35421666654,"fa_agreement_hansen20_gte_2":122820.3068214016,"fa_agreement_hansen20_gte_3":109560.75941772849,"fa_agreement_hansen20_gte_4":99145.14574413779,"fa_agreement_hansen20_gte_5":90457.58275413072,"fa_agreement_hansen20_gte_6":81876.15496708304,"fa_agreement_hansen20_gte_7":72251.57898659976,"fa_agreement_hansen20_gte_8":60053.46944817044,"fa_agreement_hansen30_gte_1":142561.75981400113,"fa_agreement_hansen30_gte_2":122572.69103320132,"fa_agreement_hansen30_gte_3":109151.33144077854,"fa_agreement_hansen30_gte_4":98783.25347080242,"fa_agreement_hansen30_gte_5":90159.97585637387,"fa_agreement_hansen30_gte_6":81623.6436533897,"fa_agreement_hansen30_gte_7":72065.09357476026,"fa_agreement_hansen30_gte_8":59923.3070904496,"fa_copernicus":77548.17264196485,"fa_esa_2009":84435.66226641707,"fa_esa_2020":118516.47436190161,"fa_esri":83762.0453591421,"fa_globeland":86560.69358389033,"fa_hansen10":96789.4813107369,"fa_hansen20":93275.09692905513,"fa_hansen30":91041.34561971438,"fa_jaxa":117223.36175443267,"fa_tandemx":72899.32974684866,"fa_jrc_2020":96884.26399455195,"fra_1a_forestArea":71.91999816894531,"fra_1a_landArea":169.0,"fra_3b_protected":23.06999969482422,"iso3":"GLP","total_area_ha":168305.71225777164,"year":2020,"fa_copernicus_protected":63904.893366690805,"fa_esa_2009_protected":71079.11010451634,"fa_esa_2020_protected":91018.74737689499,"fa_esri_protected":66229.6148065504,"fa_globeland_protected":64682.07425710862,"fa_hansen10_protected":76437.32358169842,"fa_hansen20_protected":73958.33135274697,"fa_hansen30_protected":72465.08014810675,"fa_jaxa_protected":91503.54196470641,"fa_tandemx_protected":60670.67498266857,"fa_jrc_2020_protected":77452.94684328514,"ba_MODIS_2001":0.0,"ba_MODIS_2002":0.0,"ba_MODIS_2003":0.0,"ba_MODIS_2004":0.0,"ba_MODIS_2005":0.0,"ba_MODIS_2006":0.0,"ba_MODIS_2007":0.0,"ba_MODIS_2008":0.0,"ba_MODIS_2009":0.0,"ba_MODIS_2010":23.8593984375,"ba_MODIS_2011":0.0,"ba_MODIS_2012":0.0,"ba_MODIS_2013":0.0,"ba_MODIS_2014":0.0,"ba_MODIS_2015":0.0,"ba_MODIS_2016":0.0,"ba_MODIS_2017":0.0,"ba_MODIS_2018":0.0,"ba_MODIS_2019":0.0,"ba_MODIS_2020":0.0,"ba_MODIS_2021":0.0,"ba_MODIS_2022":0.0,"ba_MODIS_2001_Hansen10":0.0,"ba_MODIS_2002_Hansen10":0.0,"ba_MODIS_2003_Hansen10":0.0,"ba_MODIS_2004_Hansen10":0.0,"ba_MODIS_2005_Hansen10":0.0,"ba_MODIS_2006_Hansen10":0.0,"ba_MODIS_2007_Hansen10":0.0,"ba_MODIS_2008_Hansen10":0.0,"ba_MODIS_2009_Hansen10":0.0,"ba_MODIS_2010_Hansen10":6.52792980957031,"ba_MODIS_2011_Hansen10":0.0,"ba_MODIS_2012_Hansen10":0.0,"ba_MODIS_2013_Hansen10":0.0,"ba_MODIS_2014_Hansen10":0.0,"ba_MODIS_2015_Hansen10":0.0,"ba_MODIS_2016_Hansen10":0.0,"ba_MODIS_2017_Hansen10":0.0,"ba_MODIS_2018_Hansen10":0.0,"ba_MODIS_2019_Hansen10":0.0,"ba_MODIS_2020_Hansen10":0.0,"ba_MODIS_2021_Hansen10":0.0,"ba_MODIS_2022_Hansen10":0.0}},{"type":"Feature","geometry":{"type":"MultiPoint","coordinates":[]},"properties":{"fa_agreement_esri_esa_glo_hansen10_gte_1":14901.845610960028,"fa_agreement_esri_esa_glo_hansen10_gte_2":4339.407956574521,"fa_agreement_esri_esa_glo_hansen10_gte_3":1921.1626182144644,"fa_agreement_esri_esa_glo_hansen10_gte_4":877.3935480726799,"fa_agreement_esri_esa_gte_1":3909.268442039172,"fa_agreement_esri_esa_gte_2":1099.0025348690392,"fa_agreement_hansen10_gte_1":16823.862590219265,"fa_agreement_hansen10_gte_2":10443.95390177524,"fa_agreement_hansen10_gte_3":4344.9291583303375,"fa_agreement_hansen10_gte_4":2134.2202980026814,"fa_agreement_hansen10_gte_5":1248.0171762064103,"fa_agreement_hansen10_gte_6":929.0105246588989,"fa_agreement_hansen10_gte_7":723.1720630938394,"fa_agreement_hansen10_gte_8":373.81698536544513,"fa_agreement_hansen30_gte_9":80.47132141407681,"fa_agreement_hansen20_gte_1":16820.124109246088,"fa_agreement_hansen20_gte_2":10406.668221372249,"fa_agreement_hansen20_gte_3":4168.915038913374,"fa_agreement_hansen20_gte_4":2021.7024100464728,"fa_agreement_hansen20_gte_5":1214.2845972692573,"fa_agreement_hansen20_gte_6":923.5472857859435,"fa_agreement_hansen20_gte_7":720.8470928526185,"fa_agreement_hansen20_gte_8":372.83582936085423,"fa_agreement_hansen30_gte_1":15814.703245791403,"fa_agreement_hansen30_gte_2":10383.965855665385,"fa_agreement_hansen30_gte_3":4038.602116654235,"fa_agreement_hansen30_gte_4":1919.610476959842,"fa_agreement_hansen30_gte_5":1190.3195355238424,"fa_agreement_hansen30_gte_6":920.9376953636282,"fa_agreement_hansen30_gte_7":719.6100438110379,"fa_agreement_hansen30_gte_8":372.0680928740378,"fa_copernicus":864.09137615962,"fa_esa_2009":627.9460548498773,"fa_esa_2020":3459.8254159913645,"fa_esri":1544.496289085739,"fa_globeland":14296.045881893519,"fa_hansen10":2808.042704512522,"fa_hansen20":2421.320023143793,"fa_hansen30":2126.58091278932,"fa_jaxa":1532.8101898574773,"fa_tandemx":1580.9023542050597,"fa_jrc_2020":11351.692318899695,"fra_1a_forestArea":1.909999966621399,"fra_1a_landArea":32.20000076293945,"fra_3b_protected":0.3199999928474426,"iso3":"BES","total_area_ha":32557.674119182593,"year":2020,"fa_copernicus_protected":611.8599413190083,"fa_esa_2009_protected":406.93411830013554,"fa_esa_2020_protected":1562.2050180975627,"fa_esri_protected":827.7088922030345,"fa_globeland_protected":5063.733866427459,"fa_hansen10_protected":1254.0733052251385,"fa_hansen20_protected":1125.4666543445753,"fa_hansen30_protected":1050.9778713537314,"fa_jaxa_protected":661.7166282356322,"fa_tandemx_protected":973.1939141076934,"fa_jrc_2020_protected":3995.3035301841746,"ba_MODIS_2001":0.0,"ba_MODIS_2002":0.0,"ba_MODIS_2003":0.0,"ba_MODIS_2004":0.0,"ba_MODIS_2005":0.0,"ba_MODIS_2006":0.0,"ba_MODIS_2007":0.0,"ba_MODIS_2008":0.0,"ba_MODIS_2009":0.0,"ba_MODIS_2010":0.0,"ba_MODIS_2011":42.86266367647059,"ba_MODIS_2012":4.7623170955882355,"ba_MODIS_2013":0.0,"ba_MODIS_2014":0.0,"ba_MODIS_2015":0.0,"ba_MODIS_2016":0.0,"ba_MODIS_2017":0.0,"ba_MODIS_2018":0.0,"ba_MODIS_2019":0.0,"ba_MODIS_2020":0.0,"ba_MODIS_2021":0.0,"ba_MODIS_2022":0.0,"ba_MODIS_2001_Hansen10":0.0,"ba_MODIS_2002_Hansen10":0.0,"ba_MODIS_2003_Hansen10":0.0,"ba_MODIS_2004_Hansen10":0.0,"ba_MODIS_2005_Hansen10":0.0,"ba_MODIS_2006_Hansen10":0.0,"ba_MODIS_2007_Hansen10":0.0,"ba_MODIS_2008_Hansen10":0.0,"ba_MODIS_2009_Hansen10":0.0,"ba_MODIS_2010_Hansen10":0.0,"ba_MODIS_2011_Hansen10":0.0,"ba_MODIS_2012_Hansen10":0.0,"ba_MODIS_2013_Hansen10":0.0,"ba_MODIS_2014_Hansen10":0.0,"ba_MODIS_2015_Hansen10":0.0,"ba_MODIS_2016_Hansen10":0.0,"ba_MODIS_2017_Hansen10":0.0,"ba_MODIS_2018_Hansen10":0.0,"ba_MODIS_2019_Hansen10":0.0,"ba_MODIS_2020_Hansen10":0.0,"ba_MODIS_2021_Hansen10":0.0,"ba_MODIS_2022_Hansen10":0.0}},{"type":"Feature","geometry":{"type":"MultiPoint","coordinates":[]},"properties":{"fa_agreement_esri_esa_glo_hansen10_gte_1":34557.35955926753,"fa_agreement_esri_esa_glo_hansen10_gte_2":24693.15164090097,"fa_agreement_esri_esa_glo_hansen10_gte_3":16937.530417889124,"fa_agreement_esri_esa_glo_hansen10_gte_4":6749.438963773,"fa_agreement_esri_esa_gte_1":25260.693958920856,"fa_agreement_esri_esa_gte_2":10716.856976018214,"fa_agreement_hansen10_gte_1":36089.118266687605,"fa_agreement_hansen10_gte_2":29805.230088406126,"fa_agreement_hansen10_gte_3":25027.15275171649,"fa_agreement_hansen10_gte_4":21000.83527554088,"fa_agreement_hansen10_gte_5":17040.128791086383,"fa_agreement_hansen10_gte_6":10604.634059598731,"fa_agreement_hansen10_gte_7":5647.726541591217,"fa_agreement_hansen10_gte_8":1682.1460335324716,"fa_agreement_hansen30_gte_9":362.74337604329327,"fa_agreement_hansen20_gte_1":36047.45199100792,"fa_agreement_hansen20_gte_2":29680.8779232167,"fa_agreement_hansen20_gte_3":24794.51158283634,"fa_agreement_hansen20_gte_4":20804.318803310875,"fa_agreement_hansen20_gte_5":16881.85370882522,"fa_agreement_hansen20_gte_6":10516.497280370637,"fa_agreement_hansen20_gte_7":5600.506627824216,"fa_agreement_hansen20_gte_8":1670.3580885709428,"fa_agreement_hansen30_gte_1":37073.585385526974,"fa_agreement_hansen30_gte_2":29588.40216875456,"fa_agreement_hansen30_gte_3":24615.71176970292,"fa_agreement_hansen30_gte_4":20605.925887718033,"fa_agreement_hansen30_gte_5":16709.44204048749,"fa_agreement_hansen30_gte_6":10430.34886986535,"fa_agreement_hansen30_gte_7":5554.979551007667,"fa_agreement_hansen30_gte_8":1663.4481356932965,"fa_copernicus":7732.62874569305,"fa_esa_2009":8529.597203428297,"fa_esa_2020":24223.13647890184,"fa_esri":11750.013155492035,"fa_globeland":26362.586706561437,"fa_hansen10":20493.20298130172,"fa_hansen20":19531.601197216994,"fa_hansen30":18680.560791804863,"fa_jaxa":25109.073642450792,"fa_tandemx":3468.673919978989,"fa_jrc_2020":23019.780412387216,"fra_1a_forestArea":8.119999885559082,"fra_1a_landArea":44.0,"fra_3b_protected":null,"iso3":"ATG","total_area_ha":44468.865334756985,"year":2020,"fa_copernicus_protected":126.30557537231414,"fa_esa_2009_protected":115.6687893352678,"fa_esa_2020_protected":193.63292785531928,"fa_esri_protected":127.35958790247223,"fa_globeland_protected":117.87631152776979,"fa_hansen10_protected":144.79086706198333,"fa_hansen20_protected":140.59363379890027,"fa_hansen30_protected":138.78092052198258,"fa_jaxa_protected":134.72781219712263,"fa_tandemx_protected":138.829386521786,"fa_jrc_2020_protected":168.28807993001362,"ba_MODIS_2001":0.0,"ba_MODIS_2002":0.0,"ba_MODIS_2003":0.0,"ba_MODIS_2004":0.0,"ba_MODIS_2005":0.0,"ba_MODIS_2006":0.0,"ba_MODIS_2007":0.0,"ba_MODIS_2008":0.0,"ba_MODIS_2009":0.0,"ba_MODIS_2010":0.0,"ba_MODIS_2011":0.0,"ba_MODIS_2012":0.0,"ba_MODIS_2013":0.0,"ba_MODIS_2014":0.0,"ba_MODIS_2015":0.0,"ba_MODIS_2016":0.0,"ba_MODIS_2017":0.0,"ba_MODIS_2018":0.0,"ba_MODIS_2019":0.0,"ba_MODIS_2020":0.0,"ba_MODIS_2021":0.0,"ba_MODIS_2022":0.0,"ba_MODIS_2001_Hansen10":0.0,"ba_MODIS_2002_Hansen10":0.0,"ba_MODIS_2003_Hansen10":0.0,"ba_MODIS_2004_Hansen10":0.0,"ba_MODIS_2005_Hansen10":0.0,"ba_MODIS_2006_Hansen10":0.0,"ba_MODIS_2007_Hansen10":0.0,"ba_MODIS_2008_Hansen10":0.0,"ba_MODIS_2009_Hansen10":0.0,"ba_MODIS_2010_Hansen10":0.0,"ba_MODIS_2011_Hansen10":0.0,"ba_MODIS_2012_Hansen10":0.0,"ba_MODIS_2013_Hansen10":0.0,"ba_MODIS_2014_Hansen10":0.0,"ba_MODIS_2015_Hansen10":0.0,"ba_MODIS_2016_Hansen10":0.0,"ba_MODIS_2017_Hansen10":0.0,"ba_MODIS_2018_Hansen10":0.0,"ba_MODIS_2019_Hansen10":0.0,"ba_MODIS_2020_Hansen10":0.0,"ba_MODIS_2021_Hansen10":0.0,"ba_MODIS_2022_Hansen10":0.0}},{"type":"Feature","geometry":{"type":"MultiPoint","coordinates":[]},"properties":{"fa_agreement_esri_esa_glo_hansen10_gte_1":19682.32085809669,"fa_agreement_esri_esa_glo_hansen10_gte_2":15042.658756568326,"fa_agreement_esri_esa_glo_hansen10_gte_3":10265.724856301389,"fa_agreement_esri_esa_glo_hansen10_gte_4":4013.089821246751,"fa_agreement_esri_esa_gte_1":15896.139477368242,"fa_agreement_esri_esa_gte_2":9097.993562237567,"fa_agreement_hansen10_gte_1":22267.46891125446,"fa_agreement_hansen10_gte_2":18164.223969477705,"fa_agreement_hansen10_gte_3":15554.439037391483,"fa_agreement_hansen10_gte_4":12877.859351883411,"fa_agreement_hansen10_gte_5":8959.286402059446,"fa_agreement_hansen10_gte_6":5214.000801608356,"fa_agreement_hansen10_gte_7":2253.336500529737,"fa_agreement_hansen10_gte_8":590.3303002201304,"fa_agreement_hansen30_gte_9":41.76798496445605,"fa_agreement_hansen20_gte_1":22223.763097217958,"fa_agreement_hansen20_gte_2":18064.51348138983,"fa_agreement_hansen20_gte_3":15438.188913310243,"fa_agreement_hansen20_gte_4":12747.932627475253,"fa_agreement_hansen20_gte_5":8843.853089639035,"fa_agreement_hansen20_gte_6":5105.2432952828785,"fa_agreement_hansen20_gte_7":2208.8554669875402,"fa_agreement_hansen20_gte_8":582.1210466396167,"fa_agreement_hansen30_gte_1":22888.62054711911,"fa_agreement_hansen30_gte_2":18012.104578163584,"fa_agreement_hansen30_gte_3":15362.706009350804,"fa_agreement_hansen30_gte_4":12672.103106166489,"fa_agreement_hansen30_gte_5":8769.451072389327,"fa_agreement_hansen30_gte_6":5046.8303037965225,"fa_agreement_hansen30_gte_7":2180.8479567123272,"fa_agreement_hansen30_gte_8":574.6576410099252,"fa_copernicus":4089.476709904612,"fa_esa_2009":6397.766419509797,"fa_esa_2020":13830.647657582582,"fa_esri":11162.148318776159,"fa_globeland":10720.387264821456,"fa_hansen10":13246.897277097749,"fa_hansen20":12552.552470025326,"fa_hansen30":12142.350893193367,"fa_jaxa":17560.236347293867,"fa_tandemx":992.0751705200848,"fa_jrc_2020":10546.02602329159,"fra_1a_forestArea":12.720000267028809,"fra_1a_landArea":24.0,"fra_3b_protected":1.5700000524520874,"iso3":"CYM","total_area_ha":27855.872769793536,"year":2020,"fa_copernicus_protected":685.6582908711054,"fa_esa_2009_protected":601.2078101035718,"fa_esa_2020_protected":1623.1665003513644,"fa_esri_protected":1599.7898772464087,"fa_globeland_protected":973.4126659602387,"fa_hansen10_protected":1696.818673965382,"fa_hansen20_protected":1665.221185279297,"fa_hansen30_protected":1648.9729950677083,"fa_jaxa_protected":1572.5803912618287,"fa_tandemx_protected":139.79775696559471,"fa_jrc_2020_protected":1446.6327686140794,"ba_MODIS_2001":0.0,"ba_MODIS_2002":0.0,"ba_MODIS_2003":0.0,"ba_MODIS_2004":0.0,"ba_MODIS_2005":0.0,"ba_MODIS_2006":0.0,"ba_MODIS_2007":0.0,"ba_MODIS_2008":0.0,"ba_MODIS_2009":0.0,"ba_MODIS_2010":0.0,"ba_MODIS_2011":0.0,"ba_MODIS_2012":0.0,"ba_MODIS_2013":23.4710296875,"ba_MODIS_2014":0.0,"ba_MODIS_2015":0.0,"ba_MODIS_2016":0.0,"ba_MODIS_2017":0.0,"ba_MODIS_2018":0.0,"ba_MODIS_2019":0.0,"ba_MODIS_2020":0.0,"ba_MODIS_2021":0.0,"ba_MODIS_2022":0.0,"ba_MODIS_2001_Hansen10":25.78439081045113,"ba_MODIS_2002_Hansen10":0.0,"ba_MODIS_2003_Hansen10":0.0,"ba_MODIS_2004_Hansen10":0.0,"ba_MODIS_2005_Hansen10":0.0,"ba_MODIS_2006_Hansen10":0.0,"ba_MODIS_2007_Hansen10":0.0,"ba_MODIS_2008_Hansen10":0.0,"ba_MODIS_2009_Hansen10":0.0,"ba_MODIS_2010_Hansen10":0.0,"ba_MODIS_2011_Hansen10":0.0,"ba_MODIS_2012_Hansen10":0.0,"ba_MODIS_2013_Hansen10":20.87049013671872,"ba_MODIS_2014_Hansen10":0.0,"ba_MODIS_2015_Hansen10":0.0,"ba_MODIS_2016_Hansen10":0.0,"ba_MODIS_2017_Hansen10":0.0,"ba_MODIS_2018_Hansen10":0.0,"ba_MODIS_2019_Hansen10":0.0,"ba_MODIS_2020_Hansen10":0.0,"ba_MODIS_2021_Hansen10":0.0,"ba_MODIS_2022_Hansen10":0.0}},{"type":"Feature","geometry":{"type":"MultiPoint","coordinates":[]},"properties":{"fa_agreement_esri_esa_glo_hansen10_gte_1":12245.48464424684,"fa_agreement_esri_esa_glo_hansen10_gte_2":8755.861713840313,"fa_agreement_esri_esa_glo_hansen10_gte_3":6239.979464436783,"fa_agreement_esri_esa_glo_hansen10_gte_4":2711.7308565755184,"fa_agreement_esri_esa_gte_1":8782.045606951862,"fa_agreement_esri_esa_gte_2":3272.5981770600624,"fa_agreement_hansen10_gte_1":13304.574733244996,"fa_agreement_hansen10_gte_2":10848.937428374427,"fa_agreement_hansen10_gte_3":9119.3467678002,"fa_agreement_hansen10_gte_4":7852.215150799082,"fa_agreement_hansen10_gte_5":6388.645321922983,"fa_agreement_hansen10_gte_6":4573.639643361313,"fa_agreement_hansen10_gte_7":3115.4946447782163,"fa_agreement_hansen10_gte_8":1443.743191703662,"fa_agreement_hansen30_gte_9":260.1062326497894,"fa_agreement_hansen20_gte_1":13300.280747994628,"fa_agreement_hansen20_gte_2":10811.26734361655,"fa_agreement_hansen20_gte_3":9036.055978699012,"fa_agreement_hansen20_gte_4":7722.375707427365,"fa_agreement_hansen20_gte_5":6257.096600679589,"fa_agreement_hansen20_gte_6":4538.68692942634,"fa_agreement_hansen20_gte_7":3106.3842697022155,"fa_agreement_hansen20_gte_8":1439.6023596133862,"fa_agreement_hansen30_gte_1":13871.703432203898,"fa_agreement_hansen30_gte_2":10793.689442433646,"fa_agreement_hansen30_gte_3":8981.945553829724,"fa_agreement_hansen30_gte_4":7613.648299317147,"fa_agreement_hansen30_gte_5":6080.789915834806,"fa_agreement_hansen30_gte_6":4499.769105130245,"fa_agreement_hansen30_gte_7":3096.4954744277356,"fa_agreement_hansen30_gte_8":1437.9035805618973,"fa_copernicus":4205.927387084146,"fa_esa_2009":2083.4928635631136,"fa_esa_2020":7928.163102298944,"fa_esri":4124.78124956372,"fa_globeland":10231.71540410444,"fa_hansen10":7694.348219624528,"fa_hansen20":7219.903114771019,"fa_hansen30":6779.20123120563,"fa_jaxa":10647.588981222427,"fa_tandemx":4456.316219491916,"fa_jrc_2020":7539.821359394137,"fra_1a_forestArea":3.619999885559082,"fra_1a_landArea":15.0,"fra_3b_protected":null,"iso3":"VGB","total_area_ha":17035.45609404058,"year":2020,"fa_copernicus_protected":149.8700082641596,"fa_esa_2009_protected":42.61040192464196,"fa_esa_2020_protected":212.05404455362975,"fa_esri_protected":115.11384075034947,"fa_globeland_protected":846.5943986781982,"fa_hansen10_protected":188.15370025287655,"fa_hansen20_protected":172.4126360454481,"fa_hansen30_protected":163.33762792978266,"fa_jaxa_protected":343.53767212610586,"fa_tandemx_protected":224.62239566545065,"fa_jrc_2020_protected":337.65097464735993,"ba_MODIS_2001":0.0,"ba_MODIS_2002":0.0,"ba_MODIS_2003":0.0,"ba_MODIS_2004":0.0,"ba_MODIS_2005":78.07159284313725,"ba_MODIS_2006":0.0,"ba_MODIS_2007":0.0,"ba_MODIS_2008":0.0,"ba_MODIS_2009":0.0,"ba_MODIS_2010":0.0,"ba_MODIS_2011":0.0,"ba_MODIS_2012":0.0,"ba_MODIS_2013":0.0,"ba_MODIS_2014":24.23240087009804,"ba_MODIS_2015":0.0,"ba_MODIS_2016":0.0,"ba_MODIS_2017":0.0,"ba_MODIS_2018":0.0,"ba_MODIS_2019":0.0,"ba_MODIS_2020":0.0,"ba_MODIS_2021":0.0,"ba_MODIS_2022":0.0,"ba_MODIS_2001_Hansen10":0.0,"ba_MODIS_2002_Hansen10":0.0,"ba_MODIS_2003_Hansen10":0.0,"ba_MODIS_2004_Hansen10":0.0,"ba_MODIS_2005_Hansen10":90.07456298801775,"ba_MODIS_2006_Hansen10":0.0,"ba_MODIS_2007_Hansen10":0.0,"ba_MODIS_2008_Hansen10":0.0,"ba_MODIS_2009_Hansen10":0.0,"ba_MODIS_2010_Hansen10":0.0,"ba_MODIS_2011_Hansen10":0.0,"ba_MODIS_2012_Hansen10":0.0,"ba_MODIS_2013_Hansen10":0.0,"ba_MODIS_2014_Hansen10":35.26494581437648,"ba_MODIS_2015_Hansen10":0.0,"ba_MODIS_2016_Hansen10":0.0,"ba_MODIS_2017_Hansen10":0.0,"ba_MODIS_2018_Hansen10":0.0,"ba_MODIS_2019_Hansen10":0.0,"ba_MODIS_2020_Hansen10":0.0,"ba_MODIS_2021_Hansen10":0.0,"ba_MODIS_2022_Hansen10":0.0}},{"type":"Feature","geometry":{"type":"MultiPoint","coordinates":[]},"properties":{"fa_agreement_esri_esa_glo_hansen10_gte_1":686006.1136695932,"fa_agreement_esri_esa_glo_hansen10_gte_2":404600.3275770315,"fa_agreement_esri_esa_glo_hansen10_gte_3":290515.42800980515,"fa_agreement_esri_esa_glo_hansen10_gte_4":175391.33615748267,"fa_agreement_esri_esa_gte_1":518474.42355813005,"fa_agreement_esri_esa_gte_2":261052.70308878718,"fa_agreement_hansen10_gte_1":844743.5054631365,"fa_agreement_hansen10_gte_2":612648.2038394905,"fa_agreement_hansen10_gte_3":449788.71272912616,"fa_agreement_hansen10_gte_4":352012.10663418827,"fa_agreement_hansen10_gte_5":269349.25499754475,"fa_agreement_hansen10_gte_6":178588.9993982935,"fa_agreement_hansen10_gte_7":78851.51680832538,"fa_agreement_hansen10_gte_8":25868.538979488414,"fa_agreement_hansen30_gte_9":67.33885427451935,"fa_agreement_hansen20_gte_1":844055.4615354575,"fa_agreement_hansen20_gte_2":610384.5096095444,"fa_agreement_hansen20_gte_3":444463.3225703422,"fa_agreement_hansen20_gte_4":345405.82581333275,"fa_agreement_hansen20_gte_5":265065.1893903707,"fa_agreement_hansen20_gte_6":175592.77748358523,"fa_agreement_hansen20_gte_7":77268.90008496684,"fa_agreement_hansen20_gte_8":24795.143851883335,"fa_agreement_hansen30_gte_1":870782.2452660617,"fa_agreement_hansen30_gte_2":608736.7151638494,"fa_agreement_hansen30_gte_3":440344.572259424,"fa_agreement_hansen30_gte_4":339715.36943737447,"fa_agreement_hansen30_gte_5":261166.75069962218,"fa_agreement_hansen30_gte_6":173162.67577229394,"fa_agreement_hansen30_gte_7":76104.0971262211,"fa_agreement_hansen30_gte_8":23994.869262541524,"fa_copernicus":348.50546999655336,"fa_esa_2009":160985.60898454385,"fa_esa_2020":471704.0591662887,"fa_esri":307806.73306546826,"fa_globeland":459436.18104254175,"fa_hansen10":316397.8852682381,"fa_hansen20":290475.59266319085,"fa_hansen30":269348.57841003046,"fa_jaxa":631590.0840746149,"fa_tandemx":161241.75560041235,"fa_jrc_2020":395856.9801389345,"fra_1a_forestArea":509.8599853515625,"fra_1a_landArea":1001.0,"fra_3b_protected":null,"iso3":"BHS","total_area_ha":1337059.438667154,"year":2020,"fa_copernicus_protected":47.08466958093979,"fa_esa_2009_protected":27863.362838034387,"fa_esa_2020_protected":133474.07294602864,"fa_esri_protected":40393.29726040365,"fa_globeland_protected":59980.53218246924,"fa_hansen10_protected":38008.254446381776,"fa_hansen20_protected":32785.55131291199,"fa_hansen30_protected":28859.916261792274,"fa_jaxa_protected":132425.44408815916,"fa_tandemx_protected":34190.51634017339,"fa_jrc_2020_protected":110640.94927029563,"ba_MODIS_2001":11841.843138976697,"ba_MODIS_2002":17098.352438547736,"ba_MODIS_2003":2168.8079843749993,"ba_MODIS_2004":45981.88014321724,"ba_MODIS_2005":23717.37428894612,"ba_MODIS_2006":14300.4351251532,"ba_MODIS_2007":16657.23055139094,"ba_MODIS_2008":43411.1322654841,"ba_MODIS_2009":18834.40659408702,"ba_MODIS_2010":8395.624164062496,"ba_MODIS_2011":45930.39966218163,"ba_MODIS_2012":10617.666461421573,"ba_MODIS_2013":40213.986822916835,"ba_MODIS_2014":8938.017152855398,"ba_MODIS_2015":16433.59250076594,"ba_MODIS_2016":21880.661834987804,"ba_MODIS_2017":40332.07656019038,"ba_MODIS_2018":3872.1032117953455,"ba_MODIS_2019":10389.674011642144,"ba_MODIS_2020":20288.347014326002,"ba_MODIS_2021":9250.654271819849,"ba_MODIS_2022":412.8497142647059,"ba_MODIS_2001_Hansen10":5600.402497552539,"ba_MODIS_2002_Hansen10":11150.764213356902,"ba_MODIS_2003_Hansen10":994.9585197021504,"ba_MODIS_2004_Hansen10":23121.29482233404,"ba_MODIS_2005_Hansen10":14055.788988320237,"ba_MODIS_2006_Hansen10":6236.520706094597,"ba_MODIS_2007_Hansen10":9509.543332757368,"ba_MODIS_2008_Hansen10":24893.730943299168,"ba_MODIS_2009_Hansen10":9608.166214792936,"ba_MODIS_2010_Hansen10":5520.829485302756,"ba_MODIS_2011_Hansen10":25264.439463563198,"ba_MODIS_2012_Hansen10":4811.701509164275,"ba_MODIS_2013_Hansen10":23659.113161867223,"ba_MODIS_2014_Hansen10":3950.347983916787,"ba_MODIS_2015_Hansen10":7257.698726182603,"ba_MODIS_2016_Hansen10":9376.733576248667,"ba_MODIS_2017_Hansen10":22361.173750977603,"ba_MODIS_2018_Hansen10":1651.022230728068,"ba_MODIS_2019_Hansen10":5823.901979162573,"ba_MODIS_2020_Hansen10":8882.811640594613,"ba_MODIS_2021_Hansen10":4838.9907324523465,"ba_MODIS_2022_Hansen10":52.49473826904287}},{"type":"Feature","geometry":{"type":"MultiPoint","coordinates":[]},"properties":{"fa_agreement_esri_esa_glo_hansen10_gte_1":9563265.015030507,"fa_agreement_esri_esa_glo_hansen10_gte_2":7658896.331765397,"fa_agreement_esri_esa_glo_hansen10_gte_3":5827977.66683231,"fa_agreement_esri_esa_glo_hansen10_gte_4":3511435.764546415,"fa_agreement_esri_esa_gte_1":7810170.7164228195,"fa_agreement_esri_esa_gte_2":5079108.424647267,"fa_agreement_hansen10_gte_1":1.0741718848392434E7,"fa_agreement_hansen10_gte_2":9703580.795627663,"fa_agreement_hansen10_gte_3":8761894.195663733,"fa_agreement_hansen10_gte_4":7785570.972835406,"fa_agreement_hansen10_gte_5":6724744.39093183,"fa_agreement_hansen10_gte_6":5610668.426290172,"fa_agreement_hansen10_gte_7":4424737.299443137,"fa_agreement_hansen10_gte_8":3142121.358341028,"fa_agreement_hansen30_gte_9":1673980.6326494773,"fa_agreement_hansen20_gte_1":1.0728207780946601E7,"fa_agreement_hansen20_gte_2":9662162.985503517,"fa_agreement_hansen20_gte_3":8717195.000934293,"fa_agreement_hansen20_gte_4":7736508.058876036,"fa_agreement_hansen20_gte_5":6674730.571011155,"fa_agreement_hansen20_gte_6":5564369.660702689,"fa_agreement_hansen20_gte_7":4388217.53117399,"fa_agreement_hansen20_gte_8":3118326.780905425,"fa_agreement_hansen30_gte_1":1.1151422860310245E7,"fa_agreement_hansen30_gte_2":9628914.89481298,"fa_agreement_hansen30_gte_3":8678814.20921032,"fa_agreement_hansen30_gte_4":7693064.969728432,"fa_agreement_hansen30_gte_5":6631011.586769508,"fa_agreement_hansen30_gte_6":5526987.467164089,"fa_agreement_hansen30_gte_7":4362394.470133028,"fa_agreement_hansen30_gte_8":3102980.9904191922,"fa_copernicus":5054275.001403136,"fa_esa_2009":5353009.085252738,"fa_esa_2020":6658654.339830445,"fa_esri":6230584.824066208,"fa_globeland":6819433.132324116,"fa_hansen10":6844788.358110889,"fa_hansen20":6514179.500719531,"fa_hansen30":6248120.112797509,"fa_jaxa":9956378.470255053,"fa_tandemx":7445604.881931747,"fa_jrc_2020":6227593.7933591055,"fra_1a_forestArea":3407.530029296875,"fra_1a_landArea":12034.0,"fra_3b_protected":1338.1700439453125,"iso3":"NIC","total_area_ha":1.2963704346380414E7,"year":2020,"fa_copernicus_protected":1595370.7000656652,"fa_esa_2009_protected":1983482.4499777777,"fa_esa_2020_protected":1811464.8041556468,"fa_esri_protected":1809326.6537994763,"fa_globeland_protected":1770168.095535092,"fa_hansen10_protected":1723126.7003691152,"fa_hansen20_protected":1697397.416219117,"fa_hansen30_protected":1677639.6202137538,"fa_jaxa_protected":2177726.38149889,"fa_tandemx_protected":1866701.0716563344,"fa_jrc_2020_protected":1723976.858847105,"ba_MODIS_2001":64332.67314708872,"ba_MODIS_2002":75268.30635907463,"ba_MODIS_2003":338763.2999170729,"ba_MODIS_2004":114324.35593391766,"ba_MODIS_2005":397039.85019241075,"ba_MODIS_2006":128116.2210244423,"ba_MODIS_2007":118362.75617421544,"ba_MODIS_2008":203901.50378700942,"ba_MODIS_2009":100235.76304244435,"ba_MODIS_2010":236153.51860744786,"ba_MODIS_2011":147627.68022562485,"ba_MODIS_2012":106231.53454850457,"ba_MODIS_2013":232456.9513616122,"ba_MODIS_2014":288579.91860252275,"ba_MODIS_2015":117159.9887738435,"ba_MODIS_2016":221970.75329443574,"ba_MODIS_2017":86089.64580090059,"ba_MODIS_2018":224932.20594009326,"ba_MODIS_2019":203084.49911335862,"ba_MODIS_2020":292282.58427059295,"ba_MODIS_2021":104833.47999364579,"ba_MODIS_2022":26742.074253033043,"ba_MODIS_2001_Hansen10":18365.180942889445,"ba_MODIS_2002_Hansen10":24677.66434995129,"ba_MODIS_2003_Hansen10":159549.5987554944,"ba_MODIS_2004_Hansen10":41491.63859872792,"ba_MODIS_2005_Hansen10":183780.54068339465,"ba_MODIS_2006_Hansen10":47737.025976617486,"ba_MODIS_2007_Hansen10":35888.83949619499,"ba_MODIS_2008_Hansen10":67319.4470392307,"ba_MODIS_2009_Hansen10":30624.116582798822,"ba_MODIS_2010_Hansen10":78806.26218543117,"ba_MODIS_2011_Hansen10":53951.7819141632,"ba_MODIS_2012_Hansen10":32175.7991560528,"ba_MODIS_2013_Hansen10":90728.02293918749,"ba_MODIS_2014_Hansen10":107593.92454541448,"ba_MODIS_2015_Hansen10":47366.72471673925,"ba_MODIS_2016_Hansen10":86664.42188614166,"ba_MODIS_2017_Hansen10":27684.651127202906,"ba_MODIS_2018_Hansen10":80265.88449947386,"ba_MODIS_2019_Hansen10":80287.08012820232,"ba_MODIS_2020_Hansen10":129125.08580303038,"ba_MODIS_2021_Hansen10":31405.809335009195,"ba_MODIS_2022_Hansen10":7732.640343360735}},{"type":"Feature","geometry":{"type":"MultiPoint","coordinates":[]},"properties":{"fa_agreement_esri_esa_glo_hansen10_gte_1":5.69663657728083E8,"fa_agreement_esri_esa_glo_hansen10_gte_2":4.85794412047238E8,"fa_agreement_esri_esa_glo_hansen10_gte_3":4.247908690000753E8,"fa_agreement_esri_esa_glo_hansen10_gte_4":3.4281032248159117E8,"fa_agreement_esri_esa_gte_1":5.0163222894930804E8,"fa_agreement_esri_esa_gte_2":4.292320497802672E8,"fa_agreement_hansen10_gte_1":6.427611724579606E8,"fa_agreement_hansen10_gte_2":5.5367543828997E8,"fa_agreement_hansen10_gte_3":5.010006675712821E8,"fa_agreement_hansen10_gte_4":4.610086963902862E8,"fa_agreement_hansen10_gte_5":4.2719793779317003E8,"fa_agreement_hansen10_gte_6":3.962078207637071E8,"fa_agreement_hansen10_gte_7":3.661778757733598E8,"fa_agreement_hansen10_gte_8":3.337739863767181E8,"fa_agreement_hansen30_gte_9":2.7665917929034775E8,"fa_agreement_hansen20_gte_1":6.401472748706248E8,"fa_agreement_hansen20_gte_2":5.49842690705276E8,"fa_agreement_hansen20_gte_3":4.9804542539105505E8,"fa_agreement_hansen20_gte_4":4.591055604184092E8,"fa_agreement_hansen20_gte_5":4.260322409600301E8,"fa_agreement_hansen20_gte_6":3.956039576638778E8,"fa_agreement_hansen20_gte_7":3.659205833835531E8,"fa_agreement_hansen20_gte_8":3.336848290372414E8,"fa_agreement_hansen30_gte_1":6.225331366407936E8,"fa_agreement_hansen30_gte_2":5.465743892461252E8,"fa_agreement_hansen30_gte_3":4.9509763969497526E8,"fa_agreement_hansen30_gte_4":4.5712307770476454E8,"fa_agreement_hansen30_gte_5":4.2480736767035574E8,"fa_agreement_hansen30_gte_6":3.949699505043044E8,"fa_agreement_hansen30_gte_7":3.6565955335179245E8,"fa_agreement_hansen30_gte_8":3.3359760444516593E8,"fa_copernicus":3.887281385435251E8,"fa_esa_2009":4.638814172926895E8,"fa_esa_2020":4.747700035729087E8,"fa_esri":4.5609735948542064E8,"fa_globeland":4.033301205957685E8,"fa_hansen10":4.8882879098165786E8,"fa_hansen20":4.7469219976155907E8,"fa_hansen30":4.618572509055069E8,"fa_jaxa":4.104510602044341E8,"fa_tandemx":3.889024882122593E8,"fa_jrc_2020":5.1736108548472863E8,"fra_1a_forestArea":496619.59375,"fra_1a_landArea":835814.0,"fra_3b_protected":149577.21,"iso3":"BRA","total_area_ha":8.516153342828859E8,"year":2020,"fa_copernicus_protected":1.397538915383773E8,"fa_esa_2009_protected":1.433083433078249E8,"fa_esa_2020_protected":1.4328126012280986E8,"fa_esri_protected":1.427704263740969E8,"fa_globeland_protected":1.345707829072109E8,"fa_hansen10_protected":1.4560793720263413E8,"fa_hansen20_protected":1.448015646200939E8,"fa_hansen30_protected":1.4402016282523024E8,"fa_jaxa_protected":1.412003977231041E8,"fa_tandemx_protected":1.306091722397355E8,"fa_jrc_2020_protected":1.4627787417890114E8,"ba_MODIS_2001":1.4805700134663228E7,"ba_MODIS_2002":2.2914799213665884E7,"ba_MODIS_2003":1.6212260606349759E7,"ba_MODIS_2004":2.023413645360158E7,"ba_MODIS_2005":2.2205346655930895E7,"ba_MODIS_2006":1.2372632031164132E7,"ba_MODIS_2007":3.6027494391103126E7,"ba_MODIS_2008":1.5080845802544553E7,"ba_MODIS_2009":8859192.175200228,"ba_MODIS_2010":3.59789492390944E7,"ba_MODIS_2011":1.3961238584174573E7,"ba_MODIS_2012":2.3804743953411326E7,"ba_MODIS_2013":9629758.531237518,"ba_MODIS_2014":1.5622476815537797E7,"ba_MODIS_2015":1.980732030965572E7,"ba_MODIS_2016":1.563535569748944E7,"ba_MODIS_2017":2.02707287008229E7,"ba_MODIS_2018":8547801.401042305,"ba_MODIS_2019":1.9136533921962954E7,"ba_MODIS_2020":2.1208121936289977E7,"ba_MODIS_2021":1.5572852558113955E7,"ba_MODIS_2022":902925.5399243087,"ba_MODIS_2001_Hansen10":5553315.560319421,"ba_MODIS_2002_Hansen10":8997962.857025536,"ba_MODIS_2003_Hansen10":5964736.061299308,"ba_MODIS_2004_Hansen10":7371530.541484604,"ba_MODIS_2005_Hansen10":8845824.809742713,"ba_MODIS_2006_Hansen10":3890127.5817842167,"ba_MODIS_2007_Hansen10":1.5581373770009818E7,"ba_MODIS_2008_Hansen10":5146676.7126535345,"ba_MODIS_2009_Hansen10":2585735.022707536,"ba_MODIS_2010_Hansen10":1.5318586172038868E7,"ba_MODIS_2011_Hansen10":4542417.641919137,"ba_MODIS_2012_Hansen10":9616709.669355785,"ba_MODIS_2013_Hansen10":2990899.211650881,"ba_MODIS_2014_Hansen10":5240814.936446979,"ba_MODIS_2015_Hansen10":7995408.117675117,"ba_MODIS_2016_Hansen10":5391072.21322722,"ba_MODIS_2017_Hansen10":7237573.736327848,"ba_MODIS_2018_Hansen10":2511271.623795128,"ba_MODIS_2019_Hansen10":6710663.659617727,"ba_MODIS_2020_Hansen10":7656582.08112291,"ba_MODIS_2021_Hansen10":5361194.224412087,"ba_MODIS_2022_Hansen10":136609.06622781916}},{"type":"Feature","geometry":{"type":"MultiPoint","coordinates":[]},"properties":{"fa_agreement_esri_esa_glo_hansen10_gte_1":3754593.174604557,"fa_agreement_esri_esa_glo_hansen10_gte_2":2985644.848792873,"fa_agreement_esri_esa_glo_hansen10_gte_3":2371695.6465454292,"fa_agreement_esri_esa_glo_hansen10_gte_4":1628828.057422707,"fa_agreement_esri_esa_gte_1":2921304.305589198,"fa_agreement_esri_esa_gte_2":2052472.5753725138,"fa_agreement_hansen10_gte_1":4066127.2429515366,"fa_agreement_hansen10_gte_2":3492491.6807826078,"fa_agreement_hansen10_gte_3":3103132.9727641037,"fa_agreement_hansen10_gte_4":2774749.898627992,"fa_agreement_hansen10_gte_5":2447869.047025517,"fa_agreement_hansen10_gte_6":2079699.3860745095,"fa_agreement_hansen10_gte_7":1673716.628356173,"fa_agreement_hansen10_gte_8":1176632.554725677,"fa_agreement_hansen30_gte_9":587621.1138687494,"fa_agreement_hansen20_gte_1":4056514.0562215815,"fa_agreement_hansen20_gte_2":3475527.600316542,"fa_agreement_hansen20_gte_3":3080972.4627457988,"fa_agreement_hansen20_gte_4":2748585.663452737,"fa_agreement_hansen20_gte_5":2423961.432691873,"fa_agreement_hansen20_gte_6":2060415.1348634607,"fa_agreement_hansen20_gte_7":1658844.6679462898,"fa_agreement_hansen20_gte_8":1166883.0034760875,"fa_agreement_hansen30_gte_1":4200024.966002935,"fa_agreement_hansen30_gte_2":3463573.1171777584,"fa_agreement_hansen30_gte_3":3064232.6221687547,"fa_agreement_hansen30_gte_4":2727910.651132341,"fa_agreement_hansen30_gte_5":2403756.4612482353,"fa_agreement_hansen30_gte_6":2045208.0901758047,"fa_agreement_hansen30_gte_7":1647665.2829414818,"fa_agreement_hansen30_gte_8":1159981.142412282,"fa_copernicus":1892554.5941128975,"fa_esa_2009":1349645.3206974678,"fa_esa_2020":2623207.272270704,"fa_esri":2350584.159847972,"fa_globeland":3199140.707636211,"fa_hansen10":2562608.169509674,"fa_hansen20":2407047.220487571,"fa_hansen30":2287605.290655346,"fa_jaxa":3420324.7882081973,"fa_tandemx":2073744.664248333,"fa_jrc_2020":2637702.1845235764,"fra_1a_forestArea":2144.10009765625,"fra_1a_landArea":4831.0,"fra_3b_protected":null,"iso3":"DOM","total_area_ha":4833506.245117089,"year":2020,"fa_copernicus_protected":646418.3774723457,"fa_esa_2009_protected":511640.9019259409,"fa_esa_2020_protected":707479.3565379799,"fa_esri_protected":704154.5944704685,"fa_globeland_protected":844497.7949802158,"fa_hansen10_protected":725166.6570635685,"fa_hansen20_protected":700312.3191621774,"fa_hansen30_protected":681887.8007336287,"fa_jaxa_protected":837870.8682019169,"fa_tandemx_protected":538875.4933140919,"fa_jrc_2020_protected":792324.4349617305,"ba_MODIS_2001":18945.448434374983,"ba_MODIS_2002":3362.9952406250013,"ba_MODIS_2003":24077.32985508578,"ba_MODIS_2004":9775.543521905638,"ba_MODIS_2005":67421.348720312,"ba_MODIS_2006":14430.939574999993,"ba_MODIS_2007":27520.160384466857,"ba_MODIS_2008":27173.59448710166,"ba_MODIS_2009":16026.600734283074,"ba_MODIS_2010":32225.212405465583,"ba_MODIS_2011":25460.414099999987,"ba_MODIS_2012":12624.014842187498,"ba_MODIS_2013":27804.606523437462,"ba_MODIS_2014":18374.16074333331,"ba_MODIS_2015":26592.329906188756,"ba_MODIS_2016":1855.522590042892,"ba_MODIS_2017":4348.4668328125,"ba_MODIS_2018":12633.336874712008,"ba_MODIS_2019":7583.154421874995,"ba_MODIS_2020":8192.095848884805,"ba_MODIS_2021":7269.531988504902,"ba_MODIS_2022":10333.29043440563,"ba_MODIS_2001_Hansen10":12154.887158496345,"ba_MODIS_2002_Hansen10":1381.7201582824687,"ba_MODIS_2003_Hansen10":9237.136428100688,"ba_MODIS_2004_Hansen10":4030.4607122313932,"ba_MODIS_2005_Hansen10":34610.82788578278,"ba_MODIS_2006_Hansen10":4326.21760125747,"ba_MODIS_2007_Hansen10":6489.720766674844,"ba_MODIS_2008_Hansen10":7455.174825522015,"ba_MODIS_2009_Hansen10":3559.2261360916555,"ba_MODIS_2010_Hansen10":8701.798031927741,"ba_MODIS_2011_Hansen10":8036.742158056705,"ba_MODIS_2012_Hansen10":3426.5012572813434,"ba_MODIS_2013_Hansen10":11372.996503185725,"ba_MODIS_2014_Hansen10":7897.6748254021695,"ba_MODIS_2015_Hansen10":14680.255080218176,"ba_MODIS_2016_Hansen10":309.9906361237407,"ba_MODIS_2017_Hansen10":836.7840403259273,"ba_MODIS_2018_Hansen10":2265.735590631126,"ba_MODIS_2019_Hansen10":2780.7187053039024,"ba_MODIS_2020_Hansen10":1232.4407415588378,"ba_MODIS_2021_Hansen10":2807.252391342665,"ba_MODIS_2022_Hansen10":7548.386994260583}},{"type":"Feature","geometry":{"type":"MultiPoint","coordinates":[]},"properties":{"fa_agreement_esri_esa_glo_hansen10_gte_1":4478635.585710201,"fa_agreement_esri_esa_glo_hansen10_gte_2":3888266.171317228,"fa_agreement_esri_esa_glo_hansen10_gte_3":3229189.3665662804,"fa_agreement_esri_esa_glo_hansen10_gte_4":2388593.4619708722,"fa_agreement_esri_esa_gte_1":3964015.6220378755,"fa_agreement_esri_esa_gte_2":2905979.5404324634,"fa_agreement_hansen10_gte_1":4804510.861088937,"fa_agreement_hansen10_gte_2":4502981.985073597,"fa_agreement_hansen10_gte_3":4204352.192872533,"fa_agreement_hansen10_gte_4":3889311.466923861,"fa_agreement_hansen10_gte_5":3545729.1687948797,"fa_agreement_hansen10_gte_6":3162038.786341923,"fa_agreement_hansen10_gte_7":2736730.0201084577,"fa_agreement_hansen10_gte_8":2203762.129933905,"fa_agreement_hansen30_gte_9":1272204.6005453907,"fa_agreement_hansen20_gte_1":4801265.668253946,"fa_agreement_hansen20_gte_2":4488663.676438213,"fa_agreement_hansen20_gte_3":4186021.1527735284,"fa_agreement_hansen20_gte_4":3870922.6325596147,"fa_agreement_hansen20_gte_5":3527788.843841701,"fa_agreement_hansen20_gte_6":3149433.919489925,"fa_agreement_hansen20_gte_7":2728409.7773294863,"fa_agreement_hansen20_gte_8":2198781.563560017,"fa_agreement_hansen30_gte_1":4942518.356739196,"fa_agreement_hansen30_gte_2":4478777.208107628,"fa_agreement_hansen30_gte_3":4172672.5957418857,"fa_agreement_hansen30_gte_4":3856853.879659374,"fa_agreement_hansen30_gte_5":3513683.3789679245,"fa_agreement_hansen30_gte_6":3139817.804588747,"fa_agreement_hansen30_gte_7":2722325.7724513644,"fa_agreement_hansen30_gte_8":2195384.1570636574,"fa_copernicus":3069595.8075030986,"fa_esa_2009":2328752.8070102297,"fa_esa_2020":3835332.7164905216,"fa_esri":3034771.037528798,"fa_globeland":3244739.175545271,"fa_hansen10":3869894.315343812,"fa_hansen20":3763667.3208548026,"fa_hansen30":3685140.924324846,"fa_jaxa":4541830.060132644,"fa_tandemx":3521314.316082269,"fa_jrc_2020":3500145.8294804995,"fra_1a_forestArea":3034.8701171875,"fra_1a_landArea":5106.0,"fra_3b_protected":1301.719970703125,"iso3":"CRI","total_area_ha":5137211.176185499,"year":2020,"fa_copernicus_protected":915836.395094478,"fa_esa_2009_protected":784328.6744918089,"fa_esa_2020_protected":979669.7097510889,"fa_esri_protected":903592.1167077599,"fa_globeland_protected":926687.3436001033,"fa_hansen10_protected":994179.5812281719,"fa_hansen20_protected":985906.2805525895,"fa_hansen30_protected":978974.727018417,"fa_jaxa_protected":960808.114332787,"fa_tandemx_protected":915834.654677151,"fa_jrc_2020_protected":999038.4927151238,"ba_MODIS_2001":40915.41877998165,"ba_MODIS_2002":27102.928812978003,"ba_MODIS_2003":38403.39407086411,"ba_MODIS_2004":30775.44028569243,"ba_MODIS_2005":17384.217523008545,"ba_MODIS_2006":16403.796938486492,"ba_MODIS_2007":30005.219246047833,"ba_MODIS_2008":18829.450422567414,"ba_MODIS_2009":26061.573318952254,"ba_MODIS_2010":27190.019480576004,"ba_MODIS_2011":14731.983954687534,"ba_MODIS_2012":32936.93747048418,"ba_MODIS_2013":55607.06127587051,"ba_MODIS_2014":40320.37135069855,"ba_MODIS_2015":46522.761465459575,"ba_MODIS_2016":52779.83548620114,"ba_MODIS_2017":32373.72297981013,"ba_MODIS_2018":39077.81909057005,"ba_MODIS_2019":45187.95853509819,"ba_MODIS_2020":35117.27126113379,"ba_MODIS_2021":20960.031300600556,"ba_MODIS_2022":33779.01713072938,"ba_MODIS_2001_Hansen10":16112.166477404422,"ba_MODIS_2002_Hansen10":8215.607537121088,"ba_MODIS_2003_Hansen10":14901.160938604897,"ba_MODIS_2004_Hansen10":10995.303164510853,"ba_MODIS_2005_Hansen10":5539.78767288123,"ba_MODIS_2006_Hansen10":4327.916424165631,"ba_MODIS_2007_Hansen10":14995.439765560974,"ba_MODIS_2008_Hansen10":4679.7630095123695,"ba_MODIS_2009_Hansen10":7594.598780293334,"ba_MODIS_2010_Hansen10":8362.506577762808,"ba_MODIS_2011_Hansen10":1768.1598530700687,"ba_MODIS_2012_Hansen10":14216.018117785496,"ba_MODIS_2013_Hansen10":22259.388442551906,"ba_MODIS_2014_Hansen10":14301.865288557075,"ba_MODIS_2015_Hansen10":18973.69302713277,"ba_MODIS_2016_Hansen10":28565.71486462133,"ba_MODIS_2017_Hansen10":11851.023365185445,"ba_MODIS_2018_Hansen10":15032.315810227625,"ba_MODIS_2019_Hansen10":19372.423704869136,"ba_MODIS_2020_Hansen10":14712.368305696524,"ba_MODIS_2021_Hansen10":5821.823148164425,"ba_MODIS_2022_Hansen10":19665.557420836638}},{"type":"Feature","geometry":{"type":"MultiPoint","coordinates":[]},"properties":{"fa_agreement_esri_esa_glo_hansen10_gte_1":758487.2445174626,"fa_agreement_esri_esa_glo_hansen10_gte_2":644329.2403036573,"fa_agreement_esri_esa_glo_hansen10_gte_3":532462.1577974082,"fa_agreement_esri_esa_glo_hansen10_gte_4":349594.2265074467,"fa_agreement_esri_esa_gte_1":673671.7012416902,"fa_agreement_esri_esa_gte_2":478412.33787089033,"fa_agreement_hansen10_gte_1":816143.015586707,"fa_agreement_hansen10_gte_2":727845.4306714751,"fa_agreement_hansen10_gte_3":660746.8509864483,"fa_agreement_hansen10_gte_4":606591.4304391663,"fa_agreement_hansen10_gte_5":553736.7902440367,"fa_agreement_hansen10_gte_6":496230.8969981699,"fa_agreement_hansen10_gte_7":427879.2918808059,"fa_agreement_hansen10_gte_8":336200.1599140689,"fa_agreement_hansen30_gte_9":180454.1463193834,"fa_agreement_hansen20_gte_1":815725.3677547077,"fa_agreement_hansen20_gte_2":726243.6475089857,"fa_agreement_hansen20_gte_3":658316.6487455685,"fa_agreement_hansen20_gte_4":603851.3492644661,"fa_agreement_hansen20_gte_5":550666.9224410048,"fa_agreement_hansen20_gte_6":493008.6416979194,"fa_agreement_hansen20_gte_7":424859.6992097561,"fa_agreement_hansen20_gte_8":333743.863877595,"fa_agreement_hansen30_gte_1":847136.1534155989,"fa_agreement_hansen30_gte_2":725214.4655755389,"fa_agreement_hansen30_gte_3":656665.75110975,"fa_agreement_hansen30_gte_4":601941.9324266135,"fa_agreement_hansen30_gte_5":548519.4153697642,"fa_agreement_hansen30_gte_6":490921.5757388253,"fa_agreement_hansen30_gte_7":422945.9599583354,"fa_agreement_hansen30_gte_8":332251.3268135278,"fa_copernicus":412155.7043905419,"fa_esa_2009":434521.48404539423,"fa_esa_2020":659902.3404029313,"fa_esri":492190.0650188605,"fa_globeland":638800.432529654,"fa_hansen10":491537.06217592367,"fa_hansen20":469833.1470492305,"fa_hansen30":455602.40214559395,"fa_jaxa":794854.2144866794,"fa_tandemx":520340.37325144303,"fa_jrc_2020":519735.92132013803,"fra_1a_forestArea":496.3299865722656,"fra_1a_landArea":887.0,"fra_3b_protected":null,"iso3":"PRI","total_area_ha":905839.7129706757,"year":2020,"fa_copernicus_protected":10654.87065655993,"fa_esa_2009_protected":10344.077827252302,"fa_esa_2020_protected":15227.901825541485,"fa_esri_protected":11572.2144172704,"fa_globeland_protected":14375.65545369001,"fa_hansen10_protected":10267.149432366954,"fa_hansen20_protected":10107.47457478589,"fa_hansen30_protected":9927.245835858965,"fa_jaxa_protected":14570.267288668698,"fa_tandemx_protected":7488.660084638823,"fa_jrc_2020_protected":14431.463792251276,"ba_MODIS_2001":0.0,"ba_MODIS_2002":23.6515796875,"ba_MODIS_2003":1631.1438187500012,"ba_MODIS_2004":1064.00254375,"ba_MODIS_2005":1489.3740468750013,"ba_MODIS_2006":1442.2802765625015,"ba_MODIS_2007":2600.9550421874965,"ba_MODIS_2008":2151.6861312499977,"ba_MODIS_2009":449.24369843750014,"ba_MODIS_2010":2080.7566093749992,"ba_MODIS_2011":1536.9866812499984,"ba_MODIS_2012":2718.8535749999983,"ba_MODIS_2013":3238.9982281250013,"ba_MODIS_2014":117.9266609375,"ba_MODIS_2015":757.7832941053922,"ba_MODIS_2016":307.38535312500005,"ba_MODIS_2017":378.321878125,"ba_MODIS_2018":472.88049375,"ba_MODIS_2019":1300.4260859375013,"ba_MODIS_2020":0.0,"ba_MODIS_2021":212.3902796875,"ba_MODIS_2022":0.0,"ba_MODIS_2001_Hansen10":0.0,"ba_MODIS_2002_Hansen10":9.791741088867191,"ba_MODIS_2003_Hansen10":137.84387252197288,"ba_MODIS_2004_Hansen10":105.54700529174794,"ba_MODIS_2005_Hansen10":117.68560097656264,"ba_MODIS_2006_Hansen10":152.27237423095727,"ba_MODIS_2007_Hansen10":246.50047182617274,"ba_MODIS_2008_Hansen10":243.276722814942,"ba_MODIS_2009_Hansen10":24.59937207031249,"ba_MODIS_2010_Hansen10":242.24276078491255,"ba_MODIS_2011_Hansen10":272.0577919250487,"ba_MODIS_2012_Hansen10":372.8756485046398,"ba_MODIS_2013_Hansen10":385.14329320678894,"ba_MODIS_2014_Hansen10":13.245349261474583,"ba_MODIS_2015_Hansen10":111.36656813964852,"ba_MODIS_2016_Hansen10":4.851878045654297,"ba_MODIS_2017_Hansen10":26.133624755859415,"ba_MODIS_2018_Hansen10":44.00017102050786,"ba_MODIS_2019_Hansen10":277.9070936889648,"ba_MODIS_2020_Hansen10":0.0,"ba_MODIS_2021_Hansen10":63.95254839477527,"ba_MODIS_2022_Hansen10":0.0}},{"type":"Feature","geometry":{"type":"MultiPoint","coordinates":[]},"properties":{"fa_agreement_esri_esa_glo_hansen10_gte_1":8223953.240081083,"fa_agreement_esri_esa_glo_hansen10_gte_2":8170474.9791697385,"fa_agreement_esri_esa_glo_hansen10_gte_3":8064260.17751409,"fa_agreement_esri_esa_glo_hansen10_gte_4":7872582.778410487,"fa_agreement_esri_esa_gte_1":8185127.184931744,"fa_agreement_esri_esa_gte_2":8067516.408391549,"fa_agreement_hansen10_gte_1":8264405.324477416,"fa_agreement_hansen10_gte_2":8217880.67931366,"fa_agreement_hansen10_gte_3":8185761.880316131,"fa_agreement_hansen10_gte_4":8152051.692375261,"fa_agreement_hansen10_gte_5":8108526.9448476415,"fa_agreement_hansen10_gte_6":8053511.729536849,"fa_agreement_hansen10_gte_7":7983385.051653194,"fa_agreement_hansen10_gte_8":7888538.042604704,"fa_agreement_hansen30_gte_9":7366608.775087046,"fa_agreement_hansen20_gte_1":8264227.883847236,"fa_agreement_hansen20_gte_2":8217319.999107615,"fa_agreement_hansen20_gte_3":8185112.438341126,"fa_agreement_hansen20_gte_4":8151515.600367079,"fa_agreement_hansen20_gte_5":8108069.5867816415,"fa_agreement_hansen20_gte_6":8053159.836362421,"fa_agreement_hansen20_gte_7":7983059.848307566,"fa_agreement_hansen20_gte_8":7888309.749049386,"fa_agreement_hansen30_gte_1":8282537.272610509,"fa_agreement_hansen30_gte_2":8216753.749574675,"fa_agreement_hansen30_gte_3":8184462.2569047315,"fa_agreement_hansen30_gte_4":8150958.92135397,"fa_agreement_hansen30_gte_5":8107615.005872634,"fa_agreement_hansen30_gte_6":8052826.7893491415,"fa_agreement_hansen30_gte_7":7982774.894286738,"fa_agreement_hansen30_gte_8":7888104.7106899,"fa_copernicus":8034296.1406862885,"fa_esa_2009":7836807.732368658,"fa_esa_2020":8122347.012822586,"fa_esri":8130361.820352792,"fa_globeland":7959469.962206159,"fa_hansen10":8118507.02599691,"fa_hansen20":8114903.84487331,"fa_hansen30":8111340.277996972,"fa_jaxa":8071890.560413676,"fa_tandemx":7958678.7392411,"fa_jrc_2020":8078102.131241768,"fra_1a_forestArea":8002.85009765625,"fra_1a_landArea":8220.0,"fra_3b_protected":2464.89990234375,"iso3":"GUF","total_area_ha":8398994.600524174,"year":2020,"fa_copernicus_protected":2407827.316741322,"fa_esa_2009_protected":2344240.2866882947,"fa_esa_2020_protected":2441706.5050423103,"fa_esri_protected":2454002.99417485,"fa_globeland_protected":2395146.8967077965,"fa_hansen10_protected":2454102.0288705793,"fa_hansen20_protected":2453239.052121965,"fa_hansen30_protected":2452556.487791675,"fa_jaxa_protected":2443055.776692144,"fa_tandemx_protected":2395765.6369160027,"fa_jrc_2020_protected":2440048.4062838876,"ba_MODIS_2001":1399.0807995955875,"ba_MODIS_2002":2397.785429687501,"ba_MODIS_2003":3262.927421875003,"ba_MODIS_2004":4399.637493750001,"ba_MODIS_2005":5165.359959515935,"ba_MODIS_2006":1279.2689032720587,"ba_MODIS_2007":1038.390015625,"ba_MODIS_2008":5758.13702379289,"ba_MODIS_2009":3395.6644819301523,"ba_MODIS_2010":2896.889845606621,"ba_MODIS_2011":24.7420921875,"ba_MODIS_2012":2275.1264703124984,"ba_MODIS_2013":123.78283281249999,"ba_MODIS_2014":1458.9002234375007,"ba_MODIS_2015":1211.7855312500003,"ba_MODIS_2016":3263.0040528492664,"ba_MODIS_2017":74.21172031249999,"ba_MODIS_2018":1681.5593093749987,"ba_MODIS_2019":445.16208124999997,"ba_MODIS_2020":123.66444374999999,"ba_MODIS_2021":222.54015781250004,"ba_MODIS_2022":0.0,"ba_MODIS_2001_Hansen10":144.0142429260254,"ba_MODIS_2002_Hansen10":165.18641210937483,"ba_MODIS_2003_Hansen10":465.1954386291509,"ba_MODIS_2004_Hansen10":770.8132377197345,"ba_MODIS_2005_Hansen10":1291.8489015826065,"ba_MODIS_2006_Hansen10":368.2739134338371,"ba_MODIS_2007_Hansen10":147.56297380981468,"ba_MODIS_2008_Hansen10":1193.4938525756827,"ba_MODIS_2009_Hansen10":384.6932128356944,"ba_MODIS_2010_Hansen10":434.84067276611296,"ba_MODIS_2011_Hansen10":8.10551960449218,"ba_MODIS_2012_Hansen10":491.74987701416114,"ba_MODIS_2013_Hansen10":89.94297720947279,"ba_MODIS_2014_Hansen10":355.8085132751456,"ba_MODIS_2015_Hansen10":282.9566802734373,"ba_MODIS_2016_Hansen10":976.3424636047348,"ba_MODIS_2017_Hansen10":54.8553064331055,"ba_MODIS_2018_Hansen10":386.79891700439794,"ba_MODIS_2019_Hansen10":76.247880987549,"ba_MODIS_2020_Hansen10":21.9361575134277,"ba_MODIS_2021_Hansen10":137.9370669860835,"ba_MODIS_2022_Hansen10":0.0}},{"type":"Feature","geometry":{"type":"MultiPoint","coordinates":[]},"properties":{"fa_agreement_esri_esa_glo_hansen10_gte_1":6.841153755183859E7,"fa_agreement_esri_esa_glo_hansen10_gte_2":6.130063186030072E7,"fa_agreement_esri_esa_glo_hansen10_gte_3":5.574825712690053E7,"fa_agreement_esri_esa_glo_hansen10_gte_4":4.404913388442817E7,"fa_agreement_esri_esa_gte_1":6.241248441791555E7,"fa_agreement_esri_esa_gte_2":5.027825926721795E7,"fa_agreement_hansen10_gte_1":7.544040171551636E7,"fa_agreement_hansen10_gte_2":6.721738185237862E7,"fa_agreement_hansen10_gte_3":6.3445415988334075E7,"fa_agreement_hansen10_gte_4":6.071872811697246E7,"fa_agreement_hansen10_gte_5":5.80173349314521E7,"fa_agreement_hansen10_gte_6":5.47732606904071E7,"fa_agreement_hansen10_gte_7":5.002156911251162E7,"fa_agreement_hansen10_gte_8":4.4046152902680345E7,"fa_agreement_hansen30_gte_9":3.435351366215561E7,"fa_agreement_hansen20_gte_1":7.53099076931852E7,"fa_agreement_hansen20_gte_2":6.700115075873285E7,"fa_agreement_hansen20_gte_3":6.329829685176259E7,"fa_agreement_hansen20_gte_4":6.059527254059452E7,"fa_agreement_hansen20_gte_5":5.791240387876116E7,"fa_agreement_hansen20_gte_6":5.470091940456712E7,"fa_agreement_hansen20_gte_7":4.997888301859122E7,"fa_agreement_hansen20_gte_8":4.402612911915289E7,"fa_agreement_hansen30_gte_1":7.59472490104515E7,"fa_agreement_hansen30_gte_2":6.68016406497967E7,"fa_agreement_hansen30_gte_3":6.314149291987032E7,"fa_agreement_hansen30_gte_4":6.044079776864816E7,"fa_agreement_hansen30_gte_5":5.77661772906696E7,"fa_agreement_hansen30_gte_6":5.459097248643757E7,"fa_agreement_hansen30_gte_7":4.9919852862207934E7,"fa_agreement_hansen30_gte_8":4.400325530726481E7,"fa_copernicus":5.08302253173422E7,"fa_esa_2009":6.073173564887265E7,"fa_esa_2020":5.5373676172429144E7,"fa_esri":5.731722620168781E7,"fa_globeland":5.634579265836576E7,"fa_hansen10":6.045393805906577E7,"fa_hansen20":5.955430997030332E7,"fa_hansen30":5.8550421852828495E7,"fa_jaxa":5.630353139998083E7,"fa_tandemx":5.529184855214398E7,"fa_jrc_2020":5.969096791855878E7,"fra_1a_forestArea":50833.76171875,"fra_1a_landArea":108330.0,"fra_3b_protected":12431.6904296875,"iso3":"BOL","total_area_ha":1.0875774524933547E8,"year":2020,"fa_copernicus_protected":1.6402572476907283E7,"fa_esa_2009_protected":1.9444964414143752E7,"fa_esa_2020_protected":1.734455396946677E7,"fa_esri_protected":1.9081936442524854E7,"fa_globeland_protected":1.832002675196616E7,"fa_hansen10_protected":1.9927937125656158E7,"fa_hansen20_protected":1.9742030915634885E7,"fa_hansen30_protected":1.9532989409547523E7,"fa_jaxa_protected":1.9182708690469343E7,"fa_tandemx_protected":1.7111772117822576E7,"fa_jrc_2020_protected":1.9699042701614447E7,"ba_MODIS_2001":2155174.6559728435,"ba_MODIS_2002":4575457.005546388,"ba_MODIS_2003":2815478.8657828453,"ba_MODIS_2004":6412922.522307166,"ba_MODIS_2005":5711014.852584555,"ba_MODIS_2006":4654547.617916884,"ba_MODIS_2007":4826126.097548949,"ba_MODIS_2008":3166074.404384409,"ba_MODIS_2009":2088140.881637784,"ba_MODIS_2010":9234504.23479906,"ba_MODIS_2011":3261281.063366821,"ba_MODIS_2012":2682867.688136559,"ba_MODIS_2013":1734829.4269953491,"ba_MODIS_2014":1086298.774322144,"ba_MODIS_2015":2310555.738219659,"ba_MODIS_2016":3472940.4475135454,"ba_MODIS_2017":2516732.3396750777,"ba_MODIS_2018":1835550.7854253873,"ba_MODIS_2019":5386225.908757026,"ba_MODIS_2020":4488697.711027765,"ba_MODIS_2021":4547436.612479869,"ba_MODIS_2022":66139.68334950988,"ba_MODIS_2001_Hansen10":913224.6092523802,"ba_MODIS_2002_Hansen10":2080352.3118867255,"ba_MODIS_2003_Hansen10":916494.7845280325,"ba_MODIS_2004_Hansen10":3479955.2985103973,"ba_MODIS_2005_Hansen10":2123956.699210274,"ba_MODIS_2006_Hansen10":2088925.8152645498,"ba_MODIS_2007_Hansen10":2755388.1981472913,"ba_MODIS_2008_Hansen10":1370958.836435016,"ba_MODIS_2009_Hansen10":637487.3423799672,"ba_MODIS_2010_Hansen10":4944638.388615991,"ba_MODIS_2011_Hansen10":1300192.7351497978,"ba_MODIS_2012_Hansen10":912492.1490895684,"ba_MODIS_2013_Hansen10":468348.27479955816,"ba_MODIS_2014_Hansen10":261470.0877733045,"ba_MODIS_2015_Hansen10":759584.3279752046,"ba_MODIS_2016_Hansen10":1142012.859536303,"ba_MODIS_2017_Hansen10":648107.3373338077,"ba_MODIS_2018_Hansen10":673816.7681609238,"ba_MODIS_2019_Hansen10":2776351.4075876796,"ba_MODIS_2020_Hansen10":1727072.902254726,"ba_MODIS_2021_Hansen10":1960664.3887870216,"ba_MODIS_2022_Hansen10":26247.444003036086}},{"type":"Feature","geometry":{"type":"MultiPoint","coordinates":[]},"properties":{"fa_agreement_esri_esa_glo_hansen10_gte_1":3161759.107395158,"fa_agreement_esri_esa_glo_hansen10_gte_2":2149958.3473073035,"fa_agreement_esri_esa_glo_hansen10_gte_3":1407635.1294488816,"fa_agreement_esri_esa_glo_hansen10_gte_4":440429.97632873914,"fa_agreement_esri_esa_gte_1":2494703.0754809245,"fa_agreement_esri_esa_gte_2":1742276.0787515575,"fa_agreement_hansen10_gte_1":3590091.9996817084,"fa_agreement_hansen10_gte_2":2643788.4189014887,"fa_agreement_hansen10_gte_3":2233237.115329532,"fa_agreement_hansen10_gte_4":1811626.5858771992,"fa_agreement_hansen10_gte_5":1345264.2493892624,"fa_agreement_hansen10_gte_6":866880.2981021906,"fa_agreement_hansen10_gte_7":466798.94189200975,"fa_agreement_hansen10_gte_8":197459.7751388149,"fa_agreement_hansen30_gte_9":56438.854910168266,"fa_agreement_hansen20_gte_1":3546581.39911497,"fa_agreement_hansen20_gte_2":2630926.6782205272,"fa_agreement_hansen20_gte_3":2225208.940639293,"fa_agreement_hansen20_gte_4":1805392.7939282686,"fa_agreement_hansen20_gte_5":1340754.76214183,"fa_agreement_hansen20_gte_6":864017.1481902667,"fa_agreement_hansen20_gte_7":465173.26799359696,"fa_agreement_hansen20_gte_8":196857.18717040127,"fa_agreement_hansen30_gte_1":3559830.067916076,"fa_agreement_hansen30_gte_2":2618678.58137703,"fa_agreement_hansen30_gte_3":2217278.1859792834,"fa_agreement_hansen30_gte_4":1799353.449496818,"fa_agreement_hansen30_gte_5":1336334.4890008864,"fa_agreement_hansen30_gte_6":861087.3855541452,"fa_agreement_hansen30_gte_7":463498.75644020375,"fa_agreement_hansen30_gte_8":196240.90968554205,"fa_copernicus":980048.6598829738,"fa_esa_2009":1058166.513641419,"fa_esa_2020":2288991.1666352334,"fa_esri":1947979.999610573,"fa_globeland":1242592.405701955,"fa_hansen10":1682982.895515458,"fa_hansen20":1599270.996060942,"fa_hansen30":1522608.7782493676,"fa_jaxa":1046189.9252249906,"fa_tandemx":903790.561107679,"fa_jrc_2020":2350534.1433052775,"fra_1a_forestArea":2031.0,"fra_1a_landArea":17502.0,"fra_3b_protected":38.88999938964844,"iso3":"URY","total_area_ha":1.7824160458680965E7,"year":2020,"fa_copernicus_protected":19006.660894548244,"fa_esa_2009_protected":47535.831083139674,"fa_esa_2020_protected":57991.49651823547,"fa_esri_protected":50015.29510712058,"fa_globeland_protected":13966.066053740225,"fa_hansen10_protected":58987.854758929374,"fa_hansen20_protected":55020.29541161223,"fa_hansen30_protected":51630.319898571404,"fa_jaxa_protected":49986.25530080568,"fa_tandemx_protected":13334.938443253808,"fa_jrc_2020_protected":50979.32616827302,"ba_MODIS_2001":6722.580286666664,"ba_MODIS_2002":29544.014871685005,"ba_MODIS_2003":37254.30820151353,"ba_MODIS_2004":49522.135816488946,"ba_MODIS_2005":34676.69522351098,"ba_MODIS_2006":24854.87860612749,"ba_MODIS_2007":23355.905347273292,"ba_MODIS_2008":46137.729247162984,"ba_MODIS_2009":29578.356471874984,"ba_MODIS_2010":35813.18712204663,"ba_MODIS_2011":22191.20034642158,"ba_MODIS_2012":35002.969956470566,"ba_MODIS_2013":15508.957727089482,"ba_MODIS_2014":7816.903363590685,"ba_MODIS_2015":32926.0860523407,"ba_MODIS_2016":16803.885988523278,"ba_MODIS_2017":15584.070788970595,"ba_MODIS_2018":16139.07566050247,"ba_MODIS_2019":24004.069879877497,"ba_MODIS_2020":32481.158745723093,"ba_MODIS_2021":25869.560647500035,"ba_MODIS_2022":23845.289943615204,"ba_MODIS_2001_Hansen10":614.438070581055,"ba_MODIS_2002_Hansen10":4299.392168572991,"ba_MODIS_2003_Hansen10":4234.212853675655,"ba_MODIS_2004_Hansen10":10745.465263554013,"ba_MODIS_2005_Hansen10":7597.9172921570735,"ba_MODIS_2006_Hansen10":3691.2572674976027,"ba_MODIS_2007_Hansen10":2730.448592431638,"ba_MODIS_2008_Hansen10":5257.827763843242,"ba_MODIS_2009_Hansen10":3706.661667065436,"ba_MODIS_2010_Hansen10":3906.787443135565,"ba_MODIS_2011_Hansen10":2960.7504353477652,"ba_MODIS_2012_Hansen10":2887.074088873285,"ba_MODIS_2013_Hansen10":1218.068432476803,"ba_MODIS_2014_Hansen10":539.0495731116436,"ba_MODIS_2015_Hansen10":2052.1037573730478,"ba_MODIS_2016_Hansen10":971.073308917237,"ba_MODIS_2017_Hansen10":832.3061784790036,"ba_MODIS_2018_Hansen10":1785.9563145690915,"ba_MODIS_2019_Hansen10":1916.9453817138767,"ba_MODIS_2020_Hansen10":2567.1359253302585,"ba_MODIS_2021_Hansen10":1964.5192573547388,"ba_MODIS_2022_Hansen10":4504.154765359824}},{"type":"Feature","geometry":{"type":"MultiPoint","coordinates":[]},"properties":{"fa_agreement_esri_esa_glo_hansen10_gte_1":8569432.993345218,"fa_agreement_esri_esa_glo_hansen10_gte_2":6836496.215062699,"fa_agreement_esri_esa_glo_hansen10_gte_3":5466895.579777105,"fa_agreement_esri_esa_glo_hansen10_gte_4":3635466.9680218133,"fa_agreement_esri_esa_gte_1":7125115.271990908,"fa_agreement_esri_esa_gte_2":5249182.213859513,"fa_agreement_hansen10_gte_1":9818056.716101274,"fa_agreement_hansen10_gte_2":8718517.051666303,"fa_agreement_hansen10_gte_3":7752279.405696328,"fa_agreement_hansen10_gte_4":6952832.375504626,"fa_agreement_hansen10_gte_5":6226140.2027450865,"fa_agreement_hansen10_gte_6":5469954.575645521,"fa_agreement_hansen10_gte_7":4646797.366423546,"fa_agreement_hansen10_gte_8":3662234.479664955,"fa_agreement_hansen30_gte_9":2241497.232597521,"fa_agreement_hansen20_gte_1":9794762.651208613,"fa_agreement_hansen20_gte_2":8663030.699327828,"fa_agreement_hansen20_gte_3":7697699.515346033,"fa_agreement_hansen20_gte_4":6906081.429141171,"fa_agreement_hansen20_gte_5":6185988.937077938,"fa_agreement_hansen20_gte_6":5440343.827542779,"fa_agreement_hansen20_gte_7":4627881.55322291,"fa_agreement_hansen20_gte_8":3652278.5674340543,"fa_agreement_hansen30_gte_1":1.0097885338615328E7,"fa_agreement_hansen30_gte_2":8617613.604785565,"fa_agreement_hansen30_gte_3":7649708.273093935,"fa_agreement_hansen30_gte_4":6862479.7653105315,"fa_agreement_hansen30_gte_5":6147188.607072231,"fa_agreement_hansen30_gte_6":5411847.985415137,"fa_agreement_hansen30_gte_7":4610692.091421571,"fa_agreement_hansen30_gte_8":3643771.850720508,"fa_copernicus":5469930.289140139,"fa_esa_2009":6862380.626664211,"fa_esa_2020":6784274.768310953,"fa_esri":5590147.48348104,"fa_globeland":5404644.598263852,"fa_hansen10":6717782.839423397,"fa_hansen20":6421533.218896869,"fa_hansen30":6156451.235730688,"fa_jaxa":8616235.742833804,"fa_tandemx":5922140.22234315,"fa_jrc_2020":5707328.937885964,"fra_1a_forestArea":3527.800048828125,"fra_1a_landArea":10716.0,"fra_3b_protected":1846.1500244140625,"iso3":"GTM","total_area_ha":1.093047433699356E7,"year":2020,"fa_copernicus_protected":1195997.9175336768,"fa_esa_2009_protected":1543423.8684767832,"fa_esa_2020_protected":1321614.3872340152,"fa_esri_protected":1237394.445357417,"fa_globeland_protected":1185360.1979806232,"fa_hansen10_protected":1356306.3941333808,"fa_hansen20_protected":1331288.7818321856,"fa_hansen30_protected":1307906.7566798008,"fa_jaxa_protected":1468628.1594077358,"fa_tandemx_protected":1093703.1633647098,"fa_jrc_2020_protected":1206114.1216211435,"ba_MODIS_2001":140377.57298945007,"ba_MODIS_2002":317359.6263403999,"ba_MODIS_2003":840456.0308237073,"ba_MODIS_2004":144383.45306049802,"ba_MODIS_2005":639931.971141932,"ba_MODIS_2006":219929.2350889349,"ba_MODIS_2007":533641.5872428202,"ba_MODIS_2008":234539.68633682813,"ba_MODIS_2009":407140.2934882929,"ba_MODIS_2010":279932.4663799445,"ba_MODIS_2011":259254.80870008553,"ba_MODIS_2012":233022.40597024545,"ba_MODIS_2013":336621.6064446129,"ba_MODIS_2014":184057.16686368585,"ba_MODIS_2015":267698.6660445765,"ba_MODIS_2016":354589.2049767343,"ba_MODIS_2017":296360.94227807614,"ba_MODIS_2018":173331.2258423658,"ba_MODIS_2019":258291.27153477338,"ba_MODIS_2020":308876.731764401,"ba_MODIS_2021":177681.97299117234,"ba_MODIS_2022":87582.86545000058,"ba_MODIS_2001_Hansen10":61980.153805533104,"ba_MODIS_2002_Hansen10":189607.54525248212,"ba_MODIS_2003_Hansen10":623571.0490715284,"ba_MODIS_2004_Hansen10":61926.96611741001,"ba_MODIS_2005_Hansen10":431226.9099313123,"ba_MODIS_2006_Hansen10":109739.24364307082,"ba_MODIS_2007_Hansen10":296409.7629036855,"ba_MODIS_2008_Hansen10":116654.05076367914,"ba_MODIS_2009_Hansen10":235752.67949308403,"ba_MODIS_2010_Hansen10":147567.35318192112,"ba_MODIS_2011_Hansen10":126042.2722067589,"ba_MODIS_2012_Hansen10":100403.63244201623,"ba_MODIS_2013_Hansen10":172169.13484553984,"ba_MODIS_2014_Hansen10":65746.53783038472,"ba_MODIS_2015_Hansen10":121794.64631371677,"ba_MODIS_2016_Hansen10":165067.77812583637,"ba_MODIS_2017_Hansen10":132465.94111021288,"ba_MODIS_2018_Hansen10":60821.1703831899,"ba_MODIS_2019_Hansen10":105098.93720286396,"ba_MODIS_2020_Hansen10":129925.92166874076,"ba_MODIS_2021_Hansen10":63081.556804802196,"ba_MODIS_2022_Hansen10":25378.873704224243}},{"type":"Feature","geometry":{"type":"MultiPoint","coordinates":[]},"properties":{"fa_agreement_esri_esa_glo_hansen10_gte_1":6.60134564689086E7,"fa_agreement_esri_esa_glo_hansen10_gte_2":5.713109947374904E7,"fa_agreement_esri_esa_glo_hansen10_gte_3":5.105051559849847E7,"fa_agreement_esri_esa_glo_hansen10_gte_4":4.264301142089322E7,"fa_agreement_esri_esa_gte_1":5.672492591402087E7,"fa_agreement_esri_esa_gte_2":4.805054818840341E7,"fa_agreement_hansen10_gte_1":7.010190767415175E7,"fa_agreement_hansen10_gte_2":6.313773419565443E7,"fa_agreement_hansen10_gte_3":5.901175445913091E7,"fa_agreement_hansen10_gte_4":5.5761184864846595E7,"fa_agreement_hansen10_gte_5":5.2756292040729485E7,"fa_agreement_hansen10_gte_6":4.969571290386499E7,"fa_agreement_hansen10_gte_7":4.621497172767706E7,"fa_agreement_hansen10_gte_8":4.148433262060672E7,"fa_agreement_hansen30_gte_9":3.2078947514216978E7,"fa_agreement_hansen20_gte_1":6.99144652987814E7,"fa_agreement_hansen20_gte_2":6.2940460702482864E7,"fa_agreement_hansen20_gte_3":5.8829886316194445E7,"fa_agreement_hansen20_gte_4":5.5588894067593366E7,"fa_agreement_hansen20_gte_5":5.260146358902416E7,"fa_agreement_hansen20_gte_6":4.9577937671779886E7,"fa_agreement_hansen20_gte_7":4.613778097265266E7,"fa_agreement_hansen20_gte_8":4.1444306531730264E7,"fa_agreement_hansen30_gte_1":7.000455299440388E7,"fa_agreement_hansen30_gte_2":6.278082925860401E7,"fa_agreement_hansen30_gte_3":5.8683574692358114E7,"fa_agreement_hansen30_gte_4":5.544797861479529E7,"fa_agreement_hansen30_gte_5":5.247183591335818E7,"fa_agreement_hansen30_gte_6":4.947761555946531E7,"fa_agreement_hansen30_gte_7":4.607219256722505E7,"fa_agreement_hansen30_gte_8":4.1412189190846786E7,"fa_copernicus":5.196984019938238E7,"fa_esa_2009":4.960860074808997E7,"fa_esa_2020":5.4145882874304645E7,"fa_esri":5.0629655582161166E7,"fa_globeland":5.536782081853785E7,"fa_hansen10":5.670769594512001E7,"fa_hansen20":5.5504548539432146E7,"fa_hansen30":5.4507667467102304E7,"fa_jaxa":5.132017355954158E7,"fa_tandemx":4.626849129399989E7,"fa_jrc_2020":5.8175428025880836E7,"fra_1a_forestArea":46230.8984375,"fra_1a_landArea":88205.0,"fra_3b_protected":45605.21875,"iso3":"VEN","total_area_ha":9.160690161034304E7,"year":2020,"fa_copernicus_protected":1.892797370339319E7,"fa_esa_2009_protected":1.932848091023688E7,"fa_esa_2020_protected":1.9490866466653407E7,"fa_esri_protected":1.9592662644119862E7,"fa_globeland_protected":1.925235643673312E7,"fa_hansen10_protected":2.0081564982306592E7,"fa_hansen20_protected":1.9957973603107356E7,"fa_hansen30_protected":1.9827500331523586E7,"fa_jaxa_protected":1.8914034744908072E7,"fa_tandemx_protected":1.7180778718656566E7,"fa_jrc_2020_protected":1.9884193184612606E7,"ba_MODIS_2001":2279504.382499001,"ba_MODIS_2002":1715350.5855498405,"ba_MODIS_2003":3417281.4944592123,"ba_MODIS_2004":2425315.5495342426,"ba_MODIS_2005":2905630.889447294,"ba_MODIS_2006":2553397.19290331,"ba_MODIS_2007":2917661.7989554233,"ba_MODIS_2008":2526597.759546361,"ba_MODIS_2009":2569521.197276897,"ba_MODIS_2010":2582172.2741401824,"ba_MODIS_2011":1539478.5263976695,"ba_MODIS_2012":1698864.5355192125,"ba_MODIS_2013":2562440.501105432,"ba_MODIS_2014":2787877.0494299834,"ba_MODIS_2015":2324389.941327887,"ba_MODIS_2016":2569711.658000943,"ba_MODIS_2017":2136260.2462537773,"ba_MODIS_2018":3096399.1278733537,"ba_MODIS_2019":3466092.2633089125,"ba_MODIS_2020":4515965.823879506,"ba_MODIS_2021":2205985.6780810026,"ba_MODIS_2022":1904213.6805109119,"ba_MODIS_2001_Hansen10":478724.7489330386,"ba_MODIS_2002_Hansen10":192069.65532818035,"ba_MODIS_2003_Hansen10":1038837.7812977764,"ba_MODIS_2004_Hansen10":274980.49671041453,"ba_MODIS_2005_Hansen10":471093.58784041984,"ba_MODIS_2006_Hansen10":352527.4201638836,"ba_MODIS_2007_Hansen10":497526.27117235836,"ba_MODIS_2008_Hansen10":370532.2813297641,"ba_MODIS_2009_Hansen10":286096.6938943895,"ba_MODIS_2010_Hansen10":671572.3266778552,"ba_MODIS_2011_Hansen10":125647.7741130183,"ba_MODIS_2012_Hansen10":159000.32836813183,"ba_MODIS_2013_Hansen10":408017.0644471178,"ba_MODIS_2014_Hansen10":468565.8065667651,"ba_MODIS_2015_Hansen10":348357.5605401059,"ba_MODIS_2016_Hansen10":505330.1858762073,"ba_MODIS_2017_Hansen10":220370.33542018084,"ba_MODIS_2018_Hansen10":466229.58782894263,"ba_MODIS_2019_Hansen10":691666.5622578922,"ba_MODIS_2020_Hansen10":969782.816082427,"ba_MODIS_2021_Hansen10":210881.29898209393,"ba_MODIS_2022_Hansen10":194143.81337168842}},{"type":"Feature","geometry":{"type":"MultiPoint","coordinates":[]},"properties":{"fa_agreement_esri_esa_glo_hansen10_gte_1":8.574386423651733E7,"fa_agreement_esri_esa_glo_hansen10_gte_2":6.300709999315864E7,"fa_agreement_esri_esa_glo_hansen10_gte_3":4.593872435135942E7,"fa_agreement_esri_esa_glo_hansen10_gte_4":2.6797562091055304E7,"fa_agreement_esri_esa_gte_1":6.2459545988005675E7,"fa_agreement_esri_esa_gte_2":3.314196533219027E7,"fa_agreement_hansen10_gte_1":1.1069467489872819E8,"fa_agreement_hansen10_gte_2":8.686214247806807E7,"fa_agreement_hansen10_gte_3":7.49665924852171E7,"fa_agreement_hansen10_gte_4":6.609393860970009E7,"fa_agreement_hansen10_gte_5":5.774110291921278E7,"fa_agreement_hansen10_gte_6":4.872458784970711E7,"fa_agreement_hansen10_gte_7":3.898177344726643E7,"fa_agreement_hansen10_gte_8":2.819460211359927E7,"fa_agreement_hansen30_gte_9":1.3616665237923818E7,"fa_agreement_hansen20_gte_1":1.1043548376398377E8,"fa_agreement_hansen20_gte_2":8.636098456590518E7,"fa_agreement_hansen20_gte_3":7.42626207682314E7,"fa_agreement_hansen20_gte_4":6.5190367601382464E7,"fa_agreement_hansen20_gte_5":5.674159631410096E7,"fa_agreement_hansen20_gte_6":4.7842563652097814E7,"fa_agreement_hansen20_gte_7":3.8336191883799836E7,"fa_agreement_hansen20_gte_8":2.7829745749553666E7,"fa_agreement_hansen30_gte_1":1.1259773341094784E8,"fa_agreement_hansen30_gte_2":8.606849794591276E7,"fa_agreement_hansen30_gte_3":7.377747716400975E7,"fa_agreement_hansen30_gte_4":6.448559824261367E7,"fa_agreement_hansen30_gte_5":5.58623161951819E7,"fa_agreement_hansen30_gte_6":4.7000001084770024E7,"fa_agreement_hansen30_gte_7":3.767539145072852E7,"fa_agreement_hansen30_gte_8":2.7464153067532457E7,"fa_copernicus":4.279964972848351E7,"fa_esa_2009":6.551198329051898E7,"fa_esa_2020":5.673929157054225E7,"fa_esri":3.8862624052945666E7,"fa_globeland":6.5958739216541015E7,"fa_hansen10":5.9879764874765985E7,"fa_hansen20":5.425813301909365E7,"fa_hansen30":4.962195468911717E7,"fa_jaxa":8.903901225955386E7,"fa_tandemx":4.78026566091031E7,"fa_jrc_2020":6.96493108008535E7,"fra_1a_forestArea":65692.078125,"fra_1a_landArea":194395.0,"fra_3b_protected":null,"iso3":"MEX","total_area_ha":1.9681767240258577E8,"year":2020,"fa_copernicus_protected":4097714.9672003374,"fa_esa_2009_protected":6354674.7320008,"fa_esa_2020_protected":5239577.57791126,"fa_esri_protected":4284737.463883384,"fa_globeland_protected":5611353.408513182,"fa_hansen10_protected":5389151.930616457,"fa_hansen20_protected":5080990.315696703,"fa_hansen30_protected":4847656.860954849,"fa_jaxa_protected":7992742.6052244445,"fa_tandemx_protected":3913214.6880907593,"fa_jrc_2020_protected":6313067.590104718,"ba_MODIS_2001":1067859.2876458634,"ba_MODIS_2002":1537766.0350906462,"ba_MODIS_2003":2440215.3448966127,"ba_MODIS_2004":941979.0943409393,"ba_MODIS_2005":2470776.477500034,"ba_MODIS_2006":1460175.317487475,"ba_MODIS_2007":1561542.7000128396,"ba_MODIS_2008":1754174.8286450217,"ba_MODIS_2009":1594865.3920180409,"ba_MODIS_2010":982172.0171391884,"ba_MODIS_2011":3086672.1910520275,"ba_MODIS_2012":1382370.3451634762,"ba_MODIS_2013":1724030.140247444,"ba_MODIS_2014":517067.6032174122,"ba_MODIS_2015":868353.30920865,"ba_MODIS_2016":1357501.250293353,"ba_MODIS_2017":1883259.469414309,"ba_MODIS_2018":1287462.8468730822,"ba_MODIS_2019":1933306.3508920297,"ba_MODIS_2020":1407507.110421556,"ba_MODIS_2021":1365707.362049907,"ba_MODIS_2022":149009.85648337626,"ba_MODIS_2001_Hansen10":516958.0424313718,"ba_MODIS_2002_Hansen10":821383.5792754347,"ba_MODIS_2003_Hansen10":1411523.0534509954,"ba_MODIS_2004_Hansen10":300492.2642000501,"ba_MODIS_2005_Hansen10":1213372.5865206623,"ba_MODIS_2006_Hansen10":696157.2445859696,"ba_MODIS_2007_Hansen10":694468.4527649556,"ba_MODIS_2008_Hansen10":771158.2748716425,"ba_MODIS_2009_Hansen10":623121.9911636149,"ba_MODIS_2010_Hansen10":386379.8998523542,"ba_MODIS_2011_Hansen10":1375237.7495820313,"ba_MODIS_2012_Hansen10":691051.8482085748,"ba_MODIS_2013_Hansen10":870391.8158926714,"ba_MODIS_2014_Hansen10":140770.29292620713,"ba_MODIS_2015_Hansen10":348095.6841443169,"ba_MODIS_2016_Hansen10":553422.170061913,"ba_MODIS_2017_Hansen10":861836.6947636376,"ba_MODIS_2018_Hansen10":514742.20335632865,"ba_MODIS_2019_Hansen10":899071.344892529,"ba_MODIS_2020_Hansen10":611071.8840053225,"ba_MODIS_2021_Hansen10":644149.5281998585,"ba_MODIS_2022_Hansen10":25829.24682427955}},{"type":"Feature","geometry":{"type":"MultiPoint","coordinates":[]},"properties":{"fa_agreement_esri_esa_glo_hansen10_gte_1":8.153698489289428E7,"fa_agreement_esri_esa_glo_hansen10_gte_2":7.73260107195087E7,"fa_agreement_esri_esa_glo_hansen10_gte_3":7.43954763802681E7,"fa_agreement_esri_esa_glo_hansen10_gte_4":6.254268860715972E7,"fa_agreement_esri_esa_gte_1":7.780913595146269E7,"fa_agreement_esri_esa_gte_2":7.38093391143848E7,"fa_agreement_hansen10_gte_1":9.182533674089107E7,"fa_agreement_hansen10_gte_2":8.144052760907914E7,"fa_agreement_hansen10_gte_3":7.886880324796027E7,"fa_agreement_hansen10_gte_4":7.720409677599162E7,"fa_agreement_hansen10_gte_5":7.574512300032562E7,"fa_agreement_hansen10_gte_6":7.424613832816157E7,"fa_agreement_hansen10_gte_7":7.232910440753596E7,"fa_agreement_hansen10_gte_8":6.824906937554072E7,"fa_agreement_hansen30_gte_9":5.572240573152382E7,"fa_agreement_hansen20_gte_1":9.176814679185948E7,"fa_agreement_hansen20_gte_2":8.133277584556554E7,"fa_agreement_hansen20_gte_3":7.876101488386232E7,"fa_agreement_hansen20_gte_4":7.712123388341582E7,"fa_agreement_hansen20_gte_5":7.568912722012416E7,"fa_agreement_hansen20_gte_6":7.420855352728665E7,"fa_agreement_hansen20_gte_7":7.230517223754893E7,"fa_agreement_hansen20_gte_8":6.823593760488075E7,"fa_agreement_hansen30_gte_1":9.20530939077082E7,"fa_agreement_hansen30_gte_2":8.12537864057913E7,"fa_agreement_hansen30_gte_3":7.866772815502189E7,"fa_agreement_hansen30_gte_4":7.704383881705348E7,"fa_agreement_hansen30_gte_5":7.563668345642914E7,"fa_agreement_hansen30_gte_6":7.417336830450705E7,"fa_agreement_hansen30_gte_7":7.228084364599453E7,"fa_agreement_hansen30_gte_8":6.822407861812215E7,"fa_copernicus":7.425627421367808E7,"fa_esa_2009":7.551249716962215E7,"fa_esa_2020":7.638774519310421E7,"fa_esri":7.523097341826802E7,"fa_globeland":6.855581914683947E7,"fa_hansen10":7.571563809436116E7,"fa_hansen20":7.51896610177607E7,"fa_hansen30":7.475309636144465E7,"fa_jaxa":7.434846501366125E7,"fa_tandemx":8.164329906874236E7,"fa_jrc_2020":7.715592657441862E7,"fra_1a_forestArea":72330.3671875,"fra_1a_landArea":128000.0,"fra_3b_protected":22851.0,"iso3":"PER","total_area_ha":1.2980423532222974E8,"year":2020,"fa_copernicus_protected":1.2611004076029848E7,"fa_esa_2009_protected":1.2429208593447711E7,"fa_esa_2020_protected":1.2773825145115076E7,"fa_esri_protected":1.26608211307013E7,"fa_globeland_protected":1.0913936789950691E7,"fa_hansen10_protected":1.2793189512484169E7,"fa_hansen20_protected":1.2775935659609124E7,"fa_hansen30_protected":1.275863190188126E7,"fa_jaxa_protected":1.2349662354304506E7,"fa_tandemx_protected":1.2610196736708127E7,"fa_jrc_2020_protected":1.286737117528618E7,"ba_MODIS_2001":12254.710891893374,"ba_MODIS_2002":39834.008239430026,"ba_MODIS_2003":111451.2976726839,"ba_MODIS_2004":52109.987946997564,"ba_MODIS_2005":283843.4025655822,"ba_MODIS_2006":77601.2976753923,"ba_MODIS_2007":120066.804476844,"ba_MODIS_2008":72177.9941490624,"ba_MODIS_2009":60813.42653620101,"ba_MODIS_2010":227801.57827063111,"ba_MODIS_2011":44631.233067438756,"ba_MODIS_2012":120166.42699999998,"ba_MODIS_2013":75435.79560564335,"ba_MODIS_2014":66628.07949623158,"ba_MODIS_2015":77962.96738845583,"ba_MODIS_2016":182594.8361684067,"ba_MODIS_2017":68440.04756846812,"ba_MODIS_2018":75512.46868308824,"ba_MODIS_2019":132729.2354439031,"ba_MODIS_2020":194123.28351099262,"ba_MODIS_2021":72189.30104155632,"ba_MODIS_2022":19058.234255392163,"ba_MODIS_2001_Hansen10":3008.793014659245,"ba_MODIS_2002_Hansen10":23747.310269207654,"ba_MODIS_2003_Hansen10":50864.25228853435,"ba_MODIS_2004_Hansen10":24209.505127535365,"ba_MODIS_2005_Hansen10":126284.77201446221,"ba_MODIS_2006_Hansen10":40740.44265525185,"ba_MODIS_2007_Hansen10":73075.24767137457,"ba_MODIS_2008_Hansen10":27042.196633896197,"ba_MODIS_2009_Hansen10":22176.990965576973,"ba_MODIS_2010_Hansen10":89954.42969926549,"ba_MODIS_2011_Hansen10":20263.785975844174,"ba_MODIS_2012_Hansen10":54475.66532979749,"ba_MODIS_2013_Hansen10":23151.682873313803,"ba_MODIS_2014_Hansen10":21344.490999298123,"ba_MODIS_2015_Hansen10":24572.527342120346,"ba_MODIS_2016_Hansen10":52583.20227009051,"ba_MODIS_2017_Hansen10":13788.650475087457,"ba_MODIS_2018_Hansen10":23328.375275863833,"ba_MODIS_2019_Hansen10":32900.358419399054,"ba_MODIS_2020_Hansen10":46164.91926728963,"ba_MODIS_2021_Hansen10":19864.88250134655,"ba_MODIS_2022_Hansen10":4931.457702862542}},{"type":"Feature","geometry":{"type":"MultiPoint","coordinates":[]},"properties":{"fa_agreement_esri_esa_glo_hansen10_gte_1":2.3818717996862527E7,"fa_agreement_esri_esa_glo_hansen10_gte_2":1.8848443729779772E7,"fa_agreement_esri_esa_glo_hansen10_gte_3":1.489933933240176E7,"fa_agreement_esri_esa_glo_hansen10_gte_4":9645508.90105519,"fa_agreement_esri_esa_gte_1":1.9795326432440728E7,"fa_agreement_esri_esa_gte_2":1.5022743857484935E7,"fa_agreement_hansen10_gte_1":3.114051981432627E7,"fa_agreement_hansen10_gte_2":2.3636384232099652E7,"fa_agreement_hansen10_gte_3":2.06255174034579E7,"fa_agreement_hansen10_gte_4":1.852533145829591E7,"fa_agreement_hansen10_gte_5":1.6455619215628922E7,"fa_agreement_hansen10_gte_6":1.4223618856328558E7,"fa_agreement_hansen10_gte_7":1.1446329439891582E7,"fa_agreement_hansen10_gte_8":7665690.06842037,"fa_agreement_hansen30_gte_9":3018246.9054177054,"fa_agreement_hansen20_gte_1":3.1053110010314543E7,"fa_agreement_hansen20_gte_2":2.3525344351716373E7,"fa_agreement_hansen20_gte_3":2.0520506720571194E7,"fa_agreement_hansen20_gte_4":1.844318266553172E7,"fa_agreement_hansen20_gte_5":1.6400507398625443E7,"fa_agreement_hansen20_gte_6":1.418617080653688E7,"fa_agreement_hansen20_gte_7":1.142259877557279E7,"fa_agreement_hansen20_gte_8":7655772.383736976,"fa_agreement_hansen30_gte_1":3.1471677334311377E7,"fa_agreement_hansen30_gte_2":2.3414627069006976E7,"fa_agreement_hansen30_gte_3":2.039248941851983E7,"fa_agreement_hansen30_gte_4":1.8322070742867578E7,"fa_agreement_hansen30_gte_5":1.6317657923039049E7,"fa_agreement_hansen30_gte_6":1.4132395011982258E7,"fa_agreement_hansen30_gte_7":1.1389780971353894E7,"fa_agreement_hansen30_gte_8":7642335.3616969995,"fa_copernicus":1.5059483402812887E7,"fa_esa_2009":1.521647114458412E7,"fa_esa_2020":1.732849918262272E7,"fa_esri":1.748983125728971E7,"fa_globeland":1.4424710992696716E7,"fa_hansen10":1.796466019554592E7,"fa_hansen20":1.742157775642819E7,"fa_hansen30":1.6760842441113038E7,"fa_jaxa":1.8906849378196638E7,"fa_tandemx":1.2679908755621497E7,"fa_jrc_2020":1.9605746401217528E7,"fra_1a_forestArea":18210.69921875,"fra_1a_landArea":74353.0,"fra_3b_protected":3803.510009765625,"iso3":"CHL","total_area_ha":7.535975755801167E7,"year":2020,"fa_copernicus_protected":4038606.1721563903,"fa_esa_2009_protected":3522121.410710273,"fa_esa_2020_protected":4712828.409131787,"fa_esri_protected":4945201.463706869,"fa_globeland_protected":3255730.841670753,"fa_hansen10_protected":5410523.796331799,"fa_hansen20_protected":5260489.95444391,"fa_hansen30_protected":5041776.808993156,"fa_jaxa_protected":4719386.355613966,"fa_tandemx_protected":3923685.5230951537,"fa_jrc_2020_protected":5768920.211026841,"ba_MODIS_2001":16475.746103437526,"ba_MODIS_2002":47629.95094560658,"ba_MODIS_2003":77248.73371493281,"ba_MODIS_2004":63099.22084214489,"ba_MODIS_2005":124041.51919177054,"ba_MODIS_2006":34195.247815484065,"ba_MODIS_2007":71619.23873726113,"ba_MODIS_2008":81919.58334608433,"ba_MODIS_2009":79221.86495446724,"ba_MODIS_2010":76990.51727019656,"ba_MODIS_2011":93523.03285628074,"ba_MODIS_2012":107658.70964829488,"ba_MODIS_2013":32906.294508057625,"ba_MODIS_2014":118266.03530075966,"ba_MODIS_2015":231998.65214941514,"ba_MODIS_2016":80054.50786519588,"ba_MODIS_2017":486010.64093103574,"ba_MODIS_2018":37734.48056608469,"ba_MODIS_2019":114849.55926599297,"ba_MODIS_2020":89383.34500863393,"ba_MODIS_2021":78738.93820401348,"ba_MODIS_2022":96174.78671480391,"ba_MODIS_2001_Hansen10":6093.7744848385455,"ba_MODIS_2002_Hansen10":21189.268880435724,"ba_MODIS_2003_Hansen10":16586.402809887255,"ba_MODIS_2004_Hansen10":17027.443090374767,"ba_MODIS_2005_Hansen10":27270.099927869724,"ba_MODIS_2006_Hansen10":13786.152882351553,"ba_MODIS_2007_Hansen10":21039.00664351016,"ba_MODIS_2008_Hansen10":35277.337842749366,"ba_MODIS_2009_Hansen10":28570.2590045162,"ba_MODIS_2010_Hansen10":20737.32730752178,"ba_MODIS_2011_Hansen10":33596.438862374525,"ba_MODIS_2012_Hansen10":24849.047391138323,"ba_MODIS_2013_Hansen10":10667.25503803452,"ba_MODIS_2014_Hansen10":30258.10572844889,"ba_MODIS_2015_Hansen10":100410.98921611249,"ba_MODIS_2016_Hansen10":19527.771935634384,"ba_MODIS_2017_Hansen10":57016.91427522024,"ba_MODIS_2018_Hansen10":7154.914077124034,"ba_MODIS_2019_Hansen10":26181.94068317233,"ba_MODIS_2020_Hansen10":22122.567992217922,"ba_MODIS_2021_Hansen10":19613.431760949803,"ba_MODIS_2022_Hansen10":31176.182437500924}},{"type":"Feature","geometry":{"type":"MultiPoint","coordinates":[]},"properties":{"fa_agreement_esri_esa_glo_hansen10_gte_1":6277897.474271342,"fa_agreement_esri_esa_glo_hansen10_gte_2":5597536.603216,"fa_agreement_esri_esa_glo_hansen10_gte_3":4995998.089021083,"fa_agreement_esri_esa_glo_hansen10_gte_4":3991935.042514946,"fa_agreement_esri_esa_gte_1":5729631.790689816,"fa_agreement_esri_esa_gte_2":4767089.723583074,"fa_agreement_hansen10_gte_1":6767385.641468593,"fa_agreement_hansen10_gte_2":6331212.667701858,"fa_agreement_hansen10_gte_3":5971868.929978013,"fa_agreement_hansen10_gte_4":5638052.481866619,"fa_agreement_hansen10_gte_5":5298035.6943859225,"fa_agreement_hansen10_gte_6":4936200.790457968,"fa_agreement_hansen10_gte_7":4517149.823228164,"fa_agreement_hansen10_gte_8":3921952.7306580045,"fa_agreement_hansen30_gte_9":2657006.3815451013,"fa_agreement_hansen20_gte_1":6760284.964691211,"fa_agreement_hansen20_gte_2":6313791.255038451,"fa_agreement_hansen20_gte_3":5952323.4497892335,"fa_agreement_hansen20_gte_4":5619984.372012644,"fa_agreement_hansen20_gte_5":5281701.265408665,"fa_agreement_hansen20_gte_6":4922265.815996932,"fa_agreement_hansen20_gte_7":4505442.286423651,"fa_agreement_hansen20_gte_8":3912924.1263309475,"fa_agreement_hansen30_gte_1":6907046.907889649,"fa_agreement_hansen30_gte_2":6300287.144153778,"fa_agreement_hansen30_gte_3":5935712.272051609,"fa_agreement_hansen30_gte_4":5604483.167649814,"fa_agreement_hansen30_gte_5":5267717.035029803,"fa_agreement_hansen30_gte_6":4910713.951378897,"fa_agreement_hansen30_gte_7":4496186.769165185,"fa_agreement_hansen30_gte_8":3906647.6640463015,"fa_copernicus":4752953.903435313,"fa_esa_2009":4367009.895377083,"fa_esa_2020":5540322.145853119,"fa_esri":4956391.476981742,"fa_globeland":4934513.789335709,"fa_hansen10":5447785.883645373,"fa_hansen20":5321283.9980762275,"fa_hansen30":5219759.128998841,"fa_jaxa":6526765.774813863,"fa_tandemx":4729454.3239758555,"fa_jrc_2020":5529002.480001244,"fra_1a_forestArea":4213.83984375,"fra_1a_landArea":7434.0,"fra_3b_protected":2021.0,"iso3":"PAN","total_area_ha":7484545.648754915,"year":2020,"fa_copernicus_protected":1455029.9625734452,"fa_esa_2009_protected":1359215.2724467078,"fa_esa_2020_protected":1491867.4832781903,"fa_esri_protected":1432254.6849495855,"fa_globeland_protected":1422294.9121565702,"fa_hansen10_protected":1479744.6286938991,"fa_hansen20_protected":1476532.2155298134,"fa_hansen30_protected":1474013.7767743648,"fa_jaxa_protected":1475687.2665984444,"fa_tandemx_protected":1424621.433764441,"fa_jrc_2020_protected":1489595.908176449,"ba_MODIS_2001":28279.239724951018,"ba_MODIS_2002":29145.568131292865,"ba_MODIS_2003":131137.6931533094,"ba_MODIS_2004":95758.23195544037,"ba_MODIS_2005":13863.470107812493,"ba_MODIS_2006":43452.5908048223,"ba_MODIS_2007":18724.76093709557,"ba_MODIS_2008":27189.348895637268,"ba_MODIS_2009":62971.77652585169,"ba_MODIS_2010":16166.11056200975,"ba_MODIS_2011":8199.37335724878,"ba_MODIS_2012":29367.0032842095,"ba_MODIS_2013":23037.57360782478,"ba_MODIS_2014":23585.228046648233,"ba_MODIS_2015":67796.32350656902,"ba_MODIS_2016":44955.67439537977,"ba_MODIS_2017":17795.87155458943,"ba_MODIS_2018":16077.686658443583,"ba_MODIS_2019":66083.13245286158,"ba_MODIS_2020":41238.75856165454,"ba_MODIS_2021":7045.5295806433805,"ba_MODIS_2022":6626.940152132349,"ba_MODIS_2001_Hansen10":12762.868614367006,"ba_MODIS_2002_Hansen10":15631.124382020282,"ba_MODIS_2003_Hansen10":84488.58044901295,"ba_MODIS_2004_Hansen10":56822.05118048746,"ba_MODIS_2005_Hansen10":3628.591941768254,"ba_MODIS_2006_Hansen10":19325.431729899647,"ba_MODIS_2007_Hansen10":6486.269499472561,"ba_MODIS_2008_Hansen10":13731.709203275606,"ba_MODIS_2009_Hansen10":34067.692927385615,"ba_MODIS_2010_Hansen10":2941.1091387758465,"ba_MODIS_2011_Hansen10":2280.861877424916,"ba_MODIS_2012_Hansen10":12059.424531383182,"ba_MODIS_2013_Hansen10":8170.184898675968,"ba_MODIS_2014_Hansen10":8003.167464873994,"ba_MODIS_2015_Hansen10":30848.003480873518,"ba_MODIS_2016_Hansen10":22127.145452016393,"ba_MODIS_2017_Hansen10":4518.002193356262,"ba_MODIS_2018_Hansen10":4714.826871847803,"ba_MODIS_2019_Hansen10":30188.86889959635,"ba_MODIS_2020_Hansen10":15701.966822913764,"ba_MODIS_2021_Hansen10":875.9161141722674,"ba_MODIS_2022_Hansen10":1087.038894685608}},{"type":"Feature","geometry":{"type":"MultiPoint","coordinates":[]},"properties":{"fa_agreement_esri_esa_glo_hansen10_gte_1":1.3955709279021015E7,"fa_agreement_esri_esa_glo_hansen10_gte_2":1.3768659419640418E7,"fa_agreement_esri_esa_glo_hansen10_gte_3":1.3600027691283181E7,"fa_agreement_esri_esa_glo_hansen10_gte_4":1.3165623581733461E7,"fa_agreement_esri_esa_gte_1":1.3792035356251137E7,"fa_agreement_esri_esa_gte_2":1.3556227488396598E7,"fa_agreement_hansen10_gte_1":1.4120852072326003E7,"fa_agreement_hansen10_gte_2":1.3933478512776056E7,"fa_agreement_hansen10_gte_3":1.3814015185061714E7,"fa_agreement_hansen10_gte_4":1.372449711952656E7,"fa_agreement_hansen10_gte_5":1.3645345551643994E7,"fa_agreement_hansen10_gte_6":1.3555010520152178E7,"fa_agreement_hansen10_gte_7":1.3429442710108515E7,"fa_agreement_hansen10_gte_8":1.3182478562668562E7,"fa_agreement_hansen30_gte_9":1.2018160573879287E7,"fa_agreement_hansen20_gte_1":1.411842440315017E7,"fa_agreement_hansen20_gte_2":1.3929523555374058E7,"fa_agreement_hansen20_gte_3":1.381093013903625E7,"fa_agreement_hansen20_gte_4":1.3722640985586278E7,"fa_agreement_hansen20_gte_5":1.3643808202233914E7,"fa_agreement_hansen20_gte_6":1.3553597661083305E7,"fa_agreement_hansen20_gte_7":1.3428183358406032E7,"fa_agreement_hansen20_gte_8":1.3181682789947689E7,"fa_agreement_hansen30_gte_1":1.416093410101414E7,"fa_agreement_hansen30_gte_2":1.3926030112481963E7,"fa_agreement_hansen30_gte_3":1.3808117248379262E7,"fa_agreement_hansen30_gte_4":1.372108856196471E7,"fa_agreement_hansen30_gte_5":1.3642805894946525E7,"fa_agreement_hansen30_gte_6":1.3552802694044102E7,"fa_agreement_hansen30_gte_7":1.3427609569898121E7,"fa_agreement_hansen30_gte_8":1.3181305452936817E7,"fa_copernicus":1.3547156029152075E7,"fa_esa_2009":1.342311673319066E7,"fa_esa_2020":1.3678013109208167E7,"fa_esri":1.36703442318955E7,"fa_globeland":1.3476352669985138E7,"fa_hansen10":1.3663355052810617E7,"fa_hansen20":1.3646083966996592E7,"fa_hansen30":1.3633026488984143E7,"fa_jaxa":1.335757542237525E7,"fa_tandemx":1.324876999069446E7,"fa_jrc_2020":1.3586211795360645E7,"fra_1a_forestArea":15196.2900390625,"fra_1a_landArea":15600.0,"fra_3b_protected":1890.300048828125,"iso3":"SUR","total_area_ha":1.455014173913297E7,"year":2020,"fa_copernicus_protected":1832111.0932882593,"fa_esa_2009_protected":1858679.1086865792,"fa_esa_2020_protected":1867220.8281611684,"fa_esri_protected":1862704.6626226436,"fa_globeland_protected":1813700.6778739288,"fa_hansen10_protected":1871898.4843045268,"fa_hansen20_protected":1868591.636387291,"fa_hansen30_protected":1865961.1671216409,"fa_jaxa_protected":1812431.2150874995,"fa_tandemx_protected":1810656.0636609537,"fa_jrc_2020_protected":1870772.6365039265,"ba_MODIS_2001":9575.346827408084,"ba_MODIS_2002":43550.05164061269,"ba_MODIS_2003":31958.715421268236,"ba_MODIS_2004":50283.6807280269,"ba_MODIS_2005":5818.851949650735,"ba_MODIS_2006":25493.57768389704,"ba_MODIS_2007":4416.3010777328445,"ba_MODIS_2008":12177.4954944608,"ba_MODIS_2009":37780.68584434428,"ba_MODIS_2010":5703.910416887264,"ba_MODIS_2011":20070.443563314937,"ba_MODIS_2012":38625.8624316053,"ba_MODIS_2013":12532.753977328453,"ba_MODIS_2014":38709.40390041057,"ba_MODIS_2015":35071.10853090084,"ba_MODIS_2016":11195.808328651954,"ba_MODIS_2017":23139.211673817317,"ba_MODIS_2018":14139.394577677715,"ba_MODIS_2019":46719.34308180752,"ba_MODIS_2020":25745.67782340687,"ba_MODIS_2021":3213.0771734375003,"ba_MODIS_2022":0.0,"ba_MODIS_2001_Hansen10":1080.7592110603764,"ba_MODIS_2002_Hansen10":3906.4311695105307,"ba_MODIS_2003_Hansen10":10131.912645114724,"ba_MODIS_2004_Hansen10":5737.891061320109,"ba_MODIS_2005_Hansen10":476.42789726055116,"ba_MODIS_2006_Hansen10":2106.5860163084535,"ba_MODIS_2007_Hansen10":525.6664933564309,"ba_MODIS_2008_Hansen10":1418.5634738177123,"ba_MODIS_2009_Hansen10":3990.1849273818834,"ba_MODIS_2010_Hansen10":757.6555710083013,"ba_MODIS_2011_Hansen10":2015.0147585401328,"ba_MODIS_2012_Hansen10":3108.1968474040946,"ba_MODIS_2013_Hansen10":1168.7000054848345,"ba_MODIS_2014_Hansen10":2855.569356280297,"ba_MODIS_2015_Hansen10":3889.0834044259864,"ba_MODIS_2016_Hansen10":1923.863926419678,"ba_MODIS_2017_Hansen10":1659.64728019548,"ba_MODIS_2018_Hansen10":1234.976637437959,"ba_MODIS_2019_Hansen10":5411.140459016406,"ba_MODIS_2020_Hansen10":3954.470498373199,"ba_MODIS_2021_Hansen10":245.84576361694312,"ba_MODIS_2022_Hansen10":0.0}},{"type":"Feature","geometry":{"type":"MultiPoint","coordinates":[]},"properties":{"fa_agreement_esri_esa_glo_hansen10_gte_1":5.409224838168579E7,"fa_agreement_esri_esa_glo_hansen10_gte_2":3.899289343087301E7,"fa_agreement_esri_esa_glo_hansen10_gte_3":3.0750762176288933E7,"fa_agreement_esri_esa_glo_hansen10_gte_4":2.04368872120945E7,"fa_agreement_esri_esa_gte_1":4.6710041177725576E7,"fa_agreement_esri_esa_gte_2":3.0346060228594225E7,"fa_agreement_hansen10_gte_1":6.300469211883364E7,"fa_agreement_hansen10_gte_2":4.4947892827488214E7,"fa_agreement_hansen10_gte_3":3.920881258240751E7,"fa_agreement_hansen10_gte_4":3.456454607740688E7,"fa_agreement_hansen10_gte_5":3.0130419117584947E7,"fa_agreement_hansen10_gte_6":2.534914210729701E7,"fa_agreement_hansen10_gte_7":2.002891221488262E7,"fa_agreement_hansen10_gte_8":1.3333526672441322E7,"fa_agreement_hansen30_gte_9":6196043.265508441,"fa_agreement_hansen20_gte_1":6.2539214040092245E7,"fa_agreement_hansen20_gte_2":4.460245500649313E7,"fa_agreement_hansen20_gte_3":3.895248626793715E7,"fa_agreement_hansen20_gte_4":3.432979917262494E7,"fa_agreement_hansen20_gte_5":2.9955581218745705E7,"fa_agreement_hansen20_gte_6":2.5245912779460974E7,"fa_agreement_hansen20_gte_7":1.997732645215011E7,"fa_agreement_hansen20_gte_8":1.3311220701304724E7,"fa_agreement_hansen30_gte_1":6.2824894261280306E7,"fa_agreement_hansen30_gte_2":4.423652598552125E7,"fa_agreement_hansen30_gte_3":3.859921180524487E7,"fa_agreement_hansen30_gte_4":3.395320984290331E7,"fa_agreement_hansen30_gte_5":2.9632045613195714E7,"fa_agreement_hansen30_gte_6":2.5018978134280253E7,"fa_agreement_hansen30_gte_7":1.98474237446806E7,"fa_agreement_hansen30_gte_8":1.3252320747955099E7,"fa_copernicus":2.0585597250077207E7,"fa_esa_2009":3.3217893610796385E7,"fa_esa_2020":3.5207881483112134E7,"fa_esri":4.184859088118433E7,"fa_globeland":2.976354121847227E7,"fa_hansen10":3.742558773478943E7,"fa_hansen20":3.569970603968086E7,"fa_hansen30":3.3364575649181645E7,"fa_jaxa":2.1100756711884655E7,"fa_tandemx":2.2276300569056373E7,"fa_jrc_2020":3.861597643476939E7,"fra_1a_forestArea":28573.0,"fra_1a_landArea":273669.0,"fra_3b_protected":1928.0,"iso3":"ARG","total_area_ha":2.7807273521093166E8,"year":2020,"fa_copernicus_protected":1557952.4088886725,"fa_esa_2009_protected":1784139.4540861994,"fa_esa_2020_protected":2077746.900896269,"fa_esri_protected":2098130.481961943,"fa_globeland_protected":1753109.9222783323,"fa_hansen10_protected":2234861.093939718,"fa_hansen20_protected":2155439.087705607,"fa_hansen30_protected":2068144.248528272,"fa_jaxa_protected":1676347.881387912,"fa_tandemx_protected":1412299.7033040712,"fa_jrc_2020_protected":2232224.1437526196,"ba_MODIS_2001":7372071.85647122,"ba_MODIS_2002":4982601.233777025,"ba_MODIS_2003":6517925.71583836,"ba_MODIS_2004":4614470.970823856,"ba_MODIS_2005":3439872.1388896573,"ba_MODIS_2006":3607855.8024410023,"ba_MODIS_2007":3681307.3728361707,"ba_MODIS_2008":4811889.920820928,"ba_MODIS_2009":3248898.67778719,"ba_MODIS_2010":2537661.5145756067,"ba_MODIS_2011":3247019.2840276873,"ba_MODIS_2012":2876345.294530354,"ba_MODIS_2013":2822472.8436400373,"ba_MODIS_2014":2273353.4562130584,"ba_MODIS_2015":2310599.1082748906,"ba_MODIS_2016":3336727.3745685713,"ba_MODIS_2017":5204695.443441919,"ba_MODIS_2018":3278964.088284059,"ba_MODIS_2019":2187906.597724814,"ba_MODIS_2020":5767379.099450928,"ba_MODIS_2021":2436606.792724542,"ba_MODIS_2022":2297792.779700888,"ba_MODIS_2001_Hansen10":768731.4688927024,"ba_MODIS_2002_Hansen10":583100.0051638174,"ba_MODIS_2003_Hansen10":1176051.3135246711,"ba_MODIS_2004_Hansen10":951939.501273697,"ba_MODIS_2005_Hansen10":505271.80094494834,"ba_MODIS_2006_Hansen10":610490.9838001158,"ba_MODIS_2007_Hansen10":812959.109905141,"ba_MODIS_2008_Hansen10":769888.0930497689,"ba_MODIS_2009_Hansen10":662881.306479545,"ba_MODIS_2010_Hansen10":451696.4812903427,"ba_MODIS_2011_Hansen10":501211.18034693185,"ba_MODIS_2012_Hansen10":559698.389552035,"ba_MODIS_2013_Hansen10":595904.2912295529,"ba_MODIS_2014_Hansen10":269519.3763841124,"ba_MODIS_2015_Hansen10":291363.9977478243,"ba_MODIS_2016_Hansen10":345359.73078401224,"ba_MODIS_2017_Hansen10":1081890.755558433,"ba_MODIS_2018_Hansen10":348012.56467958837,"ba_MODIS_2019_Hansen10":281636.0064707784,"ba_MODIS_2020_Hansen10":1226334.1078757222,"ba_MODIS_2021_Hansen10":390563.3855410571,"ba_MODIS_2022_Hansen10":500716.23831018386}},{"type":"Feature","geometry":{"type":"MultiPoint","coordinates":[]},"properties":{"fa_agreement_esri_esa_glo_hansen10_gte_1":3.87794668269681E8,"fa_agreement_esri_esa_glo_hansen10_gte_2":3.145034596816652E8,"fa_agreement_esri_esa_glo_hansen10_gte_3":2.539259207489448E8,"fa_agreement_esri_esa_glo_hansen10_gte_4":1.6403357530015817E8,"fa_agreement_esri_esa_gte_1":3.417140417027203E8,"fa_agreement_esri_esa_gte_2":2.4628754738120723E8,"fa_agreement_hansen10_gte_1":4.749440010717734E8,"fa_agreement_hansen10_gte_2":3.833565534741802E8,"fa_agreement_hansen10_gte_3":3.416932988004455E8,"fa_agreement_hansen10_gte_4":3.1235739819946253E8,"fa_agreement_hansen10_gte_5":2.8475217612196076E8,"fa_agreement_hansen10_gte_6":2.5375920872795096E8,"fa_agreement_hansen10_gte_7":2.1332086160022125E8,"fa_agreement_hansen10_gte_8":1.612874267376064E8,"fa_agreement_hansen30_gte_9":9.136369603274025E7,"fa_agreement_hansen20_gte_1":4.731805753375126E8,"fa_agreement_hansen20_gte_2":3.808351121760925E8,"fa_agreement_hansen20_gte_3":3.3925559823858076E8,"fa_agreement_hansen20_gte_4":3.0982911169970953E8,"fa_agreement_hansen20_gte_5":2.822462796098325E8,"fa_agreement_hansen20_gte_6":2.513723040524025E8,"fa_agreement_hansen20_gte_7":2.112845762279459E8,"fa_agreement_hansen20_gte_8":1.599842127319803E8,"fa_agreement_hansen30_gte_1":4.8115830762299967E8,"fa_agreement_hansen30_gte_2":3.793527226407986E8,"fa_agreement_hansen30_gte_3":3.376441960841212E8,"fa_agreement_hansen30_gte_4":3.08006561923083E8,"fa_agreement_hansen30_gte_5":2.8031026925760704E8,"fa_agreement_hansen30_gte_6":2.4939342222097647E8,"fa_agreement_hansen30_gte_7":2.092998489655987E8,"fa_agreement_hansen30_gte_8":1.5851679453018066E8,"fa_copernicus":2.1838528988382196E8,"fa_esa_2009":3.4664135993817276E8,"fa_esa_2020":3.173818426246E8,"fa_esri":2.706214499998694E8,"fa_globeland":2.5548310491153148E8,"fa_hansen10":2.7628620131649846E8,"fa_hansen20":2.5727944296643913E8,"fa_hansen30":2.4266716011750922E8,"fa_jaxa":3.154909928520728E8,"fa_tandemx":2.4609570894794098E8,"fa_jrc_2020":3.114220923038313E8,"fra_1a_forestArea":309795.0,"fra_1a_landArea":914742.0,"fra_3b_protected":31734.75,"iso3":"USA","total_area_ha":9.484515103099536E8,"year":2020,"fa_copernicus_protected":1.871751177349062E7,"fa_esa_2009_protected":2.8168154215706818E7,"fa_esa_2020_protected":2.6717734526511077E7,"fa_esri_protected":2.4657313694548175E7,"fa_globeland_protected":2.509388661931935E7,"fa_hansen10_protected":2.8303618269818988E7,"fa_hansen20_protected":2.5993992482532874E7,"fa_hansen30_protected":2.4396826799917728E7,"fa_jaxa_protected":3.0185188681206487E7,"fa_tandemx_protected":1.900059230936257E7,"fa_jrc_2020_protected":3.111369824974506E7,"ba_MODIS_2001":1263895.570434458,"ba_MODIS_2002":2471694.0725257727,"ba_MODIS_2003":2828547.578467155,"ba_MODIS_2004":3869970.6421514307,"ba_MODIS_2005":4270263.718277374,"ba_MODIS_2006":3752299.492622915,"ba_MODIS_2007":4025501.137534736,"ba_MODIS_2008":2822964.1654398143,"ba_MODIS_2009":3058784.2179827793,"ba_MODIS_2010":2382727.519774367,"ba_MODIS_2011":4299308.525280083,"ba_MODIS_2012":3685063.8057405716,"ba_MODIS_2013":2125819.361784985,"ba_MODIS_2014":2353502.2797028003,"ba_MODIS_2015":4070920.9588177158,"ba_MODIS_2016":2963668.418093892,"ba_MODIS_2017":3893201.6546419826,"ba_MODIS_2018":3686957.46628512,"ba_MODIS_2019":2770924.8106564144,"ba_MODIS_2020":4935040.910672103,"ba_MODIS_2021":3837842.13341798,"ba_MODIS_2022":392345.9716895532,"ba_MODIS_2001_Hansen10":356618.5899120405,"ba_MODIS_2002_Hansen10":832841.8319124447,"ba_MODIS_2003_Hansen10":802333.4727852776,"ba_MODIS_2004_Hansen10":1793775.020661779,"ba_MODIS_2005_Hansen10":1501602.2945752123,"ba_MODIS_2006_Hansen10":777172.7104690046,"ba_MODIS_2007_Hansen10":1142075.549944673,"ba_MODIS_2008_Hansen10":717699.8502567094,"ba_MODIS_2009_Hansen10":1121126.0396032068,"ba_MODIS_2010_Hansen10":580405.5113823847,"ba_MODIS_2011_Hansen10":964324.1139291239,"ba_MODIS_2012_Hansen10":991940.53965123,"ba_MODIS_2013_Hansen10":814834.2922241833,"ba_MODIS_2014_Hansen10":633921.6369667626,"ba_MODIS_2015_Hansen10":1293721.5661902267,"ba_MODIS_2016_Hansen10":680561.5808614709,"ba_MODIS_2017_Hansen10":878595.5832850665,"ba_MODIS_2018_Hansen10":975881.7809455188,"ba_MODIS_2019_Hansen10":660426.0306608179,"ba_MODIS_2020_Hansen10":1325936.6974705919,"ba_MODIS_2021_Hansen10":1248693.8697776424,"ba_MODIS_2022_Hansen10":180357.85782534193}},{"type":"Feature","geometry":{"type":"MultiPoint","coordinates":[]},"properties":{"fa_agreement_esri_esa_glo_hansen10_gte_1":980451.2267200834,"fa_agreement_esri_esa_glo_hansen10_gte_2":877247.7904648815,"fa_agreement_esri_esa_glo_hansen10_gte_3":777661.1122919745,"fa_agreement_esri_esa_glo_hansen10_gte_4":593044.7097245099,"fa_agreement_esri_esa_gte_1":915152.5358844488,"fa_agreement_esri_esa_gte_2":747853.4775407645,"fa_agreement_hansen10_gte_1":990745.3772038931,"fa_agreement_hansen10_gte_2":930658.7020508116,"fa_agreement_hansen10_gte_3":877644.7578870605,"fa_agreement_hansen10_gte_4":832772.2000151878,"fa_agreement_hansen10_gte_5":784950.3800269356,"fa_agreement_hansen10_gte_6":725908.2326741242,"fa_agreement_hansen10_gte_7":640067.7692644632,"fa_agreement_hansen10_gte_8":480003.26467395446,"fa_agreement_hansen30_gte_9":215426.85337175196,"fa_agreement_hansen20_gte_1":989442.8984863695,"fa_agreement_hansen20_gte_2":928969.1234068768,"fa_agreement_hansen20_gte_3":875531.8207890609,"fa_agreement_hansen20_gte_4":830550.3271910198,"fa_agreement_hansen20_gte_5":782383.1775900129,"fa_agreement_hansen20_gte_6":722767.8980477876,"fa_agreement_hansen20_gte_7":636214.0834593293,"fa_agreement_hansen20_gte_8":476697.4402026602,"fa_agreement_hansen30_gte_1":1024849.6849477848,"fa_agreement_hansen30_gte_2":927749.1590197964,"fa_agreement_hansen30_gte_3":873966.717933276,"fa_agreement_hansen30_gte_4":828836.1363665983,"fa_agreement_hansen30_gte_5":780387.1102859264,"fa_agreement_hansen30_gte_6":720434.7102213624,"fa_agreement_hansen30_gte_7":633635.9063962228,"fa_agreement_hansen30_gte_8":474676.6148347893,"fa_copernicus":690647.6724022746,"fa_esa_2009":459212.25449610985,"fa_esa_2020":872826.8365269884,"fa_esri":790188.7923392107,"fa_globeland":801792.6489757983,"fa_hansen10":761046.5237127211,"fa_hansen20":738377.115416061,"fa_hansen30":722440.549439129,"fa_jaxa":925206.8255255838,"fa_tandemx":603289.0052403215,"fa_jrc_2020":760732.7202225424,"fra_1a_forestArea":596.8900146484375,"fra_1a_landArea":1083.0,"fra_3b_protected":132.00999450683594,"iso3":"JAM","total_area_ha":1106042.0749772948,"year":2020,"fa_copernicus_protected":78561.49409495741,"fa_esa_2009_protected":58560.09178122775,"fa_esa_2020_protected":109158.18961487673,"fa_esri_protected":99910.51216392286,"fa_globeland_protected":88657.46600635204,"fa_hansen10_protected":98054.56538726045,"fa_hansen20_protected":95422.07345505565,"fa_hansen30_protected":93409.80653746541,"fa_jaxa_protected":103384.88996218641,"fa_tandemx_protected":58430.03172571407,"fa_jrc_2020_protected":103082.19276294568,"ba_MODIS_2001":378.158571875,"ba_MODIS_2002":755.8996656250004,"ba_MODIS_2003":1418.6263406250005,"ba_MODIS_2004":94.633834375,"ba_MODIS_2005":3263.128823437501,"ba_MODIS_2006":4563.707009375001,"ba_MODIS_2007":1418.5299250000005,"ba_MODIS_2008":70.90820781250001,"ba_MODIS_2009":3925.918224895832,"ba_MODIS_2010":898.1468234374997,"ba_MODIS_2011":1039.9756468749995,"ba_MODIS_2012":1914.157545312499,"ba_MODIS_2013":2482.2604828124986,"ba_MODIS_2014":567.2293562499999,"ba_MODIS_2015":2245.0537609375006,"ba_MODIS_2016":749.3470609375001,"ba_MODIS_2017":1630.4247156250012,"ba_MODIS_2018":1513.5472249999998,"ba_MODIS_2019":4090.8269328124998,"ba_MODIS_2020":1630.1672109375008,"ba_MODIS_2021":519.4270703125001,"ba_MODIS_2022":259.718903125,"ba_MODIS_2001_Hansen10":57.77433406982414,"ba_MODIS_2002_Hansen10":220.0279666320803,"ba_MODIS_2003_Hansen10":256.2346180908196,"ba_MODIS_2004_Hansen10":51.43551505737311,"ba_MODIS_2005_Hansen10":1477.2415272827072,"ba_MODIS_2006_Hansen10":454.0831065551756,"ba_MODIS_2007_Hansen10":233.0190894653319,"ba_MODIS_2008_Hansen10":60.64017597045905,"ba_MODIS_2009_Hansen10":414.7378031243281,"ba_MODIS_2010_Hansen10":196.83223836669933,"ba_MODIS_2011_Hansen10":283.7442490051265,"ba_MODIS_2012_Hansen10":323.4929157592771,"ba_MODIS_2013_Hansen10":539.5242570007341,"ba_MODIS_2014_Hansen10":211.58398422851556,"ba_MODIS_2015_Hansen10":1126.3090743957594,"ba_MODIS_2016_Hansen10":129.54854116821252,"ba_MODIS_2017_Hansen10":165.13237078247099,"ba_MODIS_2018_Hansen10":189.17077521362273,"ba_MODIS_2019_Hansen10":723.8617289001481,"ba_MODIS_2020_Hansen10":159.26699455566407,"ba_MODIS_2021_Hansen10":65.78810786132806,"ba_MODIS_2022_Hansen10":42.244709350585936}},{"type":"Feature","geometry":{"type":"MultiPoint","coordinates":[]},"properties":{"fa_agreement_esri_esa_glo_hansen10_gte_1":1.9403734348894134E7,"fa_agreement_esri_esa_glo_hansen10_gte_2":1.9063455666241046E7,"fa_agreement_esri_esa_glo_hansen10_gte_3":1.8799422766153123E7,"fa_agreement_esri_esa_glo_hansen10_gte_4":1.7991000383443825E7,"fa_agreement_esri_esa_gte_1":1.9036645907065775E7,"fa_agreement_esri_esa_gte_2":1.8685515694411974E7,"fa_agreement_hansen10_gte_1":1.9718346549999285E7,"fa_agreement_hansen10_gte_2":1.9315580434080783E7,"fa_agreement_hansen10_gte_3":1.9116828789816663E7,"fa_agreement_hansen10_gte_4":1.8968639395298034E7,"fa_agreement_hansen10_gte_5":1.883829772438763E7,"fa_agreement_hansen10_gte_6":1.8695699930640597E7,"fa_agreement_hansen10_gte_7":1.8504108066925906E7,"fa_agreement_hansen10_gte_8":1.8121117717024893E7,"fa_agreement_hansen30_gte_9":1.6236114309203109E7,"fa_agreement_hansen20_gte_1":1.9712517791131124E7,"fa_agreement_hansen20_gte_2":1.9308003160558257E7,"fa_agreement_hansen20_gte_3":1.9111113885596555E7,"fa_agreement_hansen20_gte_4":1.896448935689157E7,"fa_agreement_hansen20_gte_5":1.8835265711390663E7,"fa_agreement_hansen20_gte_6":1.869352206210912E7,"fa_agreement_hansen20_gte_7":1.8502421763865482E7,"fa_agreement_hansen20_gte_8":1.8120012001087777E7,"fa_agreement_hansen30_gte_1":1.9763188679085948E7,"fa_agreement_hansen30_gte_2":1.9299696138737913E7,"fa_agreement_hansen30_gte_3":1.910513958601262E7,"fa_agreement_hansen30_gte_4":1.896023504893009E7,"fa_agreement_hansen30_gte_5":1.8832126249285452E7,"fa_agreement_hansen30_gte_6":1.8691214408465672E7,"fa_agreement_hansen30_gte_7":1.850062904457393E7,"fa_agreement_hansen30_gte_8":1.8118874415873084E7,"fa_copernicus":1.8517321171902765E7,"fa_esa_2009":1.899744426813165E7,"fa_esa_2020":1.88186536270505E7,"fa_esri":1.890358319846965E7,"fa_globeland":1.8574434415694207E7,"fa_hansen10":1.896397633227946E7,"fa_hansen20":1.893007558496868E7,"fa_hansen30":1.8893963984450463E7,"fa_jaxa":1.872324631951076E7,"fa_tandemx":1.7534901909369893E7,"fa_jrc_2020":1.8836587963339012E7,"fra_1a_forestArea":18415.33984375,"fra_1a_landArea":19685.0,"fra_3b_protected":998.0,"iso3":"GUY","total_area_ha":2.124646985718836E7,"year":2020,"fa_copernicus_protected":29858.16557766714,"fa_esa_2009_protected":29021.643927719262,"fa_esa_2020_protected":30488.132576231743,"fa_esri_protected":30992.77141490613,"fa_globeland_protected":30730.654511935816,"fa_hansen10_protected":31024.77661032781,"fa_hansen20_protected":30946.72273941944,"fa_hansen30_protected":30876.075801660812,"fa_jaxa_protected":30350.802704372007,"fa_tandemx_protected":30034.751177290167,"fa_jrc_2020_protected":31014.301280546017,"ba_MODIS_2001":21702.36422493255,"ba_MODIS_2002":54668.27152731006,"ba_MODIS_2003":159449.55605590012,"ba_MODIS_2004":78864.05922300275,"ba_MODIS_2005":64980.87651411159,"ba_MODIS_2006":49665.91066117659,"ba_MODIS_2007":61608.477336544005,"ba_MODIS_2008":40929.32263941795,"ba_MODIS_2009":68980.3807466114,"ba_MODIS_2010":67191.53508876824,"ba_MODIS_2011":51513.223625098086,"ba_MODIS_2012":72177.6931121384,"ba_MODIS_2013":73657.03114146413,"ba_MODIS_2014":97527.2390117525,"ba_MODIS_2015":161874.42892676577,"ba_MODIS_2016":81968.44282003079,"ba_MODIS_2017":82979.96615303976,"ba_MODIS_2018":68869.80127277566,"ba_MODIS_2019":100499.48697178284,"ba_MODIS_2020":150511.127267893,"ba_MODIS_2021":26888.512105925285,"ba_MODIS_2022":16198.557675661757,"ba_MODIS_2001_Hansen10":6601.230632763504,"ba_MODIS_2002_Hansen10":5696.780867136005,"ba_MODIS_2003_Hansen10":55766.150750318964,"ba_MODIS_2004_Hansen10":5859.65728741973,"ba_MODIS_2005_Hansen10":6904.983565066576,"ba_MODIS_2006_Hansen10":2880.4240499009115,"ba_MODIS_2007_Hansen10":3918.170336487401,"ba_MODIS_2008_Hansen10":3215.136446547599,"ba_MODIS_2009_Hansen10":9266.002934543141,"ba_MODIS_2010_Hansen10":19498.649176189145,"ba_MODIS_2011_Hansen10":2618.7424778100085,"ba_MODIS_2012_Hansen10":5882.27333193665,"ba_MODIS_2013_Hansen10":4473.994833595852,"ba_MODIS_2014_Hansen10":7324.991105082537,"ba_MODIS_2015_Hansen10":19379.89941692205,"ba_MODIS_2016_Hansen10":18244.292572480263,"ba_MODIS_2017_Hansen10":2019.4986671983913,"ba_MODIS_2018_Hansen10":6977.710766112862,"ba_MODIS_2019_Hansen10":20983.18191336998,"ba_MODIS_2020_Hansen10":12126.484628302227,"ba_MODIS_2021_Hansen10":1343.4654625471796,"ba_MODIS_2022_Hansen10":351.1189261121323}},{"type":"Feature","geometry":{"type":"MultiPoint","coordinates":[]},"properties":{"fa_agreement_esri_esa_glo_hansen10_gte_1":5.092447751333915E8,"fa_agreement_esri_esa_glo_hansen10_gte_2":4.074381782080591E8,"fa_agreement_esri_esa_glo_hansen10_gte_3":3.210910575086062E8,"fa_agreement_esri_esa_glo_hansen10_gte_4":2.145081361654386E8,"fa_agreement_esri_esa_gte_1":4.09101084618096E8,"fa_agreement_esri_esa_gte_2":2.8892863159855294E8,"fa_agreement_hansen10_gte_1":5.699270821039021E8,"fa_agreement_hansen10_gte_2":4.790904233235792E8,"fa_agreement_hansen10_gte_3":4.3406409301603186E8,"fa_agreement_hansen10_gte_4":3.9587189130190235E8,"fa_agreement_hansen10_gte_5":3.5612039791163045E8,"fa_agreement_hansen10_gte_6":3.1216570801733094E8,"fa_agreement_hansen10_gte_7":2.608383703581278E8,"fa_agreement_hansen10_gte_8":1.8956511088214976E8,"fa_agreement_hansen30_gte_9":8.145655976410863E7,"fa_agreement_hansen20_gte_1":5.616831137371503E8,"fa_agreement_hansen20_gte_2":4.731696700290011E8,"fa_agreement_hansen20_gte_3":4.3010007573615885E8,"fa_agreement_hansen20_gte_4":3.924869369934047E8,"fa_agreement_hansen20_gte_5":3.533494414399283E8,"fa_agreement_hansen20_gte_6":3.10405482618173E8,"fa_agreement_hansen20_gte_7":2.599566366631089E8,"fa_agreement_hansen20_gte_8":1.89198753842939E8,"fa_agreement_hansen30_gte_1":5.646769533473982E8,"fa_agreement_hansen30_gte_2":4.687463408209007E8,"fa_agreement_hansen30_gte_3":4.267124996077218E8,"fa_agreement_hansen30_gte_4":3.8947199118398017E8,"fa_agreement_hansen30_gte_5":3.5072678482829756E8,"fa_agreement_hansen30_gte_6":3.08590112682323E8,"fa_agreement_hansen30_gte_7":2.590245842087457E8,"fa_agreement_hansen30_gte_8":1.8883612873488954E8,"fa_copernicus":3.457267691193342E8,"fa_esa_2009":3.751316671015341E8,"fa_esa_2020":3.695129193480661E8,"fa_esri":3.2852851488442034E8,"fa_globeland":3.240597947999663E8,"fa_hansen10":4.2970949767338943E8,"fa_hansen20":4.0140855399579304E8,"fa_hansen30":3.795723322075718E8,"fa_jaxa":3.9010505245877945E8,"fa_tandemx":1.4483117558839113E8,"fa_jrc_2020":4.068027849561319E8,"fra_1a_forestArea":346928.09375,"fra_1a_landArea":909351.0,"fra_3b_protected":29507.0,"iso3":"CAN","total_area_ha":9.923956905912025E8,"year":2020,"fa_copernicus_protected":3.969839588688203E7,"fa_esa_2009_protected":4.10340534018768E7,"fa_esa_2020_protected":4.333210520413926E7,"fa_esri_protected":3.7918360441283844E7,"fa_globeland_protected":3.976061136560872E7,"fa_hansen10_protected":5.1912656729911245E7,"fa_hansen20_protected":4.813106551374632E7,"fa_hansen30_protected":4.531497854877423E7,"fa_jaxa_protected":4.514515762882047E7,"fa_tandemx_protected":1.8159433256260667E7,"fa_jrc_2020_protected":4.9554251777037136E7,"ba_MODIS_2001":385336.95506889233,"ba_MODIS_2002":2503149.442208032,"ba_MODIS_2003":1888665.3282807237,"ba_MODIS_2004":2309917.575030643,"ba_MODIS_2005":1516099.977693567,"ba_MODIS_2006":1903555.6474818774,"ba_MODIS_2007":1377572.3015065165,"ba_MODIS_2008":1502550.8406358997,"ba_MODIS_2009":685644.4116219487,"ba_MODIS_2010":2536653.7413614807,"ba_MODIS_2011":1643908.0392048233,"ba_MODIS_2012":1579855.7458262208,"ba_MODIS_2013":3883790.4061115016,"ba_MODIS_2014":3187840.7341957535,"ba_MODIS_2015":2978853.154407933,"ba_MODIS_2016":973389.5395835935,"ba_MODIS_2017":2961670.507389101,"ba_MODIS_2018":1815185.8114572682,"ba_MODIS_2019":1283105.1498789743,"ba_MODIS_2020":265336.24521179474,"ba_MODIS_2021":3650978.302352956,"ba_MODIS_2022":390.7728375,"ba_MODIS_2001_Hansen10":152848.13614613394,"ba_MODIS_2002_Hansen10":1162462.3355471878,"ba_MODIS_2003_Hansen10":1146174.1043294617,"ba_MODIS_2004_Hansen10":1473289.0943141507,"ba_MODIS_2005_Hansen10":663017.225053958,"ba_MODIS_2006_Hansen10":880029.3771125191,"ba_MODIS_2007_Hansen10":668704.4247252484,"ba_MODIS_2008_Hansen10":673989.8820699542,"ba_MODIS_2009_Hansen10":317267.0892754755,"ba_MODIS_2010_Hansen10":1337001.0089247958,"ba_MODIS_2011_Hansen10":822091.835452867,"ba_MODIS_2012_Hansen10":608573.214162149,"ba_MODIS_2013_Hansen10":1380973.5290315247,"ba_MODIS_2014_Hansen10":1340105.9575999908,"ba_MODIS_2015_Hansen10":1048591.0926994693,"ba_MODIS_2016_Hansen10":241705.61749122356,"ba_MODIS_2017_Hansen10":870183.0258998347,"ba_MODIS_2018_Hansen10":810846.4740158713,"ba_MODIS_2019_Hansen10":422920.3835316752,"ba_MODIS_2020_Hansen10":70376.3863680065,"ba_MODIS_2021_Hansen10":1489390.8761104678,"ba_MODIS_2022_Hansen10":216.99336409302225}},{"type":"Feature","geometry":{"type":"MultiPoint","coordinates":[]},"properties":{"fa_agreement_esri_esa_glo_hansen10_gte_1":1478291.3403155138,"fa_agreement_esri_esa_glo_hansen10_gte_2":1051459.6117166562,"fa_agreement_esri_esa_glo_hansen10_gte_3":676883.0627700606,"fa_agreement_esri_esa_glo_hansen10_gte_4":346848.37019348115,"fa_agreement_esri_esa_gte_1":1220315.7252420338,"fa_agreement_esri_esa_gte_2":469568.1031932548,"fa_agreement_hansen10_gte_1":1830687.7833332166,"fa_agreement_hansen10_gte_2":1551159.9670616386,"fa_agreement_hansen10_gte_3":1321254.5181944475,"fa_agreement_hansen10_gte_4":1111642.3908619802,"fa_agreement_hansen10_gte_5":906680.6007075113,"fa_agreement_hansen10_gte_6":709358.6340915217,"fa_agreement_hansen10_gte_7":516220.4715546205,"fa_agreement_hansen10_gte_8":321267.2640817213,"fa_agreement_hansen30_gte_9":134519.29108623628,"fa_agreement_hansen20_gte_1":1828087.1711197025,"fa_agreement_hansen20_gte_2":1541161.5596541397,"fa_agreement_hansen20_gte_3":1307811.115065532,"fa_agreement_hansen20_gte_4":1096433.933448889,"fa_agreement_hansen20_gte_5":892733.6953896707,"fa_agreement_hansen20_gte_6":699492.6923201268,"fa_agreement_hansen20_gte_7":510897.53863340185,"fa_agreement_hansen20_gte_8":319340.741255684,"fa_agreement_hansen30_gte_1":1911374.5140235098,"fa_agreement_hansen30_gte_2":1534015.6444476855,"fa_agreement_hansen30_gte_3":1297142.7971979443,"fa_agreement_hansen30_gte_4":1083480.4133076284,"fa_agreement_hansen30_gte_5":880569.6943720666,"fa_agreement_hansen30_gte_6":691054.7492668948,"fa_agreement_hansen30_gte_7":506359.5592535435,"fa_agreement_hansen30_gte_8":317576.6434027272,"fa_copernicus":738476.9942092429,"fa_esa_2009":419917.8359259143,"fa_esa_2020":1198391.6543872212,"fa_esri":491529.15403227217,"fa_globeland":784086.4992765618,"fa_hansen10":1075464.175312214,"fa_hansen20":998281.2733692604,"fa_hansen30":934625.6610327214,"fa_jaxa":1787980.9303081834,"fa_tandemx":1180968.3321688715,"fa_jrc_2020":1048951.716420973,"fra_1a_forestArea":583.8800048828125,"fra_1a_landArea":2072.0,"fra_3b_protected":17.0,"iso3":"SLV","total_area_ha":2076837.3775801442,"year":2020,"fa_copernicus_protected":43345.010177123666,"fa_esa_2009_protected":50357.66038861012,"fa_esa_2020_protected":77990.41703460761,"fa_esri_protected":48723.673868134,"fa_globeland_protected":38513.9076855861,"fa_hansen10_protected":86597.43161918117,"fa_hansen20_protected":81313.6264250407,"fa_hansen30_protected":77305.46335076872,"fa_jaxa_protected":122901.41231382792,"fa_tandemx_protected":69343.69770610036,"fa_jrc_2020_protected":81330.5839415262,"ba_MODIS_2001":5192.693203700973,"ba_MODIS_2002":4107.107224999994,"ba_MODIS_2003":7888.933629797803,"ba_MODIS_2004":8191.136747812497,"ba_MODIS_2005":6993.676691121321,"ba_MODIS_2006":6664.839467984067,"ba_MODIS_2007":3674.0976468749996,"ba_MODIS_2008":2973.5361703125,"ba_MODIS_2009":4158.204067187497,"ba_MODIS_2010":1885.3108140624995,"ba_MODIS_2011":1450.2260140625003,"ba_MODIS_2012":5487.231646874998,"ba_MODIS_2013":27343.07037484668,"ba_MODIS_2014":9615.156304865204,"ba_MODIS_2015":25255.72994843749,"ba_MODIS_2016":2963.866628033087,"ba_MODIS_2017":24000.344112224273,"ba_MODIS_2018":16510.351439564987,"ba_MODIS_2019":18154.373828124997,"ba_MODIS_2020":12481.780729044163,"ba_MODIS_2021":5040.413095643378,"ba_MODIS_2022":4133.007331249997,"ba_MODIS_2001_Hansen10":2036.7657843352706,"ba_MODIS_2002_Hansen10":972.5778040039075,"ba_MODIS_2003_Hansen10":1753.035702160651,"ba_MODIS_2004_Hansen10":3289.0133504729847,"ba_MODIS_2005_Hansen10":2770.10291964111,"ba_MODIS_2006_Hansen10":3358.1339006592502,"ba_MODIS_2007_Hansen10":793.2484886596708,"ba_MODIS_2008_Hansen10":660.2237663635243,"ba_MODIS_2009_Hansen10":791.2118791137684,"ba_MODIS_2010_Hansen10":296.12366694335975,"ba_MODIS_2011_Hansen10":172.1208809692383,"ba_MODIS_2012_Hansen10":1726.2372549133324,"ba_MODIS_2013_Hansen10":14845.93408937134,"ba_MODIS_2014_Hansen10":2494.1214141296355,"ba_MODIS_2015_Hansen10":13221.461401190321,"ba_MODIS_2016_Hansen10":806.1084304575979,"ba_MODIS_2017_Hansen10":12310.076489209243,"ba_MODIS_2018_Hansen10":7182.005640334031,"ba_MODIS_2019_Hansen10":10541.453681915527,"ba_MODIS_2020_Hansen10":5130.397127964372,"ba_MODIS_2021_Hansen10":893.4429203870365,"ba_MODIS_2022_Hansen10":1125.97783510742}},{"type":"Feature","geometry":{"type":"MultiPoint","coordinates":[]},"properties":{"fa_agreement_esri_esa_glo_hansen10_gte_1":9324756.470265599,"fa_agreement_esri_esa_glo_hansen10_gte_2":7633397.805680234,"fa_agreement_esri_esa_glo_hansen10_gte_3":5875825.257250502,"fa_agreement_esri_esa_glo_hansen10_gte_4":3772192.9107440384,"fa_agreement_esri_esa_gte_1":7797903.896736894,"fa_agreement_esri_esa_gte_2":5065923.344703051,"fa_agreement_hansen10_gte_1":1.016516555402006E7,"fa_agreement_hansen10_gte_2":9402083.321690634,"fa_agreement_hansen10_gte_3":8678052.81733676,"fa_agreement_hansen10_gte_4":7902920.179586737,"fa_agreement_hansen10_gte_5":7027743.563519169,"fa_agreement_hansen10_gte_6":6057100.377789303,"fa_agreement_hansen10_gte_7":4989343.52119047,"fa_agreement_hansen10_gte_8":3773683.2929168344,"fa_agreement_hansen30_gte_9":2243404.3229144616,"fa_agreement_hansen20_gte_1":1.0148805169323422E7,"fa_agreement_hansen20_gte_2":9368335.053184273,"fa_agreement_hansen20_gte_3":8632545.405378984,"fa_agreement_hansen20_gte_4":7847187.327880419,"fa_agreement_hansen20_gte_5":6968059.782488941,"fa_agreement_hansen20_gte_6":6004150.32132271,"fa_agreement_hansen20_gte_7":4949721.986222803,"fa_agreement_hansen20_gte_8":3747941.621286597,"fa_agreement_hansen30_gte_1":1.0517031923144318E7,"fa_agreement_hansen30_gte_2":9340821.159558535,"fa_agreement_hansen30_gte_3":8593754.699048694,"fa_agreement_hansen30_gte_4":7797979.843571856,"fa_agreement_hansen30_gte_5":6913904.17204629,"fa_agreement_hansen30_gte_6":5954569.076695607,"fa_agreement_hansen30_gte_7":4910018.314653132,"fa_agreement_hansen30_gte_8":3719454.7693233197,"fa_copernicus":6217749.461986154,"fa_esa_2009":6311684.188149383,"fa_esa_2020":7350599.092809158,"fa_esri":5513236.241899195,"fa_globeland":6471042.648602079,"fa_hansen10":7255717.43888406,"fa_hansen20":6897394.6455481015,"fa_hansen30":6567276.349286053,"fa_jaxa":9445035.592069764,"fa_tandemx":7370658.417244021,"fa_jrc_2020":6188782.802020844,"fra_1a_forestArea":6359.259765625,"fra_1a_landArea":11189.0,"fra_3b_protected":2054.469970703125,"iso3":"HND","total_area_ha":1.131143763846067E7,"year":2020,"fa_copernicus_protected":1061737.8056465532,"fa_esa_2009_protected":1109046.7564255872,"fa_esa_2020_protected":1140507.899660262,"fa_esri_protected":1038880.4319754248,"fa_globeland_protected":983497.1210604798,"fa_hansen10_protected":1059172.999092451,"fa_hansen20_protected":1046788.8755459907,"fa_hansen30_protected":1038088.4448661978,"fa_jaxa_protected":1203424.6081964928,"fa_tandemx_protected":1097073.8673679263,"fa_jrc_2020_protected":987547.3090791946,"ba_MODIS_2001":63959.60177759173,"ba_MODIS_2002":109298.97274703486,"ba_MODIS_2003":694610.9583913008,"ba_MODIS_2004":58987.35179534958,"ba_MODIS_2005":573575.1251177834,"ba_MODIS_2006":249325.31766225264,"ba_MODIS_2007":166524.27714671928,"ba_MODIS_2008":209857.7937413644,"ba_MODIS_2009":247872.3872893158,"ba_MODIS_2010":170501.0508252068,"ba_MODIS_2011":438055.6239850829,"ba_MODIS_2012":69241.17822245714,"ba_MODIS_2013":270156.08307956986,"ba_MODIS_2014":356839.66249252966,"ba_MODIS_2015":164937.18254103605,"ba_MODIS_2016":276461.71708417084,"ba_MODIS_2017":133152.45330772735,"ba_MODIS_2018":324200.47723711765,"ba_MODIS_2019":301604.9182366991,"ba_MODIS_2020":747188.4077310052,"ba_MODIS_2021":108377.51778920829,"ba_MODIS_2022":13865.579979178932,"ba_MODIS_2001_Hansen10":34504.7108553527,"ba_MODIS_2002_Hansen10":71024.71977997676,"ba_MODIS_2003_Hansen10":494909.4252621068,"ba_MODIS_2004_Hansen10":18727.448322556877,"ba_MODIS_2005_Hansen10":366826.65611602314,"ba_MODIS_2006_Hansen10":141196.70710152996,"ba_MODIS_2007_Hansen10":94693.09295678472,"ba_MODIS_2008_Hansen10":124449.6986986019,"ba_MODIS_2009_Hansen10":156097.1220358316,"ba_MODIS_2010_Hansen10":77928.17134876885,"ba_MODIS_2011_Hansen10":307147.9232412044,"ba_MODIS_2012_Hansen10":22870.798744585412,"ba_MODIS_2013_Hansen10":148040.56240102978,"ba_MODIS_2014_Hansen10":186270.99037455645,"ba_MODIS_2015_Hansen10":104443.08313165307,"ba_MODIS_2016_Hansen10":148616.18450093866,"ba_MODIS_2017_Hansen10":67696.41981586945,"ba_MODIS_2018_Hansen10":177890.845275918,"ba_MODIS_2019_Hansen10":171418.22400370997,"ba_MODIS_2020_Hansen10":446516.3232178067,"ba_MODIS_2021_Hansen10":47763.2573017181,"ba_MODIS_2022_Hansen10":2637.697727364475}},{"type":"Feature","geometry":{"type":"MultiPoint","coordinates":[]},"properties":{"fa_agreement_esri_esa_glo_hansen10_gte_1":2.546758253473525E7,"fa_agreement_esri_esa_glo_hansen10_gte_2":1.9700222367311355E7,"fa_agreement_esri_esa_glo_hansen10_gte_3":1.5662737808021128E7,"fa_agreement_esri_esa_glo_hansen10_gte_4":9108414.85009835,"fa_agreement_esri_esa_gte_1":2.1326525772550732E7,"fa_agreement_esri_esa_gte_2":1.3596098086662143E7,"fa_agreement_hansen10_gte_1":3.012097237618629E7,"fa_agreement_hansen10_gte_2":2.4633826316814248E7,"fa_agreement_hansen10_gte_3":2.0966301201283783E7,"fa_agreement_hansen10_gte_4":1.8512683665808942E7,"fa_agreement_hansen10_gte_5":1.6238772502671484E7,"fa_agreement_hansen10_gte_6":1.36263419103721E7,"fa_agreement_hansen10_gte_7":1.0016519727343915E7,"fa_agreement_hansen10_gte_8":5778416.039444492,"fa_agreement_hansen30_gte_9":2131448.3945825393,"fa_agreement_hansen20_gte_1":2.986290198419446E7,"fa_agreement_hansen20_gte_2":2.4440747740336616E7,"fa_agreement_hansen20_gte_3":2.083004778679873E7,"fa_agreement_hansen20_gte_4":1.8384083729554474E7,"fa_agreement_hansen20_gte_5":1.6127403879236327E7,"fa_agreement_hansen20_gte_6":1.3554073642493784E7,"fa_agreement_hansen20_gte_7":9989724.552087042,"fa_agreement_hansen20_gte_8":5773545.393263522,"fa_agreement_hansen30_gte_1":3.0007106278117456E7,"fa_agreement_hansen30_gte_2":2.4186212128579065E7,"fa_agreement_hansen30_gte_3":2.0627413898667373E7,"fa_agreement_hansen30_gte_4":1.8161526096522093E7,"fa_agreement_hansen30_gte_5":1.590471205845428E7,"fa_agreement_hansen30_gte_6":1.3391211582819259E7,"fa_agreement_hansen30_gte_7":9915717.862671284,"fa_agreement_hansen30_gte_8":5757952.448707955,"fa_copernicus":6996503.411774625,"fa_esa_2009":2.2526354129430227E7,"fa_esa_2020":1.6473894418755393E7,"fa_esri":1.8448780689527735E7,"fa_globeland":1.4394729354317002E7,"fa_hansen10":2.060845242942994E7,"fa_hansen20":1.9638366400850594E7,"fa_hansen30":1.813107609274895E7,"fa_jaxa":9723000.905152526,"fa_tandemx":1.5395906221251981E7,"fa_jrc_2020":1.9471039900277227E7,"fra_1a_forestArea":16102.259765625,"fra_1a_landArea":39730.0,"fra_3b_protected":null,"iso3":"PRY","total_area_ha":4.0018739969996914E7,"year":2020,"fa_copernicus_protected":1484947.4661119091,"fa_esa_2009_protected":4549868.724308875,"fa_esa_2020_protected":2639570.5417287005,"fa_esri_protected":4537015.5911978055,"fa_globeland_protected":3916574.928073662,"fa_hansen10_protected":4492606.597633488,"fa_hansen20_protected":4433709.254980518,"fa_hansen30_protected":4315313.8516880935,"fa_jaxa_protected":3478291.451419664,"fa_tandemx_protected":3168150.0806135545,"fa_jrc_2020_protected":4601964.918066035,"ba_MODIS_2001":2548310.5055590635,"ba_MODIS_2002":3161292.867373078,"ba_MODIS_2003":3265754.95016582,"ba_MODIS_2004":1842746.2467478204,"ba_MODIS_2005":2891715.478925898,"ba_MODIS_2006":2470237.848085416,"ba_MODIS_2007":3795488.5789435958,"ba_MODIS_2008":2117061.015370052,"ba_MODIS_2009":1521950.1473056076,"ba_MODIS_2010":1550323.4503632637,"ba_MODIS_2011":1928359.1662587796,"ba_MODIS_2012":1605350.862127412,"ba_MODIS_2013":2279700.0365889627,"ba_MODIS_2014":1287562.5495572153,"ba_MODIS_2015":1161788.2241500171,"ba_MODIS_2016":1728875.5040425987,"ba_MODIS_2017":3289222.8542046105,"ba_MODIS_2018":1609981.831218051,"ba_MODIS_2019":2442632.1484179497,"ba_MODIS_2020":3542596.7667462872,"ba_MODIS_2021":2584934.2862877683,"ba_MODIS_2022":1028281.9212305773,"ba_MODIS_2001_Hansen10":1306752.3279917664,"ba_MODIS_2002_Hansen10":1735591.3686928267,"ba_MODIS_2003_Hansen10":1489392.9583553602,"ba_MODIS_2004_Hansen10":811610.145427407,"ba_MODIS_2005_Hansen10":1418027.380201701,"ba_MODIS_2006_Hansen10":1228609.7008703046,"ba_MODIS_2007_Hansen10":1989012.9887279498,"ba_MODIS_2008_Hansen10":926137.4609856727,"ba_MODIS_2009_Hansen10":701491.6505491817,"ba_MODIS_2010_Hansen10":680357.0978590383,"ba_MODIS_2011_Hansen10":892784.130720623,"ba_MODIS_2012_Hansen10":676096.4534955743,"ba_MODIS_2013_Hansen10":870670.7081746106,"ba_MODIS_2014_Hansen10":468696.2616070778,"ba_MODIS_2015_Hansen10":425453.6976182442,"ba_MODIS_2016_Hansen10":726617.5628210905,"ba_MODIS_2017_Hansen10":1549483.831311163,"ba_MODIS_2018_Hansen10":631490.6619100064,"ba_MODIS_2019_Hansen10":1076768.0475989815,"ba_MODIS_2020_Hansen10":1630229.494385971,"ba_MODIS_2021_Hansen10":1212881.066345655,"ba_MODIS_2022_Hansen10":400151.00303786434}},{"type":"Feature","geometry":{"type":"MultiPoint","coordinates":[]},"properties":{"fa_agreement_esri_esa_glo_hansen10_gte_1":459319.09446280036,"fa_agreement_esri_esa_glo_hansen10_gte_2":404337.9718168019,"fa_agreement_esri_esa_glo_hansen10_gte_3":367199.9997974484,"fa_agreement_esri_esa_glo_hansen10_gte_4":321518.1517096686,"fa_agreement_esri_esa_gte_1":399076.8530519838,"fa_agreement_esri_esa_gte_2":344030.63899351534,"fa_agreement_hansen10_gte_1":464062.4154030214,"fa_agreement_hansen10_gte_2":427499.7651459887,"fa_agreement_hansen10_gte_3":401843.4775649736,"fa_agreement_hansen10_gte_4":383675.2332911019,"fa_agreement_hansen10_gte_5":366690.0635808586,"fa_agreement_hansen10_gte_6":348242.8291399952,"fa_agreement_hansen10_gte_7":325450.105706794,"fa_agreement_hansen10_gte_8":291552.94035726564,"fa_agreement_hansen30_gte_9":217515.59423403424,"fa_agreement_hansen20_gte_1":463707.00335818506,"fa_agreement_hansen20_gte_2":426679.7605301391,"fa_agreement_hansen20_gte_3":400981.1842623764,"fa_agreement_hansen20_gte_4":382942.05531680677,"fa_agreement_hansen20_gte_5":366071.4573837523,"fa_agreement_hansen20_gte_6":347700.9400522652,"fa_agreement_hansen20_gte_7":325018.26344398316,"fa_agreement_hansen20_gte_8":291279.36116371,"fa_agreement_hansen30_gte_1":476048.5495299455,"fa_agreement_hansen30_gte_2":426146.87267100916,"fa_agreement_hansen30_gte_3":400346.0334082807,"fa_agreement_hansen30_gte_4":382370.113568833,"fa_agreement_hansen30_gte_5":365548.52101804956,"fa_agreement_hansen30_gte_6":347235.4984268801,"fa_agreement_hansen30_gte_7":324659.6441768414,"fa_agreement_hansen30_gte_8":291059.2810046447,"fa_copernicus":304944.3220741803,"fa_esa_2009":362607.4928413798,"fa_esa_2020":381660.03907130094,"fa_esri":361440.87316158426,"fa_globeland":437274.7834084888,"fa_hansen10":371652.7943099989,"fa_hansen20":366606.9994280634,"fa_hansen30":362767.23617683956,"fa_jaxa":349948.72250348097,"fa_tandemx":379331.58790959243,"fa_jrc_2020":341823.50013377337,"fra_1a_forestArea":228.19000244140625,"fra_1a_landArea":513.0,"fra_3b_protected":19.5,"iso3":"TTO","total_area_ha":520212.97717484046,"year":2020,"fa_copernicus_protected":130335.09282912312,"fa_esa_2009_protected":130923.88829632016,"fa_esa_2020_protected":141414.48667549522,"fa_esri_protected":137212.8928108723,"fa_globeland_protected":143539.08345052262,"fa_hansen10_protected":136290.41604894845,"fa_hansen20_protected":135963.72308130903,"fa_hansen30_protected":135661.54657897394,"fa_jaxa_protected":134975.69475685878,"fa_tandemx_protected":140180.64657525596,"fa_jrc_2020_protected":134563.64922407942,"ba_MODIS_2001":2460.194517144606,"ba_MODIS_2002":0.0,"ba_MODIS_2003":2311.565852812499,"ba_MODIS_2004":488.8227515624999,"ba_MODIS_2005":1554.3820695833335,"ba_MODIS_2006":1441.825051562499,"ba_MODIS_2007":1784.0913874999987,"ba_MODIS_2008":683.8472125,"ba_MODIS_2009":693.5876557475489,"ba_MODIS_2010":6209.357628125006,"ba_MODIS_2011":0.0,"ba_MODIS_2012":39.084535625,"ba_MODIS_2013":1392.795440624999,"ba_MODIS_2014":1514.9878781250004,"ba_MODIS_2015":1267.8828284926467,"ba_MODIS_2016":4088.174881452203,"ba_MODIS_2017":1173.869415625,"ba_MODIS_2018":195.495203125,"ba_MODIS_2019":635.7142218749999,"ba_MODIS_2020":1221.7097578125006,"ba_MODIS_2021":171.3047806617647,"ba_MODIS_2022":0.0,"ba_MODIS_2001_Hansen10":244.98288372884016,"ba_MODIS_2002_Hansen10":0.0,"ba_MODIS_2003_Hansen10":829.78987677184,"ba_MODIS_2004_Hansen10":57.362215307617426,"ba_MODIS_2005_Hansen10":222.5630631927366,"ba_MODIS_2006_Hansen10":178.61568491210832,"ba_MODIS_2007_Hansen10":675.527981964108,"ba_MODIS_2008_Hansen10":74.74900007324217,"ba_MODIS_2009_Hansen10":182.56414855956945,"ba_MODIS_2010_Hansen10":3588.712572766076,"ba_MODIS_2011_Hansen10":0.0,"ba_MODIS_2012_Hansen10":4.74767433043237,"ba_MODIS_2013_Hansen10":214.68948594360305,"ba_MODIS_2014_Hansen10":429.9776722106938,"ba_MODIS_2015_Hansen10":260.1029737270456,"ba_MODIS_2016_Hansen10":1820.631768078597,"ba_MODIS_2017_Hansen10":447.0549414123545,"ba_MODIS_2018_Hansen10":15.747124023437491,"ba_MODIS_2019_Hansen10":275.26343378906216,"ba_MODIS_2020_Hansen10":209.92558875732394,"ba_MODIS_2021_Hansen10":1.7590294128417971,"ba_MODIS_2022_Hansen10":0.0}},{"type":"Feature","geometry":{"type":"MultiPoint","coordinates":[]},"properties":{"fa_agreement_esri_esa_glo_hansen10_gte_1":1798600.2851536006,"fa_agreement_esri_esa_glo_hansen10_gte_2":1608826.2142946022,"fa_agreement_esri_esa_glo_hansen10_gte_3":1480312.6873245868,"fa_agreement_esri_esa_glo_hansen10_gte_4":1260453.0776765626,"fa_agreement_esri_esa_gte_1":1670071.3716603157,"fa_agreement_esri_esa_gte_2":1502402.5072456892,"fa_agreement_hansen10_gte_1":2017548.0495192367,"fa_agreement_hansen10_gte_2":1834379.4123794194,"fa_agreement_hansen10_gte_3":1700608.4487299505,"fa_agreement_hansen10_gte_4":1606290.0974291835,"fa_agreement_hansen10_gte_5":1528267.847836155,"fa_agreement_hansen10_gte_6":1451689.7215232565,"fa_agreement_hansen10_gte_7":1360335.8176934458,"fa_agreement_hansen10_gte_8":1226537.3292682415,"fa_agreement_hansen30_gte_9":875143.5491019173,"fa_agreement_hansen20_gte_1":2015893.5867466836,"fa_agreement_hansen20_gte_2":1830505.74782374,"fa_agreement_hansen20_gte_3":1697787.2349361228,"fa_agreement_hansen20_gte_4":1604662.5198883086,"fa_agreement_hansen20_gte_5":1527010.6810442992,"fa_agreement_hansen20_gte_6":1450743.1181747755,"fa_agreement_hansen20_gte_7":1359658.843229889,"fa_agreement_hansen20_gte_8":1226189.981826761,"fa_agreement_hansen30_gte_1":2049960.5251539105,"fa_agreement_hansen30_gte_2":1826983.6469202016,"fa_agreement_hansen30_gte_3":1695037.233671781,"fa_agreement_hansen30_gte_4":1602964.0573761365,"fa_agreement_hansen30_gte_5":1525725.7454803544,"fa_agreement_hansen30_gte_6":1449849.7278086022,"fa_agreement_hansen30_gte_7":1359111.441921396,"fa_agreement_hansen30_gte_8":1225921.5364982279,"fa_copernicus":1383503.4376455103,"fa_esa_2009":1762675.420652003,"fa_esa_2020":1617040.1833986246,"fa_esri":1555404.715084988,"fa_globeland":1447279.048919559,"fa_hansen10":1527529.0863763662,"fa_hansen20":1513502.782323139,"fa_hansen30":1500418.5972610516,"fa_jaxa":1749606.0713847363,"fa_tandemx":1223456.547602401,"fa_jrc_2020":1499125.1440401499,"fra_1a_forestArea":1277.050048828125,"fra_1a_landArea":2281.0,"fra_3b_protected":757.22998046875,"iso3":"BLZ","total_area_ha":2222457.502374004,"year":2020,"fa_copernicus_protected":354576.41603711696,"fa_esa_2009_protected":344673.65578023315,"fa_esa_2020_protected":381907.18044615426,"fa_esri_protected":375318.0606160974,"fa_globeland_protected":356363.88471170247,"fa_hansen10_protected":377328.1734218392,"fa_hansen20_protected":376451.6814791019,"fa_hansen30_protected":375693.8721045796,"fa_jaxa_protected":390014.93784883193,"fa_tandemx_protected":325731.47515419463,"fa_jrc_2020_protected":377019.0885138324,"ba_MODIS_2001":15557.11240468748,"ba_MODIS_2002":26558.970608333362,"ba_MODIS_2003":85624.97787860323,"ba_MODIS_2004":6995.859005998777,"ba_MODIS_2005":42750.90892707708,"ba_MODIS_2006":14115.594601182616,"ba_MODIS_2007":57732.008309938814,"ba_MODIS_2008":35292.72823296584,"ba_MODIS_2009":14793.96723890933,"ba_MODIS_2010":31736.521683100564,"ba_MODIS_2011":112730.82323561214,"ba_MODIS_2012":5927.420279840689,"ba_MODIS_2013":71024.13705091283,"ba_MODIS_2014":13985.157277696104,"ba_MODIS_2015":31697.899272690025,"ba_MODIS_2016":30676.909744859026,"ba_MODIS_2017":35597.01419504877,"ba_MODIS_2018":20101.70299213232,"ba_MODIS_2019":48453.936698670106,"ba_MODIS_2020":57999.42775689921,"ba_MODIS_2021":21296.681546948545,"ba_MODIS_2022":919.0968700551467,"ba_MODIS_2001_Hansen10":9376.517507024104,"ba_MODIS_2002_Hansen10":13636.007475285689,"ba_MODIS_2003_Hansen10":53629.52017181833,"ba_MODIS_2004_Hansen10":1591.8528010476991,"ba_MODIS_2005_Hansen10":20619.798072022222,"ba_MODIS_2006_Hansen10":5659.8694191588065,"ba_MODIS_2007_Hansen10":26472.01599029592,"ba_MODIS_2008_Hansen10":16432.996721093627,"ba_MODIS_2009_Hansen10":6204.131289258637,"ba_MODIS_2010_Hansen10":12855.975416030471,"ba_MODIS_2011_Hansen10":67176.0879462196,"ba_MODIS_2012_Hansen10":2605.3076668817293,"ba_MODIS_2013_Hansen10":31758.691590820366,"ba_MODIS_2014_Hansen10":4272.819950663408,"ba_MODIS_2015_Hansen10":13305.47260143391,"ba_MODIS_2016_Hansen10":11648.143345125729,"ba_MODIS_2017_Hansen10":16578.75188008096,"ba_MODIS_2018_Hansen10":7354.706496002903,"ba_MODIS_2019_Hansen10":17803.53687080101,"ba_MODIS_2020_Hansen10":24045.467795244884,"ba_MODIS_2021_Hansen10":7082.44070378226,"ba_MODIS_2022_Hansen10":154.9690102735572}},{"type":"Feature","geometry":{"type":"MultiPoint","coordinates":[]},"properties":{"fa_agreement_esri_esa_glo_hansen10_gte_1":6756112.8846252365,"fa_agreement_esri_esa_glo_hansen10_gte_2":5196121.379881944,"fa_agreement_esri_esa_glo_hansen10_gte_3":3925868.8402593154,"fa_agreement_esri_esa_glo_hansen10_gte_4":2567140.137923798,"fa_agreement_esri_esa_gte_1":5817275.501444368,"fa_agreement_esri_esa_gte_2":3878230.0365768652,"fa_agreement_hansen10_gte_1":8003236.095047303,"fa_agreement_hansen10_gte_2":6529080.75315511,"fa_agreement_hansen10_gte_3":5660844.70713837,"fa_agreement_hansen10_gte_4":4900982.894516614,"fa_agreement_hansen10_gte_5":4169115.63797421,"fa_agreement_hansen10_gte_6":3451671.2102717184,"fa_agreement_hansen10_gte_7":2699618.534200701,"fa_agreement_hansen10_gte_8":1775269.9083256535,"fa_agreement_hansen30_gte_9":706245.4925126584,"fa_agreement_hansen20_gte_1":7986127.170808577,"fa_agreement_hansen20_gte_2":6508555.431194583,"fa_agreement_hansen20_gte_3":5633936.017510049,"fa_agreement_hansen20_gte_4":4868803.107150417,"fa_agreement_hansen20_gte_5":4137197.954472898,"fa_agreement_hansen20_gte_6":3424071.3159428122,"fa_agreement_hansen20_gte_7":2678940.8369497946,"fa_agreement_hansen20_gte_8":1764180.7671342285,"fa_agreement_hansen30_gte_1":8009533.003251345,"fa_agreement_hansen30_gte_2":6492177.537439929,"fa_agreement_hansen30_gte_3":5613069.401281126,"fa_agreement_hansen30_gte_4":4843609.931760825,"fa_agreement_hansen30_gte_5":4109592.1808188288,"fa_agreement_hansen30_gte_6":3399274.2849870604,"fa_agreement_hansen30_gte_7":2660290.4387247404,"fa_agreement_hansen30_gte_8":1754359.8019782638,"fa_copernicus":3014104.0488466863,"fa_esa_2009":3267685.735948058,"fa_esa_2020":5216251.214908276,"fa_esri":4479275.527370303,"fa_globeland":4529242.974757049,"fa_hansen10":4213584.599503083,"fa_hansen20":4015223.2166704875,"fa_hansen30":3850467.332916447,"fa_jaxa":6131359.640751645,"fa_tandemx":2144684.632877337,"fa_jrc_2020":5589231.117241063,"fra_1a_forestArea":3242.0,"fra_1a_landArea":10402.0,"fra_3b_protected":648.0,"iso3":"CUB","total_area_ha":1.1107915459155086E7,"year":2020,"fa_copernicus_protected":491563.9273224076,"fa_esa_2009_protected":698703.9556429799,"fa_esa_2020_protected":788019.0024596303,"fa_esri_protected":708787.8326892868,"fa_globeland_protected":634275.2095025947,"fa_hansen10_protected":672515.5291019967,"fa_hansen20_protected":648830.5457065894,"fa_hansen30_protected":638538.3279913749,"fa_jaxa_protected":903258.602319988,"fa_tandemx_protected":339643.2302433752,"fa_jrc_2020_protected":758050.2287369305,"ba_MODIS_2001":134817.02870975964,"ba_MODIS_2002":132810.02859218704,"ba_MODIS_2003":162434.76389195988,"ba_MODIS_2004":503777.89480312495,"ba_MODIS_2005":321517.5162400884,"ba_MODIS_2006":328033.6606543526,"ba_MODIS_2007":222513.15397084557,"ba_MODIS_2008":185946.6755711092,"ba_MODIS_2009":340853.0311547933,"ba_MODIS_2010":161168.4796293635,"ba_MODIS_2011":269510.17330743495,"ba_MODIS_2012":144769.0399244915,"ba_MODIS_2013":147931.94816360934,"ba_MODIS_2014":105361.79941093767,"ba_MODIS_2015":188885.73660466247,"ba_MODIS_2016":97576.2805502695,"ba_MODIS_2017":177192.56371086312,"ba_MODIS_2018":74720.49370430158,"ba_MODIS_2019":77445.95386101678,"ba_MODIS_2020":296347.5989365961,"ba_MODIS_2021":167839.69779357943,"ba_MODIS_2022":41048.58452503672,"ba_MODIS_2001_Hansen10":29855.007511309825,"ba_MODIS_2002_Hansen10":30003.594210430707,"ba_MODIS_2003_Hansen10":19900.968131013877,"ba_MODIS_2004_Hansen10":75616.58820132127,"ba_MODIS_2005_Hansen10":55237.877329085575,"ba_MODIS_2006_Hansen10":50227.3025090769,"ba_MODIS_2007_Hansen10":29982.25143501363,"ba_MODIS_2008_Hansen10":22224.94369044964,"ba_MODIS_2009_Hansen10":59240.49780556783,"ba_MODIS_2010_Hansen10":16985.638870833453,"ba_MODIS_2011_Hansen10":45725.315716537036,"ba_MODIS_2012_Hansen10":17006.383160542093,"ba_MODIS_2013_Hansen10":23410.34662357926,"ba_MODIS_2014_Hansen10":13783.885897595232,"ba_MODIS_2015_Hansen10":41389.47769098376,"ba_MODIS_2016_Hansen10":12902.661648233943,"ba_MODIS_2017_Hansen10":30007.55785175531,"ba_MODIS_2018_Hansen10":10449.663123430128,"ba_MODIS_2019_Hansen10":9516.536414567996,"ba_MODIS_2020_Hansen10":63972.613134984524,"ba_MODIS_2021_Hansen10":24793.700491797747,"ba_MODIS_2022_Hansen10":4390.78114376835}},{"type":"Feature","geometry":{"type":"MultiPoint","coordinates":[]},"properties":{"fa_agreement_esri_esa_glo_hansen10_gte_1":2.1207999289057482E7,"fa_agreement_esri_esa_glo_hansen10_gte_2":1.8859981255502168E7,"fa_agreement_esri_esa_glo_hansen10_gte_3":1.6541776114841945E7,"fa_agreement_esri_esa_glo_hansen10_gte_4":1.2893984489362005E7,"fa_agreement_esri_esa_gte_1":1.876884063194956E7,"fa_agreement_esri_esa_gte_2":1.5088536975687373E7,"fa_agreement_hansen10_gte_1":2.2365107749554083E7,"fa_agreement_hansen10_gte_2":2.0649712886182778E7,"fa_agreement_hansen10_gte_3":1.948217188536349E7,"fa_agreement_hansen10_gte_4":1.8406390582759734E7,"fa_agreement_hansen10_gte_5":1.7247692302853942E7,"fa_agreement_hansen10_gte_6":1.5932303849193862E7,"fa_agreement_hansen10_gte_7":1.4365461832253251E7,"fa_agreement_hansen10_gte_8":1.2344322944928527E7,"fa_agreement_hansen30_gte_9":9152660.469055865,"fa_agreement_hansen20_gte_1":2.229992996245922E7,"fa_agreement_hansen20_gte_2":2.0579565986060712E7,"fa_agreement_hansen20_gte_3":1.9420241351679705E7,"fa_agreement_hansen20_gte_4":1.835119780037697E7,"fa_agreement_hansen20_gte_5":1.7200885670901235E7,"fa_agreement_hansen20_gte_6":1.5895715009986814E7,"fa_agreement_hansen20_gte_7":1.434257592132599E7,"fa_agreement_hansen20_gte_8":1.2333007159378795E7,"fa_agreement_hansen30_gte_1":2.254324316290227E7,"fa_agreement_hansen30_gte_2":2.0528546652505245E7,"fa_agreement_hansen30_gte_3":1.936962506004308E7,"fa_agreement_hansen30_gte_4":1.8304612546283208E7,"fa_agreement_hansen30_gte_5":1.716150467569721E7,"fa_agreement_hansen30_gte_6":1.5864146335917542E7,"fa_agreement_hansen30_gte_7":1.4322981215392314E7,"fa_agreement_hansen30_gte_8":1.2323372616557196E7,"fa_copernicus":1.6249990315661393E7,"fa_esa_2009":1.5192725730530173E7,"fa_esa_2020":1.7713306476785943E7,"fa_esri":1.6144150845896745E7,"fa_globeland":1.690275051306846E7,"fa_hansen10":1.8983020326353353E7,"fa_hansen20":1.8585022282809086E7,"fa_hansen30":1.8272004220205896E7,"fa_jaxa":1.6244930371778782E7,"fa_tandemx":1.6303171418051032E7,"fa_jrc_2020":1.827030950665362E7,"fra_1a_forestArea":12497.830078125,"fra_1a_landArea":24836.0,"fra_3b_protected":3258.669921875,"iso3":"ECU","total_area_ha":2.57656921290793E7,"year":2020,"fa_copernicus_protected":3606058.7681710077,"fa_esa_2009_protected":3709869.5083877016,"fa_esa_2020_protected":4161459.888020806,"fa_esri_protected":4026544.1228781515,"fa_globeland_protected":4271609.238133557,"fa_hansen10_protected":4291264.007991135,"fa_hansen20_protected":4247199.9147920115,"fa_hansen30_protected":4217219.4730303,"fa_jaxa_protected":4173604.957116932,"fa_tandemx_protected":3846120.970560804,"fa_jrc_2020_protected":4444684.414593727,"ba_MODIS_2001":20667.924934374994,"ba_MODIS_2002":6040.523721213236,"ba_MODIS_2003":18304.780768498746,"ba_MODIS_2004":23901.362746188708,"ba_MODIS_2005":49414.53927000613,"ba_MODIS_2006":23011.40553107845,"ba_MODIS_2007":29218.679111072302,"ba_MODIS_2008":3381.8071331985284,"ba_MODIS_2009":41141.90640841302,"ba_MODIS_2010":10401.552323290447,"ba_MODIS_2011":59289.897762316104,"ba_MODIS_2012":47985.18209662995,"ba_MODIS_2013":30058.607434779315,"ba_MODIS_2014":11911.704716819859,"ba_MODIS_2015":26296.19588388486,"ba_MODIS_2016":82147.23925605399,"ba_MODIS_2017":18554.094620508542,"ba_MODIS_2018":26281.35519071075,"ba_MODIS_2019":63094.46849599249,"ba_MODIS_2020":43143.68069836999,"ba_MODIS_2021":36312.90073766552,"ba_MODIS_2022":38903.87149026345,"ba_MODIS_2001_Hansen10":12850.820563769494,"ba_MODIS_2002_Hansen10":3369.4517112967455,"ba_MODIS_2003_Hansen10":9780.247098213042,"ba_MODIS_2004_Hansen10":11310.284822301384,"ba_MODIS_2005_Hansen10":28710.71868837472,"ba_MODIS_2006_Hansen10":10462.244947393005,"ba_MODIS_2007_Hansen10":17414.596162962433,"ba_MODIS_2008_Hansen10":1885.0375934265137,"ba_MODIS_2009_Hansen10":18059.27170756899,"ba_MODIS_2010_Hansen10":5094.662140021523,"ba_MODIS_2011_Hansen10":27611.580146540196,"ba_MODIS_2012_Hansen10":26659.263467949408,"ba_MODIS_2013_Hansen10":14438.21481028962,"ba_MODIS_2014_Hansen10":8082.533543437932,"ba_MODIS_2015_Hansen10":14428.233126624478,"ba_MODIS_2016_Hansen10":41030.65855751619,"ba_MODIS_2017_Hansen10":9709.035805979402,"ba_MODIS_2018_Hansen10":13556.548223305772,"ba_MODIS_2019_Hansen10":33401.141054656655,"ba_MODIS_2020_Hansen10":23255.420352309007,"ba_MODIS_2021_Hansen10":18903.234451244887,"ba_MODIS_2022_Hansen10":21015.431181745287}},{"type":"Feature","geometry":{"type":"MultiPoint","coordinates":[]},"properties":{"fa_agreement_esri_esa_glo_hansen10_gte_1":8.865748535326876E7,"fa_agreement_esri_esa_glo_hansen10_gte_2":7.9854939473583E7,"fa_agreement_esri_esa_glo_hansen10_gte_3":7.303137549274108E7,"fa_agreement_esri_esa_glo_hansen10_gte_4":6.00659949812917E7,"fa_agreement_esri_esa_gte_1":7.990613434532654E7,"fa_agreement_esri_esa_gte_2":6.951867526260526E7,"fa_agreement_hansen10_gte_1":9.447208284307106E7,"fa_agreement_hansen10_gte_2":8.716111888196763E7,"fa_agreement_hansen10_gte_3":8.249447318341695E7,"fa_agreement_hansen10_gte_4":7.858913795807141E7,"fa_agreement_hansen10_gte_5":7.491487108684608E7,"fa_agreement_hansen10_gte_6":7.094341170124254E7,"fa_agreement_hansen10_gte_7":6.600488513083111E7,"fa_agreement_hansen10_gte_8":5.877654929606017E7,"fa_agreement_hansen30_gte_9":4.498427109749818E7,"fa_agreement_hansen20_gte_1":9.425981366711317E7,"fa_agreement_hansen20_gte_2":8.687112946328273E7,"fa_agreement_hansen20_gte_3":8.224230706705125E7,"fa_agreement_hansen20_gte_4":7.838675991486819E7,"fa_agreement_hansen20_gte_5":7.475384290394557E7,"fa_agreement_hansen20_gte_6":7.082004345131376E7,"fa_agreement_hansen20_gte_7":6.591938984472895E7,"fa_agreement_hansen20_gte_8":5.872737437666873E7,"fa_agreement_hansen30_gte_1":9.49067126123196E7,"fa_agreement_hansen30_gte_2":8.666597332263134E7,"fa_agreement_hansen30_gte_3":8.20617506552697E7,"fa_agreement_hansen30_gte_4":7.823812865631585E7,"fa_agreement_hansen30_gte_5":7.46311731574471E7,"fa_agreement_hansen30_gte_6":7.072324701266445E7,"fa_agreement_hansen30_gte_7":6.585163196312991E7,"fa_agreement_hansen30_gte_8":5.868912462474176E7,"fa_copernicus":7.338144901257525E7,"fa_esa_2009":7.436681260241705E7,"fa_esa_2020":7.659551633799848E7,"fa_esri":7.282916271480808E7,"fa_globeland":7.240422447195108E7,"fa_hansen10":8.014856020860377E7,"fa_hansen20":7.866184700223075E7,"fa_hansen30":7.757050260650113E7,"fa_jaxa":6.952795452289549E7,"fa_tandemx":6.750881003948072E7,"fa_jrc_2020":7.876705808971772E7,"fra_1a_forestArea":59141.91015625,"fra_1a_landArea":110950.0,"fra_3b_protected":12445.3095703125,"iso3":"COL","total_area_ha":1.143119818675648E8,"year":2020,"fa_copernicus_protected":1.2890882105097301E7,"fa_esa_2009_protected":1.3255171086915156E7,"fa_esa_2020_protected":1.365675911333676E7,"fa_esri_protected":1.3235587583693104E7,"fa_globeland_protected":1.3289239514925301E7,"fa_hansen10_protected":1.3855824911744526E7,"fa_hansen20_protected":1.3811303091793101E7,"fa_hansen30_protected":1.3780764868008466E7,"fa_jaxa_protected":1.3146042943034371E7,"fa_tandemx_protected":1.267318622836093E7,"fa_jrc_2020_protected":1.3948333854679992E7,"ba_MODIS_2001":2348581.967090753,"ba_MODIS_2002":1902035.4190539527,"ba_MODIS_2003":3080530.999715249,"ba_MODIS_2004":3860162.9967848817,"ba_MODIS_2005":2049965.6367928172,"ba_MODIS_2006":1589873.783148339,"ba_MODIS_2007":3571799.191750804,"ba_MODIS_2008":2561306.6122905174,"ba_MODIS_2009":1737431.5347966766,"ba_MODIS_2010":1805508.026564712,"ba_MODIS_2011":1451515.2416785378,"ba_MODIS_2012":1395928.6546255092,"ba_MODIS_2013":1675562.4167037979,"ba_MODIS_2014":2395188.3380326997,"ba_MODIS_2015":1377140.2430127913,"ba_MODIS_2016":1935622.8439611543,"ba_MODIS_2017":1271948.986233113,"ba_MODIS_2018":2428871.9584741825,"ba_MODIS_2019":1623279.4808852384,"ba_MODIS_2020":2294371.6884439257,"ba_MODIS_2021":1236881.4805819097,"ba_MODIS_2022":1589127.5340404306,"ba_MODIS_2001_Hansen10":315241.08987297356,"ba_MODIS_2002_Hansen10":218143.01345561037,"ba_MODIS_2003_Hansen10":500657.4076234079,"ba_MODIS_2004_Hansen10":684659.5408016435,"ba_MODIS_2005_Hansen10":237020.39867876205,"ba_MODIS_2006_Hansen10":206860.4327002199,"ba_MODIS_2007_Hansen10":654176.9704930541,"ba_MODIS_2008_Hansen10":291342.6986027794,"ba_MODIS_2009_Hansen10":206359.78955413628,"ba_MODIS_2010_Hansen10":182123.44209016592,"ba_MODIS_2011_Hansen10":158526.46981793793,"ba_MODIS_2012_Hansen10":178204.21616428686,"ba_MODIS_2013_Hansen10":173628.13097965912,"ba_MODIS_2014_Hansen10":316004.57301798224,"ba_MODIS_2015_Hansen10":219739.4207305833,"ba_MODIS_2016_Hansen10":290641.92896805576,"ba_MODIS_2017_Hansen10":122138.91725459392,"ba_MODIS_2018_Hansen10":416190.5134115018,"ba_MODIS_2019_Hansen10":211361.85839210055,"ba_MODIS_2020_Hansen10":256871.7319632815,"ba_MODIS_2021_Hansen10":129751.09250785394,"ba_MODIS_2022_Hansen10":202985.7525042119}},{"type":"Feature","geometry":{"type":"MultiPoint","coordinates":[]},"properties":{"fa_agreement_esri_esa_glo_hansen10_gte_1":109292.37691354385,"fa_agreement_esri_esa_glo_hansen10_gte_2":2488.968121586145,"fa_agreement_esri_esa_glo_hansen10_gte_3":119.98984372558564,"fa_agreement_esri_esa_glo_hansen10_gte_4":0.0,"fa_agreement_esri_esa_gte_1":24288.107604510184,"fa_agreement_esri_esa_gte_2":855.5202336965485,"fa_agreement_hansen10_gte_1":216496.0588067055,"fa_agreement_hansen10_gte_2":6383.459221037653,"fa_agreement_hansen10_gte_3":858.2607836217061,"fa_agreement_hansen10_gte_4":64.35101946911381,"fa_agreement_hansen10_gte_5":2.080360017951517,"fa_agreement_hansen10_gte_6":0.0,"fa_agreement_hansen10_gte_7":0.0,"fa_agreement_hansen10_gte_8":0.0,"fa_agreement_hansen30_gte_9":0.0,"fa_agreement_hansen20_gte_1":216494.5232003213,"fa_agreement_hansen20_gte_2":6383.459221037653,"fa_agreement_hansen20_gte_3":858.2607836217064,"fa_agreement_hansen20_gte_4":64.35101946911382,"fa_agreement_hansen20_gte_5":2.080360017951517,"fa_agreement_hansen20_gte_6":0.0,"fa_agreement_hansen20_gte_7":0.0,"fa_agreement_hansen20_gte_8":0.0,"fa_agreement_hansen30_gte_1":216791.10441616902,"fa_agreement_hansen30_gte_2":6383.459221037654,"fa_agreement_hansen30_gte_3":858.2607836217064,"fa_agreement_hansen30_gte_4":64.35101946911381,"fa_agreement_hansen30_gte_5":2.080360017951517,"fa_agreement_hansen30_gte_6":0.0,"fa_agreement_hansen30_gte_7":0.0,"fa_agreement_hansen30_gte_8":0.0,"fa_copernicus":0.0,"fa_esa_2009":23.51900659007353,"fa_esa_2020":24073.69112483655,"fa_esri":1061.330023648339,"fa_globeland":87085.93289046474,"fa_hansen10":1.802946844482422,"fa_hansen20":0.0,"fa_hansen30":0.0,"fa_jaxa":85148.14760883358,"fa_tandemx":25411.483708490472,"fa_jrc_2020":1855.3620728710225,"fra_1a_forestArea":317.29998779296875,"fra_1a_landArea":7102.0,"fra_3b_protected":null,"iso3":"ARE","total_area_ha":7086033.630572169,"year":2020,"fa_copernicus_protected":0.0,"fa_esa_2009_protected":0.0,"fa_esa_2020_protected":533.5818690345434,"fa_esri_protected":63.098655171209614,"fa_globeland_protected":2203.14867321169,"fa_hansen10_protected":0.0,"fa_hansen20_protected":0.0,"fa_hansen30_protected":0.0,"fa_jaxa_protected":2443.2975519081174,"fa_tandemx_protected":743.629195918136,"fa_jrc_2020_protected":69.15790392362699,"ba_MODIS_2001":137.122696875,"ba_MODIS_2002":0.0,"ba_MODIS_2003":45.4291265625,"ba_MODIS_2004":0.0,"ba_MODIS_2005":113.578659375,"ba_MODIS_2006":0.0,"ba_MODIS_2007":64.20510482843137,"ba_MODIS_2008":249.95403749999997,"ba_MODIS_2009":17.36846838235294,"ba_MODIS_2010":141.98214345588238,"ba_MODIS_2011":0.0,"ba_MODIS_2012":0.0,"ba_MODIS_2013":1070.3277390625008,"ba_MODIS_2014":32.42002801470588,"ba_MODIS_2015":0.0,"ba_MODIS_2016":22.714953125,"ba_MODIS_2017":0.0,"ba_MODIS_2018":81.51080026348039,"ba_MODIS_2019":412.71683889705884,"ba_MODIS_2020":0.0,"ba_MODIS_2021":0.0,"ba_MODIS_2022":118.20983289215687,"ba_MODIS_2001_Hansen10":0.0,"ba_MODIS_2002_Hansen10":0.0,"ba_MODIS_2003_Hansen10":0.0,"ba_MODIS_2004_Hansen10":0.0,"ba_MODIS_2005_Hansen10":0.0,"ba_MODIS_2006_Hansen10":0.0,"ba_MODIS_2007_Hansen10":0.0,"ba_MODIS_2008_Hansen10":0.0,"ba_MODIS_2009_Hansen10":0.0,"ba_MODIS_2010_Hansen10":0.0,"ba_MODIS_2011_Hansen10":0.0,"ba_MODIS_2012_Hansen10":0.0,"ba_MODIS_2013_Hansen10":0.0,"ba_MODIS_2014_Hansen10":0.0,"ba_MODIS_2015_Hansen10":0.0,"ba_MODIS_2016_Hansen10":0.0,"ba_MODIS_2017_Hansen10":0.0,"ba_MODIS_2018_Hansen10":0.0,"ba_MODIS_2019_Hansen10":0.0,"ba_MODIS_2020_Hansen10":0.0,"ba_MODIS_2021_Hansen10":0.0,"ba_MODIS_2022_Hansen10":0.0}},{"type":"Feature","geometry":{"type":"MultiPoint","coordinates":[]},"properties":{"fa_agreement_esri_esa_glo_hansen10_gte_1":732.6440007057141,"fa_agreement_esri_esa_glo_hansen10_gte_2":76.27253866390446,"fa_agreement_esri_esa_glo_hansen10_gte_3":4.343931933593749,"fa_agreement_esri_esa_glo_hansen10_gte_4":0.0,"fa_agreement_esri_esa_gte_1":423.00034974243135,"fa_agreement_esri_esa_gte_2":34.88265186462386,"fa_agreement_hansen10_gte_1":8201.758593724066,"fa_agreement_hansen10_gte_2":212.41753376005244,"fa_agreement_hansen10_gte_3":29.657068391041502,"fa_agreement_hansen10_gte_4":2.112660577560126,"fa_agreement_hansen10_gte_5":0.0,"fa_agreement_hansen10_gte_6":0.0,"fa_agreement_hansen10_gte_7":0.0,"fa_agreement_hansen10_gte_8":0.0,"fa_agreement_hansen30_gte_9":0.0,"fa_agreement_hansen20_gte_1":8201.758593724066,"fa_agreement_hansen20_gte_2":212.41753376005244,"fa_agreement_hansen20_gte_3":29.657068391041502,"fa_agreement_hansen20_gte_4":2.112660577560126,"fa_agreement_hansen20_gte_5":0.0,"fa_agreement_hansen20_gte_6":0.0,"fa_agreement_hansen20_gte_7":0.0,"fa_agreement_hansen20_gte_8":0.0,"fa_agreement_hansen30_gte_1":8205.344197497876,"fa_agreement_hansen30_gte_2":212.41753376005244,"fa_agreement_hansen30_gte_3":29.6570683910415,"fa_agreement_hansen30_gte_4":2.112660577560126,"fa_agreement_hansen30_gte_5":0.0,"fa_agreement_hansen30_gte_6":0.0,"fa_agreement_hansen30_gte_7":0.0,"fa_agreement_hansen30_gte_8":0.0,"fa_copernicus":0.0,"fa_esa_2009":0.0,"fa_esa_2020":410.0124774441797,"fa_esri":49.15570577163686,"fa_globeland":359.69657625557636,"fa_hansen10":0.0,"fa_hansen20":0.0,"fa_hansen30":0.0,"fa_jaxa":1044.9070506713167,"fa_tandemx":6590.016697208465,"fa_jrc_2020":20.05893190810854,"fra_1a_forestArea":0.699999988079071,"fra_1a_landArea":77.0,"fra_3b_protected":null,"iso3":"BHR","total_area_ha":67458.41561677752,"year":2020,"fa_copernicus_protected":0.0,"fa_esa_2009_protected":0.0,"fa_esa_2020_protected":0.0,"fa_esri_protected":0.0,"fa_globeland_protected":0.0,"fa_hansen10_protected":0.0,"fa_hansen20_protected":0.0,"fa_hansen30_protected":0.0,"fa_jaxa_protected":0.0,"fa_tandemx_protected":0.0,"fa_jrc_2020_protected":0.0,"ba_MODIS_2001":0.0,"ba_MODIS_2002":0.0,"ba_MODIS_2003":0.0,"ba_MODIS_2004":0.0,"ba_MODIS_2005":0.0,"ba_MODIS_2006":0.0,"ba_MODIS_2007":0.0,"ba_MODIS_2008":0.0,"ba_MODIS_2009":0.0,"ba_MODIS_2010":0.0,"ba_MODIS_2011":0.0,"ba_MODIS_2012":0.0,"ba_MODIS_2013":0.0,"ba_MODIS_2014":0.0,"ba_MODIS_2015":0.0,"ba_MODIS_2016":0.0,"ba_MODIS_2017":0.0,"ba_MODIS_2018":0.0,"ba_MODIS_2019":0.0,"ba_MODIS_2020":0.0,"ba_MODIS_2021":0.0,"ba_MODIS_2022":0.0,"ba_MODIS_2001_Hansen10":0.0,"ba_MODIS_2002_Hansen10":0.0,"ba_MODIS_2003_Hansen10":0.0,"ba_MODIS_2004_Hansen10":0.0,"ba_MODIS_2005_Hansen10":0.0,"ba_MODIS_2006_Hansen10":0.0,"ba_MODIS_2007_Hansen10":0.0,"ba_MODIS_2008_Hansen10":0.0,"ba_MODIS_2009_Hansen10":0.0,"ba_MODIS_2010_Hansen10":0.0,"ba_MODIS_2011_Hansen10":0.0,"ba_MODIS_2012_Hansen10":0.0,"ba_MODIS_2013_Hansen10":0.0,"ba_MODIS_2014_Hansen10":0.0,"ba_MODIS_2015_Hansen10":0.0,"ba_MODIS_2016_Hansen10":0.0,"ba_MODIS_2017_Hansen10":0.0,"ba_MODIS_2018_Hansen10":0.0,"ba_MODIS_2019_Hansen10":0.0,"ba_MODIS_2020_Hansen10":0.0,"ba_MODIS_2021_Hansen10":0.0,"ba_MODIS_2022_Hansen10":0.0}},{"type":"Feature","geometry":{"type":"MultiPoint","coordinates":[]},"properties":{"fa_agreement_esri_esa_glo_hansen10_gte_1":2152.9433057708834,"fa_agreement_esri_esa_glo_hansen10_gte_2":43.337168060302744,"fa_agreement_esri_esa_glo_hansen10_gte_3":0.0,"fa_agreement_esri_esa_glo_hansen10_gte_4":0.0,"fa_agreement_esri_esa_gte_1":1832.0955071058033,"fa_agreement_esri_esa_gte_2":39.64901277694699,"fa_agreement_hansen10_gte_1":30662.69090172979,"fa_agreement_hansen10_gte_2":1272.482433461194,"fa_agreement_hansen10_gte_3":39.64002490531175,"fa_agreement_hansen10_gte_4":3.7548084588264032,"fa_agreement_hansen10_gte_5":0.0,"fa_agreement_hansen10_gte_6":0.0,"fa_agreement_hansen10_gte_7":0.0,"fa_agreement_hansen10_gte_8":0.0,"fa_agreement_hansen30_gte_9":0.0,"fa_agreement_hansen20_gte_1":30662.690901729802,"fa_agreement_hansen20_gte_2":1272.482433461194,"fa_agreement_hansen20_gte_3":39.64002490531175,"fa_agreement_hansen20_gte_4":3.7548084588264032,"fa_agreement_hansen20_gte_5":0.0,"fa_agreement_hansen20_gte_6":0.0,"fa_agreement_hansen20_gte_7":0.0,"fa_agreement_hansen20_gte_8":0.0,"fa_agreement_hansen30_gte_1":30669.64088304006,"fa_agreement_hansen30_gte_2":1272.482433461194,"fa_agreement_hansen30_gte_3":39.64002490531175,"fa_agreement_hansen30_gte_4":3.7548084588264032,"fa_agreement_hansen30_gte_5":0.0,"fa_agreement_hansen30_gte_6":0.0,"fa_agreement_hansen30_gte_7":0.0,"fa_agreement_hansen30_gte_8":0.0,"fa_copernicus":0.0,"fa_esa_2009":0.0,"fa_esa_2020":1827.3757346571606,"fa_esri":47.11587848052975,"fa_globeland":370.6696798557899,"fa_hansen10":0.08311007690429688,"fa_hansen20":0.08311007690429688,"fa_hansen30":0.08311007690429688,"fa_jaxa":15926.052486341747,"fa_tandemx":13787.335983963181,"fa_jrc_2020":24.92147016372682,"fra_1a_forestArea":6.25,"fra_1a_landArea":1782.0,"fra_3b_protected":null,"iso3":"KWT","total_area_ha":1735879.3670356465,"year":2020,"fa_copernicus_protected":0.0,"fa_esa_2009_protected":0.0,"fa_esa_2020_protected":77.69508913574145,"fa_esri_protected":2.0323381347656237,"fa_globeland_protected":74.39552163696281,"fa_hansen10_protected":0.0,"fa_hansen20_protected":0.0,"fa_hansen30_protected":0.0,"fa_jaxa_protected":3.808179864501953,"fa_tandemx_protected":329.0519283124853,"fa_jrc_2020_protected":0.0,"ba_MODIS_2001":1139.435247089461,"ba_MODIS_2002":387.9888649387255,"ba_MODIS_2003":2705.550107812501,"ba_MODIS_2004":543.719403125,"ba_MODIS_2005":608.6751546875,"ba_MODIS_2006":2638.3332046875003,"ba_MODIS_2007":264.6980450122549,"ba_MODIS_2008":152.62517343750002,"ba_MODIS_2009":1577.4941609374998,"ba_MODIS_2010":3396.5071328124977,"ba_MODIS_2011":21.6023828125,"ba_MODIS_2012":1214.3110359375003,"ba_MODIS_2013":21.7922890625,"ba_MODIS_2014":108.20325937499999,"ba_MODIS_2015":0.0,"ba_MODIS_2016":1145.3663234374997,"ba_MODIS_2017":130.56305000000003,"ba_MODIS_2018":1531.4562406862754,"ba_MODIS_2019":1083.5626421875,"ba_MODIS_2020":1924.0651593749988,"ba_MODIS_2021":43.575309375,"ba_MODIS_2022":0.0,"ba_MODIS_2001_Hansen10":0.0,"ba_MODIS_2002_Hansen10":0.0,"ba_MODIS_2003_Hansen10":0.0,"ba_MODIS_2004_Hansen10":0.0,"ba_MODIS_2005_Hansen10":0.0,"ba_MODIS_2006_Hansen10":0.0,"ba_MODIS_2007_Hansen10":0.0,"ba_MODIS_2008_Hansen10":0.0,"ba_MODIS_2009_Hansen10":0.0,"ba_MODIS_2010_Hansen10":0.0,"ba_MODIS_2011_Hansen10":0.0,"ba_MODIS_2012_Hansen10":0.0,"ba_MODIS_2013_Hansen10":0.0,"ba_MODIS_2014_Hansen10":0.0,"ba_MODIS_2015_Hansen10":0.0,"ba_MODIS_2016_Hansen10":0.0,"ba_MODIS_2017_Hansen10":0.0,"ba_MODIS_2018_Hansen10":0.0,"ba_MODIS_2019_Hansen10":0.0,"ba_MODIS_2020_Hansen10":0.0,"ba_MODIS_2021_Hansen10":0.0,"ba_MODIS_2022_Hansen10":0.0}},{"type":"Feature","geometry":{"type":"MultiPoint","coordinates":[]},"properties":{"fa_agreement_esri_esa_glo_hansen10_gte_1":1888.335805485024,"fa_agreement_esri_esa_glo_hansen10_gte_2":1087.6239011534276,"fa_agreement_esri_esa_glo_hansen10_gte_3":537.6791357494409,"fa_agreement_esri_esa_glo_hansen10_gte_4":106.47421728704732,"fa_agreement_esri_esa_gte_1":1244.2052705631618,"fa_agreement_esri_esa_gte_2":314.74248089357894,"fa_agreement_hansen10_gte_1":2007.7659401858825,"fa_agreement_hansen10_gte_2":1221.5950752323195,"fa_agreement_hansen10_gte_3":741.0613946363019,"fa_agreement_hansen10_gte_4":356.171003800576,"fa_agreement_hansen10_gte_5":111.70872028506992,"fa_agreement_hansen10_gte_6":24.330693200133073,"fa_agreement_hansen10_gte_7":0.0,"fa_agreement_hansen10_gte_8":0.0,"fa_agreement_hansen30_gte_9":0.0,"fa_agreement_hansen20_gte_1":2002.632427195447,"fa_agreement_hansen20_gte_2":1216.4201505760066,"fa_agreement_hansen20_gte_3":734.8899115684833,"fa_agreement_hansen20_gte_4":351.95450792463765,"fa_agreement_hansen20_gte_5":110.46406778114452,"fa_agreement_hansen20_gte_6":24.0402141363645,"fa_agreement_hansen20_gte_7":0.0,"fa_agreement_hansen20_gte_8":0.0,"fa_agreement_hansen30_gte_1":2093.3588397089957,"fa_agreement_hansen30_gte_2":1210.3815101664736,"fa_agreement_hansen30_gte_3":728.4334567910105,"fa_agreement_hansen30_gte_4":346.82981150223134,"fa_agreement_hansen30_gte_5":108.73441729547226,"fa_agreement_hansen30_gte_6":23.257794854233694,"fa_agreement_hansen30_gte_7":0.0,"fa_agreement_hansen30_gte_8":0.0,"fa_copernicus":0.0,"fa_esa_2009":56.9833546875,"fa_esa_2020":771.490264763035,"fa_esri":789.4534284282211,"fa_globeland":1407.6619305018917,"fa_hansen10":657.4349595105216,"fa_hansen20":632.9015708028876,"fa_hansen30":608.1701494034585,"fa_jaxa":0.0,"fa_tandemx":671.9788430954156,"fa_jrc_2020":357.29702121104737,"fra_1a_forestArea":0.8199999928474426,"fra_1a_landArea":30.0,"fra_3b_protected":null,"iso3":"MDV","total_area_ha":19625.87022013945,"year":2020,"fa_copernicus_protected":0.0,"fa_esa_2009_protected":0.0,"fa_esa_2020_protected":8.283862139748969,"fa_esri_protected":9.22011387163947,"fa_globeland_protected":0.0,"fa_hansen10_protected":2.096087963867187,"fa_hansen20_protected":1.5553450948318779,"fa_hansen30_protected":1.5553450948318779,"fa_jaxa_protected":0.0,"fa_tandemx_protected":26.551069469305332,"fa_jrc_2020_protected":2.677127673339844,"ba_MODIS_2001":0.0,"ba_MODIS_2002":0.0,"ba_MODIS_2003":0.0,"ba_MODIS_2004":0.0,"ba_MODIS_2005":0.0,"ba_MODIS_2006":0.0,"ba_MODIS_2007":0.0,"ba_MODIS_2008":0.0,"ba_MODIS_2009":0.0,"ba_MODIS_2010":0.0,"ba_MODIS_2011":0.0,"ba_MODIS_2012":0.0,"ba_MODIS_2013":0.0,"ba_MODIS_2014":0.0,"ba_MODIS_2015":0.0,"ba_MODIS_2016":0.0,"ba_MODIS_2017":0.0,"ba_MODIS_2018":0.0,"ba_MODIS_2019":0.0,"ba_MODIS_2020":0.0,"ba_MODIS_2021":0.0,"ba_MODIS_2022":0.0,"ba_MODIS_2001_Hansen10":0.0,"ba_MODIS_2002_Hansen10":0.0,"ba_MODIS_2003_Hansen10":0.0,"ba_MODIS_2004_Hansen10":0.0,"ba_MODIS_2005_Hansen10":0.0,"ba_MODIS_2006_Hansen10":0.0,"ba_MODIS_2007_Hansen10":0.0,"ba_MODIS_2008_Hansen10":0.0,"ba_MODIS_2009_Hansen10":0.0,"ba_MODIS_2010_Hansen10":0.0,"ba_MODIS_2011_Hansen10":0.0,"ba_MODIS_2012_Hansen10":0.0,"ba_MODIS_2013_Hansen10":0.0,"ba_MODIS_2014_Hansen10":0.0,"ba_MODIS_2015_Hansen10":0.0,"ba_MODIS_2016_Hansen10":0.0,"ba_MODIS_2017_Hansen10":0.0,"ba_MODIS_2018_Hansen10":0.0,"ba_MODIS_2019_Hansen10":0.0,"ba_MODIS_2020_Hansen10":0.0,"ba_MODIS_2021_Hansen10":0.0,"ba_MODIS_2022_Hansen10":0.0}},{"type":"Feature","geometry":{"type":"MultiPoint","coordinates":[]},"properties":{"fa_agreement_esri_esa_glo_hansen10_gte_1":66673.1305343289,"fa_agreement_esri_esa_glo_hansen10_gte_2":7574.52673660072,"fa_agreement_esri_esa_glo_hansen10_gte_3":801.1406973571761,"fa_agreement_esri_esa_glo_hansen10_gte_4":65.69534492187489,"fa_agreement_esri_esa_gte_1":41490.855135131926,"fa_agreement_esri_esa_gte_2":3196.8640367786547,"fa_agreement_hansen10_gte_1":1578682.1726321292,"fa_agreement_hansen10_gte_2":96520.74688969733,"fa_agreement_hansen10_gte_3":17844.45011500233,"fa_agreement_hansen10_gte_4":4838.290509904862,"fa_agreement_hansen10_gte_5":1466.1621575261622,"fa_agreement_hansen10_gte_6":340.7578128344724,"fa_agreement_hansen10_gte_7":41.01791529634363,"fa_agreement_hansen10_gte_8":0.0,"fa_agreement_hansen30_gte_9":0.0,"fa_agreement_hansen20_gte_1":1578669.115754463,"fa_agreement_hansen20_gte_2":96429.46519928123,"fa_agreement_hansen20_gte_3":17568.22222199148,"fa_agreement_hansen20_gte_4":4484.175529544482,"fa_agreement_hansen20_gte_5":1136.8530548486815,"fa_agreement_hansen20_gte_6":179.6552244276575,"fa_agreement_hansen20_gte_7":1.2831250427246095,"fa_agreement_hansen20_gte_8":0.0,"fa_agreement_hansen30_gte_1":1580585.9303969762,"fa_agreement_hansen30_gte_2":96428.86533774562,"fa_agreement_hansen30_gte_3":17562.824596435785,"fa_agreement_hansen30_gte_4":4471.449347099318,"fa_agreement_hansen30_gte_5":1116.696738692484,"fa_agreement_hansen30_gte_6":168.55897767719313,"fa_agreement_hansen30_gte_7":0.0,"fa_agreement_hansen30_gte_8":0.0,"fa_copernicus":0.0,"fa_esa_2009":1451.6822017647057,"fa_esa_2020":36564.77012727583,"fa_esri":8118.517822284347,"fa_globeland":29201.810264285265,"fa_hansen10":1397.775732421448,"fa_hansen20":54.50446245684456,"fa_hansen30":0.9894269710047106,"fa_jaxa":1485945.0031694134,"fa_tandemx":130242.290564032,"fa_jrc_2020":11120.108145121116,"fra_1a_forestArea":2.5,"fra_1a_landArea":30950.0,"fra_3b_protected":null,"iso3":"OMN","total_area_ha":3.091859668690706E7,"year":2020,"fa_copernicus_protected":0.0,"fa_esa_2009_protected":41.48827551925359,"fa_esa_2020_protected":128.2183597892016,"fa_esri_protected":37.3059401708745,"fa_globeland_protected":182.01426728515628,"fa_hansen10_protected":0.0,"fa_hansen20_protected":0.0,"fa_hansen30_protected":0.0,"fa_jaxa_protected":236956.44288130663,"fa_tandemx_protected":16444.43858763479,"fa_jrc_2020_protected":42.56319871826172,"ba_MODIS_2001":0.0,"ba_MODIS_2002":92.430621875,"ba_MODIS_2003":0.0,"ba_MODIS_2004":36.53016363357843,"ba_MODIS_2005":22.9967984375,"ba_MODIS_2006":0.0,"ba_MODIS_2007":275.0808796875,"ba_MODIS_2008":90.8637078125,"ba_MODIS_2009":0.0,"ba_MODIS_2010":0.0,"ba_MODIS_2011":0.0,"ba_MODIS_2012":45.746703124999996,"ba_MODIS_2013":0.0,"ba_MODIS_2014":14.445525551470588,"ba_MODIS_2015":0.0,"ba_MODIS_2016":325.04615624999997,"ba_MODIS_2017":68.530928125,"ba_MODIS_2018":0.0,"ba_MODIS_2019":895.4299197671571,"ba_MODIS_2020":2084.0261546875004,"ba_MODIS_2021":321.73837656250004,"ba_MODIS_2022":0.0,"ba_MODIS_2001_Hansen10":0.0,"ba_MODIS_2002_Hansen10":0.0,"ba_MODIS_2003_Hansen10":0.0,"ba_MODIS_2004_Hansen10":0.0,"ba_MODIS_2005_Hansen10":0.0,"ba_MODIS_2006_Hansen10":0.0,"ba_MODIS_2007_Hansen10":0.0,"ba_MODIS_2008_Hansen10":0.0,"ba_MODIS_2009_Hansen10":0.0,"ba_MODIS_2010_Hansen10":0.0,"ba_MODIS_2011_Hansen10":0.0,"ba_MODIS_2012_Hansen10":0.0,"ba_MODIS_2013_Hansen10":0.0,"ba_MODIS_2014_Hansen10":0.0,"ba_MODIS_2015_Hansen10":0.0,"ba_MODIS_2016_Hansen10":0.0,"ba_MODIS_2017_Hansen10":0.0,"ba_MODIS_2018_Hansen10":0.0,"ba_MODIS_2019_Hansen10":0.0,"ba_MODIS_2020_Hansen10":0.0,"ba_MODIS_2021_Hansen10":0.0,"ba_MODIS_2022_Hansen10":0.0}},{"type":"Feature","geometry":{"type":"MultiPoint","coordinates":[]},"properties":{"fa_agreement_esri_esa_glo_hansen10_gte_1":4146.703939024093,"fa_agreement_esri_esa_glo_hansen10_gte_2":315.0151961085427,"fa_agreement_esri_esa_glo_hansen10_gte_3":4.124646493997012,"fa_agreement_esri_esa_glo_hansen10_gte_4":0.0,"fa_agreement_esri_esa_gte_1":2963.2640768685546,"fa_agreement_esri_esa_gte_2":255.79503161652408,"fa_agreement_hansen10_gte_1":21995.510488884003,"fa_agreement_hansen10_gte_2":789.2145179934039,"fa_agreement_hansen10_gte_3":79.27847750191481,"fa_agreement_hansen10_gte_4":0.4255866311226639,"fa_agreement_hansen10_gte_5":0.0,"fa_agreement_hansen10_gte_6":0.0,"fa_agreement_hansen10_gte_7":0.0,"fa_agreement_hansen10_gte_8":0.0,"fa_agreement_hansen30_gte_9":0.0,"fa_agreement_hansen20_gte_1":21995.510488884007,"fa_agreement_hansen20_gte_2":789.2145179934039,"fa_agreement_hansen20_gte_3":79.27847750191481,"fa_agreement_hansen20_gte_4":0.4255866311226639,"fa_agreement_hansen20_gte_5":0.0,"fa_agreement_hansen20_gte_6":0.0,"fa_agreement_hansen20_gte_7":0.0,"fa_agreement_hansen20_gte_8":0.0,"fa_agreement_hansen30_gte_1":22032.102485062227,"fa_agreement_hansen30_gte_2":789.2145179934039,"fa_agreement_hansen30_gte_3":79.27847750191481,"fa_agreement_hansen30_gte_4":0.4255866311226639,"fa_agreement_hansen30_gte_5":0.0,"fa_agreement_hansen30_gte_6":0.0,"fa_agreement_hansen30_gte_7":0.0,"fa_agreement_hansen30_gte_8":0.0,"fa_copernicus":0.0,"fa_esa_2009":0.0,"fa_esa_2020":2879.173423726414,"fa_esri":341.846969261669,"fa_globeland":1260.240304105031,"fa_hansen10":0.0,"fa_hansen20":0.0,"fa_hansen30":0.0,"fa_jaxa":9212.664579980627,"fa_tandemx":8986.384104901515,"fa_jrc_2020":163.56521352728151,"fra_1a_forestArea":0.0,"fra_1a_landArea":1161.0,"fra_3b_protected":0.0,"iso3":"QAT","total_area_ha":1170431.9500111176,"year":2020,"fa_copernicus_protected":0.0,"fa_esa_2009_protected":0.0,"fa_esa_2020_protected":666.6361374195069,"fa_esri_protected":120.88215914586675,"fa_globeland_protected":56.827462253226486,"fa_hansen10_protected":0.0,"fa_hansen20_protected":0.0,"fa_hansen30_protected":0.0,"fa_jaxa_protected":7.688397088623045,"fa_tandemx_protected":838.5752342984562,"fa_jrc_2020_protected":64.26419209549252,"ba_MODIS_2001":0.0,"ba_MODIS_2002":134.39016562499998,"ba_MODIS_2003":0.0,"ba_MODIS_2004":89.7056046875,"ba_MODIS_2005":22.3954421875,"ba_MODIS_2006":561.33870625,"ba_MODIS_2007":224.4963640625,"ba_MODIS_2008":470.67815625000003,"ba_MODIS_2009":783.8930187499996,"ba_MODIS_2010":89.98876093749999,"ba_MODIS_2011":112.10175000000001,"ba_MODIS_2012":44.792553125,"ba_MODIS_2013":1679.7715031250004,"ba_MODIS_2014":179.48963125,"ba_MODIS_2015":2127.48445625,"ba_MODIS_2016":67.361553125,"ba_MODIS_2017":45.151221875,"ba_MODIS_2018":157.9745734375,"ba_MODIS_2019":45.1464,"ba_MODIS_2020":201.51308593749997,"ba_MODIS_2021":89.58010312500001,"ba_MODIS_2022":156.74307187500003,"ba_MODIS_2001_Hansen10":0.0,"ba_MODIS_2002_Hansen10":0.0,"ba_MODIS_2003_Hansen10":0.0,"ba_MODIS_2004_Hansen10":0.0,"ba_MODIS_2005_Hansen10":0.0,"ba_MODIS_2006_Hansen10":0.0,"ba_MODIS_2007_Hansen10":0.0,"ba_MODIS_2008_Hansen10":0.0,"ba_MODIS_2009_Hansen10":0.0,"ba_MODIS_2010_Hansen10":0.0,"ba_MODIS_2011_Hansen10":0.0,"ba_MODIS_2012_Hansen10":0.0,"ba_MODIS_2013_Hansen10":0.0,"ba_MODIS_2014_Hansen10":0.0,"ba_MODIS_2015_Hansen10":0.0,"ba_MODIS_2016_Hansen10":0.0,"ba_MODIS_2017_Hansen10":0.0,"ba_MODIS_2018_Hansen10":0.0,"ba_MODIS_2019_Hansen10":0.0,"ba_MODIS_2020_Hansen10":0.0,"ba_MODIS_2021_Hansen10":0.0,"ba_MODIS_2022_Hansen10":0.0}},{"type":"Feature","geometry":{"type":"MultiPoint","coordinates":[]},"properties":{"fa_agreement_esri_esa_glo_hansen10_gte_1":110722.50570920424,"fa_agreement_esri_esa_glo_hansen10_gte_2":6287.5782334285905,"fa_agreement_esri_esa_glo_hansen10_gte_3":151.0277446304142,"fa_agreement_esri_esa_glo_hansen10_gte_4":0.0,"fa_agreement_esri_esa_gte_1":91965.39134171713,"fa_agreement_esri_esa_gte_2":4739.686494660298,"fa_agreement_hansen10_gte_1":4873196.443609898,"fa_agreement_hansen10_gte_2":349349.49719987356,"fa_agreement_hansen10_gte_3":17899.895543260667,"fa_agreement_hansen10_gte_4":4016.834251446955,"fa_agreement_hansen10_gte_5":742.8728701226934,"fa_agreement_hansen10_gte_6":32.89429846507352,"fa_agreement_hansen10_gte_7":0.08502366943359375,"fa_agreement_hansen10_gte_8":0.0,"fa_agreement_hansen30_gte_9":0.0,"fa_agreement_hansen20_gte_1":4873195.160410309,"fa_agreement_hansen20_gte_2":349348.6435441729,"fa_agreement_hansen20_gte_3":17899.00086755614,"fa_agreement_hansen20_gte_4":4013.066642903947,"fa_agreement_hansen20_gte_5":733.9550494039389,"fa_agreement_hansen20_gte_6":28.29503866282743,"fa_agreement_hansen20_gte_7":0.0,"fa_agreement_hansen20_gte_8":0.0,"fa_agreement_hansen30_gte_1":4876178.740672241,"fa_agreement_hansen30_gte_2":349348.55824040703,"fa_agreement_hansen30_gte_3":17898.915826174314,"fa_agreement_hansen30_gte_4":4013.0666429039475,"fa_agreement_hansen30_gte_5":733.9550494039389,"fa_agreement_hansen30_gte_6":28.295038662827427,"fa_agreement_hansen30_gte_7":0.0,"fa_agreement_hansen30_gte_8":0.0,"fa_copernicus":0.0,"fa_esa_2009":1619.774814368873,"fa_esa_2020":85914.2974828522,"fa_esri":10767.03877339743,"fa_globeland":21709.741201319688,"fa_hansen10":27.78201224975584,"fa_hansen20":7.769369470214844,"fa_hansen30":7.497800372314453,"fa_jaxa":4357370.2937106285,"fa_tandemx":745274.7700162396,"fa_jrc_2020":32459.37803509662,"fra_1a_forestArea":977.0,"fra_1a_landArea":214969.0,"fra_3b_protected":3.0,"iso3":"SAU","total_area_ha":1.9298918615873006E8,"year":2020,"fa_copernicus_protected":0.0,"fa_esa_2009_protected":91.07693072509723,"fa_esa_2020_protected":332.38164406673644,"fa_esri_protected":229.07712041594996,"fa_globeland_protected":498.3793571100157,"fa_hansen10_protected":0.6803077453613282,"fa_hansen20_protected":0.08504133911132812,"fa_hansen30_protected":0.0,"fa_jaxa_protected":22712.875200292503,"fa_tandemx_protected":847.7671697345583,"fa_jrc_2020_protected":425.04976389088097,"ba_MODIS_2001":62815.840498088306,"ba_MODIS_2002":107584.08553345545,"ba_MODIS_2003":64102.83394062466,"ba_MODIS_2004":79615.95002274471,"ba_MODIS_2005":109579.74935362177,"ba_MODIS_2006":75953.48867343744,"ba_MODIS_2007":61502.27980156203,"ba_MODIS_2008":16556.363499485284,"ba_MODIS_2009":26032.32595788602,"ba_MODIS_2010":23065.81459080272,"ba_MODIS_2011":24976.127324693643,"ba_MODIS_2012":8775.487674705879,"ba_MODIS_2013":15507.910031249998,"ba_MODIS_2014":10067.863325000008,"ba_MODIS_2015":9234.286529975487,"ba_MODIS_2016":7796.709727977948,"ba_MODIS_2017":5718.448592126225,"ba_MODIS_2018":5186.7715124999995,"ba_MODIS_2019":3847.210507812498,"ba_MODIS_2020":6058.880502787996,"ba_MODIS_2021":6430.988565214466,"ba_MODIS_2022":168.59669403186274,"ba_MODIS_2001_Hansen10":1.8609068969726559,"ba_MODIS_2002_Hansen10":2.326520745849609,"ba_MODIS_2003_Hansen10":3.4904481323242185,"ba_MODIS_2004_Hansen10":3.645480731201171,"ba_MODIS_2005_Hansen10":2.4035300903320307,"ba_MODIS_2006_Hansen10":3.1804921203613277,"ba_MODIS_2007_Hansen10":0.9305223327636718,"ba_MODIS_2008_Hansen10":0.0,"ba_MODIS_2009_Hansen10":0.077659423828125,"ba_MODIS_2010_Hansen10":0.3875983947753906,"ba_MODIS_2011_Hansen10":0.0,"ba_MODIS_2012_Hansen10":0.0,"ba_MODIS_2013_Hansen10":0.6201717285156251,"ba_MODIS_2014_Hansen10":0.0,"ba_MODIS_2015_Hansen10":1.1645462768554686,"ba_MODIS_2016_Hansen10":0.0775503662109375,"ba_MODIS_2017_Hansen10":0.46499997558593753,"ba_MODIS_2018_Hansen10":0.0,"ba_MODIS_2019_Hansen10":0.0,"ba_MODIS_2020_Hansen10":0.9302311828613282,"ba_MODIS_2021_Hansen10":0.0,"ba_MODIS_2022_Hansen10":0.0}},{"type":"Feature","geometry":{"type":"MultiPoint","coordinates":[]},"properties":{"fa_agreement_esri_esa_glo_hansen10_gte_1":157789.5552046073,"fa_agreement_esri_esa_glo_hansen10_gte_2":13996.624913817224,"fa_agreement_esri_esa_glo_hansen10_gte_3":897.0877368207417,"fa_agreement_esri_esa_glo_hansen10_gte_4":63.73568947598326,"fa_agreement_esri_esa_gte_1":23215.566921097514,"fa_agreement_esri_esa_gte_2":1937.9450288817543,"fa_agreement_hansen10_gte_1":393621.50958755263,"fa_agreement_hansen10_gte_2":42817.16907052188,"fa_agreement_hansen10_gte_3":10276.872793133682,"fa_agreement_hansen10_gte_4":3567.19743330212,"fa_agreement_hansen10_gte_5":1135.2559901441373,"fa_agreement_hansen10_gte_6":158.83328456621948,"fa_agreement_hansen10_gte_7":5.4266106778253285,"fa_agreement_hansen10_gte_8":0.0,"fa_agreement_hansen30_gte_9":0.0,"fa_agreement_hansen20_gte_1":383653.9814780243,"fa_agreement_hansen20_gte_2":39521.62692425753,"fa_agreement_hansen20_gte_3":9300.031977512002,"fa_agreement_hansen20_gte_4":3067.1066052940187,"fa_agreement_hansen20_gte_5":918.5059367209495,"fa_agreement_hansen20_gte_6":81.56447297236417,"fa_agreement_hansen20_gte_7":4.972679971947763,"fa_agreement_hansen20_gte_8":0.0,"fa_agreement_hansen30_gte_1":381602.30293982854,"fa_agreement_hansen30_gte_2":37817.305834500374,"fa_agreement_hansen30_gte_3":8745.160810141071,"fa_agreement_hansen30_gte_4":2778.03635072861,"fa_agreement_hansen30_gte_5":804.4210636470272,"fa_agreement_hansen30_gte_6":72.03822672188548,"fa_agreement_hansen30_gte_7":4.4618554476390155,"fa_agreement_hansen30_gte_8":0.0,"fa_copernicus":49.91121997070313,"fa_esa_2009":302.91404687500005,"fa_esa_2020":6400.877267739777,"fa_esri":18753.849859237573,"fa_globeland":116381.15584994406,"fa_hansen10":31413.958654121438,"fa_hansen20":16136.533873670815,"fa_hansen30":10957.699717180238,"fa_jaxa":93216.65781324166,"fa_tandemx":179832.5138242235,"fa_jrc_2020":8357.847843313022,"fra_1a_forestArea":4127.0,"fra_1a_landArea":46993.0,"fra_3b_protected":null,"iso3":"TKM","total_area_ha":5.546936160129645E7,"year":2020,"fa_copernicus_protected":0.0,"fa_esa_2009_protected":0.0,"fa_esa_2020_protected":1209.9758835897544,"fa_esri_protected":1847.0849409795553,"fa_globeland_protected":18878.508125825738,"fa_hansen10_protected":4728.8968633012555,"fa_hansen20_protected":2920.0961659780487,"fa_hansen30_protected":1986.4300065002012,"fa_jaxa_protected":19585.74880028619,"fa_tandemx_protected":30235.682948513557,"fa_jrc_2020_protected":2830.459841208931,"ba_MODIS_2001":28868.854870196057,"ba_MODIS_2002":102528.6165328002,"ba_MODIS_2003":388060.17752353876,"ba_MODIS_2004":270195.2032720976,"ba_MODIS_2005":153999.80848109673,"ba_MODIS_2006":75108.04655820447,"ba_MODIS_2007":189476.4376695837,"ba_MODIS_2008":30642.127562224327,"ba_MODIS_2009":90861.41805368276,"ba_MODIS_2010":292798.6669696949,"ba_MODIS_2011":33213.62610659316,"ba_MODIS_2012":90913.97114868258,"ba_MODIS_2013":99964.8320868501,"ba_MODIS_2014":198038.4169520246,"ba_MODIS_2015":125091.33958499442,"ba_MODIS_2016":137212.91959997645,"ba_MODIS_2017":65080.46570642166,"ba_MODIS_2018":34429.994777359025,"ba_MODIS_2019":365086.0601379917,"ba_MODIS_2020":216257.58654673537,"ba_MODIS_2021":66705.02781809444,"ba_MODIS_2022":4098.149043750001,"ba_MODIS_2001_Hansen10":119.85706127929693,"ba_MODIS_2002_Hansen10":170.75144168701158,"ba_MODIS_2003_Hansen10":1546.0224424906037,"ba_MODIS_2004_Hansen10":929.7973954319384,"ba_MODIS_2005_Hansen10":852.2598644301011,"ba_MODIS_2006_Hansen10":2032.6772747555062,"ba_MODIS_2007_Hansen10":276.32837688933733,"ba_MODIS_2008_Hansen10":636.4979502345665,"ba_MODIS_2009_Hansen10":412.3590802313829,"ba_MODIS_2010_Hansen10":644.4174292425421,"ba_MODIS_2011_Hansen10":274.43748635864245,"ba_MODIS_2012_Hansen10":104.3080812988282,"ba_MODIS_2013_Hansen10":549.5436395385747,"ba_MODIS_2014_Hansen10":940.7021042746592,"ba_MODIS_2015_Hansen10":395.99645120239245,"ba_MODIS_2016_Hansen10":695.2031251556058,"ba_MODIS_2017_Hansen10":519.2303179115446,"ba_MODIS_2018_Hansen10":214.27713525390632,"ba_MODIS_2019_Hansen10":439.43227944335507,"ba_MODIS_2020_Hansen10":386.88094774792233,"ba_MODIS_2021_Hansen10":1038.347038230745,"ba_MODIS_2022_Hansen10":33.22350880126952}},{"type":"Feature","geometry":{"type":"MultiPoint","coordinates":[]},"properties":{"fa_agreement_esri_esa_glo_hansen10_gte_1":426565.1484719443,"fa_agreement_esri_esa_glo_hansen10_gte_2":39332.32142038388,"fa_agreement_esri_esa_glo_hansen10_gte_3":7931.625318273953,"fa_agreement_esri_esa_glo_hansen10_gte_4":1289.767704644776,"fa_agreement_esri_esa_gte_1":99672.44740594387,"fa_agreement_esri_esa_gte_2":15643.31025256672,"fa_agreement_hansen10_gte_1":7203782.265260031,"fa_agreement_hansen10_gte_2":789620.4987417982,"fa_agreement_hansen10_gte_3":133049.73140745162,"fa_agreement_hansen10_gte_4":38149.500416117975,"fa_agreement_hansen10_gte_5":10881.9373117476,"fa_agreement_hansen10_gte_6":2649.2458687987987,"fa_agreement_hansen10_gte_7":369.2769739201327,"fa_agreement_hansen10_gte_8":3.0445168090820314,"fa_agreement_hansen30_gte_9":0.0,"fa_agreement_hansen20_gte_1":7203413.381502033,"fa_agreement_hansen20_gte_2":788577.5111820201,"fa_agreement_hansen20_gte_3":131826.47238330063,"fa_agreement_hansen20_gte_4":37041.85065967328,"fa_agreement_hansen20_gte_5":9763.455416727198,"fa_agreement_hansen20_gte_6":1669.1814281998738,"fa_agreement_hansen20_gte_7":79.05562178150849,"fa_agreement_hansen20_gte_8":0.1737201904296875,"fa_agreement_hansen30_gte_1":7217136.421263494,"fa_agreement_hansen30_gte_2":788457.6536024876,"fa_agreement_hansen30_gte_3":131607.91940661133,"fa_agreement_hansen30_gte_4":36878.41591283901,"fa_agreement_hansen30_gte_5":9630.935434586654,"fa_agreement_hansen30_gte_6":1496.8596535596937,"fa_agreement_hansen30_gte_7":20.57931857055664,"fa_agreement_hansen30_gte_8":0.0,"fa_copernicus":0.0,"fa_esa_2009":3975.8299865073486,"fa_esa_2020":68866.7229006301,"fa_esri":46469.966619549945,"fa_globeland":354156.44943347876,"fa_hansen10":7558.6929530090365,"fa_hansen20":1056.197845031731,"fa_hansen30":132.71872805786134,"fa_jaxa":5975429.333150003,"fa_tandemx":1630737.3176547026,"fa_jrc_2020":151408.07689887605,"fra_1a_forestArea":549.0,"fra_1a_landArea":52797.0,"fra_3b_protected":31.0,"iso3":"YEM","total_area_ha":4.552073055311131E7,"year":2020,"fa_copernicus_protected":0.0,"fa_esa_2009_protected":1466.0894248658158,"fa_esa_2020_protected":350.00617767365054,"fa_esri_protected":1081.631056756743,"fa_globeland_protected":175.7427891466807,"fa_hansen10_protected":2564.716394622759,"fa_hansen20_protected":584.0952685913087,"fa_hansen30_protected":72.11644169311526,"fa_jaxa_protected":0.0,"fa_tandemx_protected":35926.434386123066,"fa_jrc_2020_protected":2040.9937064756705,"ba_MODIS_2001":60.922208394607836,"ba_MODIS_2002":27.08264053921569,"ba_MODIS_2003":0.0,"ba_MODIS_2004":0.0,"ba_MODIS_2005":0.0,"ba_MODIS_2006":118.9225338235294,"ba_MODIS_2007":355.29589450367655,"ba_MODIS_2008":0.0,"ba_MODIS_2009":145.03426895833334,"ba_MODIS_2010":24.020054087009804,"ba_MODIS_2011":191.4189524754902,"ba_MODIS_2012":135.78383575367647,"ba_MODIS_2013":120.2813859375,"ba_MODIS_2014":257.89212212622544,"ba_MODIS_2015":345.5681656311275,"ba_MODIS_2016":1667.5255215012253,"ba_MODIS_2017":727.9325211764706,"ba_MODIS_2018":0.0,"ba_MODIS_2019":206.0992299877451,"ba_MODIS_2020":0.5635784191176471,"ba_MODIS_2021":117.92481132352941,"ba_MODIS_2022":0.0,"ba_MODIS_2001_Hansen10":0.0,"ba_MODIS_2002_Hansen10":0.0,"ba_MODIS_2003_Hansen10":0.0,"ba_MODIS_2004_Hansen10":0.0,"ba_MODIS_2005_Hansen10":0.0,"ba_MODIS_2006_Hansen10":0.0,"ba_MODIS_2007_Hansen10":0.0,"ba_MODIS_2008_Hansen10":0.0,"ba_MODIS_2009_Hansen10":0.0,"ba_MODIS_2010_Hansen10":0.0,"ba_MODIS_2011_Hansen10":0.0,"ba_MODIS_2012_Hansen10":0.0,"ba_MODIS_2013_Hansen10":0.0,"ba_MODIS_2014_Hansen10":0.0,"ba_MODIS_2015_Hansen10":0.0,"ba_MODIS_2016_Hansen10":0.0,"ba_MODIS_2017_Hansen10":0.0,"ba_MODIS_2018_Hansen10":0.0,"ba_MODIS_2019_Hansen10":0.0,"ba_MODIS_2020_Hansen10":0.0,"ba_MODIS_2021_Hansen10":0.0,"ba_MODIS_2022_Hansen10":0.0}},{"type":"Feature","geometry":{"type":"MultiPoint","coordinates":[]},"properties":{"fa_agreement_esri_esa_glo_hansen10_gte_1":28394.035494407286,"fa_agreement_esri_esa_glo_hansen10_gte_2":18331.02298474724,"fa_agreement_esri_esa_glo_hansen10_gte_3":13013.733912099544,"fa_agreement_esri_esa_glo_hansen10_gte_4":8993.624937324981,"fa_agreement_esri_esa_gte_1":22909.201606981187,"fa_agreement_esri_esa_gte_2":12569.709858541348,"fa_agreement_hansen10_gte_1":36375.695957822056,"fa_agreement_hansen10_gte_2":23871.980799184144,"fa_agreement_hansen10_gte_3":18309.958982115957,"fa_agreement_hansen10_gte_4":15050.372713345196,"fa_agreement_hansen10_gte_5":12744.013181738861,"fa_agreement_hansen10_gte_6":10708.586713392739,"fa_agreement_hansen10_gte_7":8592.731957944292,"fa_agreement_hansen10_gte_8":5856.236056432113,"fa_agreement_hansen30_gte_9":2147.4745706961985,"fa_agreement_hansen20_gte_1":35801.011944675396,"fa_agreement_hansen20_gte_2":23438.925348143395,"fa_agreement_hansen20_gte_3":18115.362954755492,"fa_agreement_hansen20_gte_4":14946.333868842807,"fa_agreement_hansen20_gte_5":12677.20965409858,"fa_agreement_hansen20_gte_6":10656.136650786484,"fa_agreement_hansen20_gte_7":8550.998620221986,"fa_agreement_hansen20_gte_8":5830.79208548341,"fa_agreement_hansen30_gte_1":36284.130682031726,"fa_agreement_hansen30_gte_2":23133.571181352898,"fa_agreement_hansen30_gte_3":17934.396538769088,"fa_agreement_hansen30_gte_4":14839.376505431026,"fa_agreement_hansen30_gte_5":12606.024882711412,"fa_agreement_hansen30_gte_6":10601.934275458676,"fa_agreement_hansen30_gte_7":8502.372078742032,"fa_agreement_hansen30_gte_8":5798.46538563242,"fa_copernicus":13042.097720704047,"fa_esa_2009":4709.083461096818,"fa_esa_2020":22342.01860481576,"fa_esri":13131.719292502721,"fa_globeland":15726.344906685768,"fa_hansen10":17576.255115524436,"fa_hansen20":16052.598688173965,"fa_hansen30":14977.612184079595,"fa_jaxa":17654.272529274996,"fa_tandemx":21988.98803307038,"fa_jrc_2020":10947.180780364864,"fra_1a_forestArea":15.569999694824219,"fra_1a_landArea":71.0,"fra_3b_protected":3.3499999046325684,"iso3":"SGP","total_area_ha":59666.900359775194,"year":2020,"fa_copernicus_protected":2346.9364283678838,"fa_esa_2009_protected":1841.251251001057,"fa_esa_2020_protected":2617.0887776512086,"fa_esri_protected":2384.302702943137,"fa_globeland_protected":2617.1534957828167,"fa_hansen10_protected":2574.7760149622104,"fa_hansen20_protected":2559.4040614526757,"fa_hansen30_protected":2542.3340686975216,"fa_jaxa_protected":2478.9395125841206,"fa_tandemx_protected":2475.2839558342484,"fa_jrc_2020_protected":2452.9827345050217,"ba_MODIS_2001":0.0,"ba_MODIS_2002":0.0,"ba_MODIS_2003":0.0,"ba_MODIS_2004":0.0,"ba_MODIS_2005":6.230615294117647,"ba_MODIS_2006":0.0,"ba_MODIS_2007":0.0,"ba_MODIS_2008":0.0,"ba_MODIS_2009":0.0,"ba_MODIS_2010":0.0,"ba_MODIS_2011":24.8253421875,"ba_MODIS_2012":0.0,"ba_MODIS_2013":0.0,"ba_MODIS_2014":0.0,"ba_MODIS_2015":0.0,"ba_MODIS_2016":0.681482512254902,"ba_MODIS_2017":0.0,"ba_MODIS_2018":0.0,"ba_MODIS_2019":0.0,"ba_MODIS_2020":0.0,"ba_MODIS_2021":0.0,"ba_MODIS_2022":0.0,"ba_MODIS_2001_Hansen10":0.0,"ba_MODIS_2002_Hansen10":0.0,"ba_MODIS_2003_Hansen10":0.0,"ba_MODIS_2004_Hansen10":0.0,"ba_MODIS_2005_Hansen10":1.463922753978056,"ba_MODIS_2006_Hansen10":0.0,"ba_MODIS_2007_Hansen10":0.0,"ba_MODIS_2008_Hansen10":0.0,"ba_MODIS_2009_Hansen10":0.0,"ba_MODIS_2010_Hansen10":0.0,"ba_MODIS_2011_Hansen10":7.954044268798824,"ba_MODIS_2012_Hansen10":0.0,"ba_MODIS_2013_Hansen10":0.0,"ba_MODIS_2014_Hansen10":0.0,"ba_MODIS_2015_Hansen10":0.0,"ba_MODIS_2016_Hansen10":0.0,"ba_MODIS_2017_Hansen10":0.0,"ba_MODIS_2018_Hansen10":0.0,"ba_MODIS_2019_Hansen10":0.0,"ba_MODIS_2020_Hansen10":0.0,"ba_MODIS_2021_Hansen10":0.0,"ba_MODIS_2022_Hansen10":0.0}},{"type":"Feature","geometry":{"type":"MultiPoint","coordinates":[]},"properties":{"fa_agreement_esri_esa_glo_hansen10_gte_1":1234989.6576291919,"fa_agreement_esri_esa_glo_hansen10_gte_2":989602.5918423083,"fa_agreement_esri_esa_glo_hansen10_gte_3":738317.1321330721,"fa_agreement_esri_esa_glo_hansen10_gte_4":457549.8811990326,"fa_agreement_esri_esa_gte_1":1036579.797759966,"fa_agreement_esri_esa_gte_2":648548.2912549992,"fa_agreement_hansen10_gte_1":1316794.2079813322,"fa_agreement_hansen10_gte_2":1219587.131659836,"fa_agreement_hansen10_gte_3":1123631.3291820262,"fa_agreement_hansen10_gte_4":1014013.2225182377,"fa_agreement_hansen10_gte_5":882164.9308876503,"fa_agreement_hansen10_gte_6":724620.5816372638,"fa_agreement_hansen10_gte_7":540086.564018845,"fa_agreement_hansen10_gte_8":309400.5060426227,"fa_agreement_hansen30_gte_9":46124.781591500214,"fa_agreement_hansen20_gte_1":1315064.9838194468,"fa_agreement_hansen20_gte_2":1216319.8874960104,"fa_agreement_hansen20_gte_3":1118645.2381063197,"fa_agreement_hansen20_gte_4":1007392.3330751965,"fa_agreement_hansen20_gte_5":874051.4445756684,"fa_agreement_hansen20_gte_6":716726.3252181264,"fa_agreement_hansen20_gte_7":533714.8180760797,"fa_agreement_hansen20_gte_8":305396.5909465576,"fa_agreement_hansen30_gte_1":1360289.6426780846,"fa_agreement_hansen30_gte_2":1212225.2284871056,"fa_agreement_hansen30_gte_3":1111553.281858945,"fa_agreement_hansen30_gte_4":996868.9604204887,"fa_agreement_hansen30_gte_5":860222.305879678,"fa_agreement_hansen30_gte_6":701705.0031975474,"fa_agreement_hansen30_gte_7":520528.63952873106,"fa_agreement_hansen30_gte_8":298494.2006654102,"fa_copernicus":1058422.2181182741,"fa_esa_2009":97204.41471123765,"fa_esa_2020":992087.0950722629,"fa_esri":693085.9510597532,"fa_globeland":910674.498575242,"fa_hansen10":822059.6454642069,"fa_hansen20":776960.0554497326,"fa_hansen30":701056.0029572106,"fa_jaxa":782973.9352179203,"fa_tandemx":1044902.369910673,"fa_jrc_2020":1004646.535646378,"fra_1a_forestArea":921.0999755859375,"fra_1a_landArea":1487.0,"fra_3b_protected":null,"iso3":"TLS","total_area_ha":1495183.394781129,"year":2020,"fa_copernicus_protected":141574.282863349,"fa_esa_2009_protected":23735.332107497263,"fa_esa_2020_protected":127464.14142426196,"fa_esri_protected":104934.82794079269,"fa_globeland_protected":138123.54754432,"fa_hansen10_protected":118881.49686034377,"fa_hansen20_protected":115242.06174870834,"fa_hansen30_protected":109627.28623246896,"fa_jaxa_protected":105190.67877757647,"fa_tandemx_protected":133004.94387525172,"fa_jrc_2020_protected":127369.25884061355,"ba_MODIS_2001":6302.969502671571,"ba_MODIS_2002":23414.326278615183,"ba_MODIS_2003":4597.086531887255,"ba_MODIS_2004":20723.6299738112,"ba_MODIS_2005":21009.815786562547,"ba_MODIS_2006":23360.73310348038,"ba_MODIS_2007":11952.604976703446,"ba_MODIS_2008":14409.425501593152,"ba_MODIS_2009":10558.73445522672,"ba_MODIS_2010":0.0,"ba_MODIS_2011":3389.0162318627454,"ba_MODIS_2012":10918.900286985303,"ba_MODIS_2013":545.8247641727942,"ba_MODIS_2014":20655.302491893322,"ba_MODIS_2015":6206.453135484064,"ba_MODIS_2016":887.7676743014706,"ba_MODIS_2017":7685.788896924013,"ba_MODIS_2018":4737.422360937503,"ba_MODIS_2019":12517.5294765625,"ba_MODIS_2020":5594.659789142152,"ba_MODIS_2021":245.24104843749996,"ba_MODIS_2022":0.0,"ba_MODIS_2001_Hansen10":3474.3823369240145,"ba_MODIS_2002_Hansen10":12887.342473614082,"ba_MODIS_2003_Hansen10":1492.2149589436883,"ba_MODIS_2004_Hansen10":10190.361869245253,"ba_MODIS_2005_Hansen10":7787.853703661704,"ba_MODIS_2006_Hansen10":11175.60036956507,"ba_MODIS_2007_Hansen10":4948.741368302358,"ba_MODIS_2008_Hansen10":6450.181118992702,"ba_MODIS_2009_Hansen10":5439.154415181526,"ba_MODIS_2010_Hansen10":0.0,"ba_MODIS_2011_Hansen10":1683.5670798236924,"ba_MODIS_2012_Hansen10":5214.210816812865,"ba_MODIS_2013_Hansen10":226.20962825137912,"ba_MODIS_2014_Hansen10":9840.3429090395,"ba_MODIS_2015_Hansen10":3345.149356641935,"ba_MODIS_2016_Hansen10":481.2284720215325,"ba_MODIS_2017_Hansen10":3316.2280644246325,"ba_MODIS_2018_Hansen10":2821.2925002502634,"ba_MODIS_2019_Hansen10":7998.60723195193,"ba_MODIS_2020_Hansen10":3341.8617634007105,"ba_MODIS_2021_Hansen10":136.14040042724588,"ba_MODIS_2022_Hansen10":0.0}},{"type":"Feature","geometry":{"type":"MultiPoint","coordinates":[]},"properties":{"fa_agreement_esri_esa_glo_hansen10_gte_1":413175.1655636346,"fa_agreement_esri_esa_glo_hansen10_gte_2":174099.02006410237,"fa_agreement_esri_esa_glo_hansen10_gte_3":101759.44229952112,"fa_agreement_esri_esa_glo_hansen10_gte_4":54230.40966383601,"fa_agreement_esri_esa_gte_1":321363.4075494099,"fa_agreement_esri_esa_gte_2":105407.70909888935,"fa_agreement_hansen10_gte_1":839249.8471368016,"fa_agreement_hansen10_gte_2":364434.86629795417,"fa_agreement_hansen10_gte_3":252690.4906160547,"fa_agreement_hansen10_gte_4":169848.82656988295,"fa_agreement_hansen10_gte_5":122567.02852838323,"fa_agreement_hansen10_gte_6":86202.21586238744,"fa_agreement_hansen10_gte_7":51659.54353241382,"fa_agreement_hansen10_gte_8":26103.6035108102,"fa_agreement_hansen30_gte_9":10210.865350380825,"fa_agreement_hansen20_gte_1":835111.8778540534,"fa_agreement_hansen20_gte_2":361523.2281970214,"fa_agreement_hansen20_gte_3":249886.05589807619,"fa_agreement_hansen20_gte_4":166371.916814616,"fa_agreement_hansen20_gte_5":119351.03046420678,"fa_agreement_hansen20_gte_6":83684.03205211207,"fa_agreement_hansen20_gte_7":50312.490710696446,"fa_agreement_hansen20_gte_8":25611.13721579691,"fa_agreement_hansen30_gte_1":850022.4586603944,"fa_agreement_hansen30_gte_2":360065.26872854854,"fa_agreement_hansen30_gte_3":247956.66807535448,"fa_agreement_hansen30_gte_4":163413.00199911644,"fa_agreement_hansen30_gte_5":115540.93832564245,"fa_agreement_hansen30_gte_6":79766.21594129578,"fa_agreement_hansen30_gte_7":47891.5114183449,"fa_agreement_hansen30_gte_8":24529.946761960844,"fa_copernicus":90367.59539901135,"fa_esa_2009":68267.62464586523,"fa_esa_2020":290529.81630435085,"fa_esri":136228.3728299842,"fa_globeland":187138.11878278735,"fa_hansen10":128992.96240854955,"fa_hansen20":107088.69363362748,"fa_hansen30":86804.50261491157,"fa_jaxa":612898.2035720159,"fa_tandemx":177809.7434555589,"fa_jrc_2020":282432.00682943175,"fra_1a_forestArea":522.0800170898438,"fra_1a_landArea":18363.0,"fra_3b_protected":null,"iso3":"SYR","total_area_ha":1.875001504597644E7,"year":2020,"fa_copernicus_protected":2.702179302978514,"fa_esa_2009_protected":5.730823266601562,"fa_esa_2020_protected":766.1101186417766,"fa_esri_protected":103.94103671669168,"fa_globeland_protected":334.3112953484062,"fa_hansen10_protected":194.88203842948275,"fa_hansen20_protected":108.43123837136635,"fa_hansen30_protected":37.657632892372334,"fa_jaxa_protected":2000.8842035451473,"fa_tandemx_protected":211.05598711143278,"fa_jrc_2020_protected":1132.5841307669841,"ba_MODIS_2001":85023.23433278808,"ba_MODIS_2002":39286.0613431433,"ba_MODIS_2003":53732.09037428319,"ba_MODIS_2004":28840.351300441114,"ba_MODIS_2005":14085.458023584522,"ba_MODIS_2006":11134.540200367626,"ba_MODIS_2007":29545.595069828403,"ba_MODIS_2008":472.1077800000001,"ba_MODIS_2009":32177.733001103057,"ba_MODIS_2010":48237.12959118874,"ba_MODIS_2011":13925.198804025737,"ba_MODIS_2012":26384.867525735317,"ba_MODIS_2013":78698.38468580891,"ba_MODIS_2014":22945.25963981004,"ba_MODIS_2015":130909.3385157596,"ba_MODIS_2016":30206.27152086399,"ba_MODIS_2017":26468.044214374928,"ba_MODIS_2018":13895.097066495098,"ba_MODIS_2019":794885.7914291595,"ba_MODIS_2020":324616.6095062446,"ba_MODIS_2021":36445.852874945085,"ba_MODIS_2022":149.49973174632356,"ba_MODIS_2001_Hansen10":26.032827294921873,"ba_MODIS_2002_Hansen10":63.51000401000978,"ba_MODIS_2003_Hansen10":66.88197272338867,"ba_MODIS_2004_Hansen10":1043.341992125368,"ba_MODIS_2005_Hansen10":66.98046492309568,"ba_MODIS_2006_Hansen10":72.48765949096692,"ba_MODIS_2007_Hansen10":1961.9609321366718,"ba_MODIS_2008_Hansen10":35.63063745117183,"ba_MODIS_2009_Hansen10":72.38628289184574,"ba_MODIS_2010_Hansen10":132.5829107573387,"ba_MODIS_2011_Hansen10":32.02034894380457,"ba_MODIS_2012_Hansen10":7855.321690122572,"ba_MODIS_2013_Hansen10":2128.891763468557,"ba_MODIS_2014_Hansen10":1238.4029702575735,"ba_MODIS_2015_Hansen10":2709.344795587159,"ba_MODIS_2016_Hansen10":1305.9125352233873,"ba_MODIS_2017_Hansen10":1270.7390802917478,"ba_MODIS_2018_Hansen10":182.78239146118128,"ba_MODIS_2019_Hansen10":887.3239173278811,"ba_MODIS_2020_Hansen10":8702.49166679461,"ba_MODIS_2021_Hansen10":359.2627049438488,"ba_MODIS_2022_Hansen10":0.073325439453125}},{"type":"Feature","geometry":{"type":"MultiPoint","coordinates":[]},"properties":{"fa_agreement_esri_esa_glo_hansen10_gte_1":903379.1494596372,"fa_agreement_esri_esa_glo_hansen10_gte_2":409747.1074163175,"fa_agreement_esri_esa_glo_hansen10_gte_3":335037.70728462853,"fa_agreement_esri_esa_glo_hansen10_gte_4":271528.41972476227,"fa_agreement_esri_esa_gte_1":409005.03461724287,"fa_agreement_esri_esa_gte_2":321277.3501157024,"fa_agreement_hansen10_gte_1":1172526.4492799563,"fa_agreement_hansen10_gte_2":562601.6333357113,"fa_agreement_hansen10_gte_3":430519.1124647127,"fa_agreement_hansen10_gte_4":382255.88078798284,"fa_agreement_hansen10_gte_5":348738.0668432993,"fa_agreement_hansen10_gte_6":316990.8602959218,"fa_agreement_hansen10_gte_7":279800.7463487122,"fa_agreement_hansen10_gte_8":233216.89940683506,"fa_agreement_hansen30_gte_9":150246.79825144756,"fa_agreement_hansen20_gte_1":1168796.6461605984,"fa_agreement_hansen20_gte_2":556615.9225657245,"fa_agreement_hansen20_gte_3":425955.4058851395,"fa_agreement_hansen20_gte_4":379160.68809136585,"fa_agreement_hansen20_gte_5":346439.24955444253,"fa_agreement_hansen20_gte_6":315155.26173293113,"fa_agreement_hansen20_gte_7":278454.48213416344,"fa_agreement_hansen20_gte_8":232318.0794793759,"fa_agreement_hansen30_gte_1":1177780.6956265466,"fa_agreement_hansen30_gte_2":552057.1976165194,"fa_agreement_hansen30_gte_3":421515.6355840367,"fa_agreement_hansen30_gte_4":375995.8645939462,"fa_agreement_hansen30_gte_5":343829.4843930336,"fa_agreement_hansen30_gte_6":312887.82741238014,"fa_agreement_hansen30_gte_7":276867.5633568871,"fa_agreement_hansen30_gte_8":231403.7403381321,"fa_copernicus":255666.95461332053,"fa_esa_2009":465275.9599303695,"fa_esa_2020":366694.2703746048,"fa_esri":363610.84661475936,"fa_globeland":802270.4736079396,"fa_hansen10":386985.150783732,"fa_hansen20":361464.961064348,"fa_hansen30":338592.1597613888,"fa_jaxa":521479.04426393774,"fa_tandemx":355526.30232787266,"fa_jrc_2020":409420.72811793815,"fra_1a_forestArea":328.4700012207031,"fra_1a_landArea":2847.0,"fra_3b_protected":null,"iso3":"ARM","total_area_ha":2968154.773317687,"year":2020,"fa_copernicus_protected":53575.605921219656,"fa_esa_2009_protected":89442.95386643066,"fa_esa_2020_protected":82669.57759042113,"fa_esri_protected":84651.54886842989,"fa_globeland_protected":178826.588981085,"fa_hansen10_protected":91087.28368462749,"fa_hansen20_protected":83668.4855984325,"fa_hansen30_protected":78055.50497772358,"fa_jaxa_protected":122197.38848227615,"fa_tandemx_protected":80322.64944354385,"fa_jrc_2020_protected":100200.27573834466,"ba_MODIS_2001":16976.85513363973,"ba_MODIS_2002":5859.500117610277,"ba_MODIS_2003":2715.5821137867633,"ba_MODIS_2004":14811.62689371319,"ba_MODIS_2005":11919.918228578448,"ba_MODIS_2006":25192.130506519497,"ba_MODIS_2007":1269.9604484313727,"ba_MODIS_2008":12242.069349148307,"ba_MODIS_2009":2797.0665985845567,"ba_MODIS_2010":78471.24401278762,"ba_MODIS_2011":6636.923071507352,"ba_MODIS_2012":4713.666925980395,"ba_MODIS_2013":13343.381449031878,"ba_MODIS_2014":5084.052075692406,"ba_MODIS_2015":9682.124607757345,"ba_MODIS_2016":9921.986491783102,"ba_MODIS_2017":26863.67280027565,"ba_MODIS_2018":15682.304366881126,"ba_MODIS_2019":17559.1858681924,"ba_MODIS_2020":3406.3850974693623,"ba_MODIS_2021":11317.764915974265,"ba_MODIS_2022":76.55421875,"ba_MODIS_2001_Hansen10":555.5176959949938,"ba_MODIS_2002_Hansen10":50.03292813569908,"ba_MODIS_2003_Hansen10":73.36739363451179,"ba_MODIS_2004_Hansen10":675.9166630938845,"ba_MODIS_2005_Hansen10":567.1808835231665,"ba_MODIS_2006_Hansen10":2562.2430334442565,"ba_MODIS_2007_Hansen10":191.9506483814907,"ba_MODIS_2008_Hansen10":537.3084565418432,"ba_MODIS_2009_Hansen10":7.104440884004481,"ba_MODIS_2010_Hansen10":5451.395121395383,"ba_MODIS_2011_Hansen10":88.53836470444625,"ba_MODIS_2012_Hansen10":488.9586765417492,"ba_MODIS_2013_Hansen10":507.06261732158515,"ba_MODIS_2014_Hansen10":122.01914724271889,"ba_MODIS_2015_Hansen10":463.70488193055206,"ba_MODIS_2016_Hansen10":605.3270676176451,"ba_MODIS_2017_Hansen10":1273.9033905437648,"ba_MODIS_2018_Hansen10":1209.5589604324564,"ba_MODIS_2019_Hansen10":1273.808643187182,"ba_MODIS_2020_Hansen10":1206.0651893152556,"ba_MODIS_2021_Hansen10":2697.148782489993,"ba_MODIS_2022_Hansen10":1.5156332031250002}},{"type":"Feature","geometry":{"type":"MultiPoint","coordinates":[]},"properties":{"fa_agreement_esri_esa_glo_hansen10_gte_1":5869292.625537065,"fa_agreement_esri_esa_glo_hansen10_gte_2":3744701.599558406,"fa_agreement_esri_esa_glo_hansen10_gte_3":2226341.9681621543,"fa_agreement_esri_esa_glo_hansen10_gte_4":1022327.915866509,"fa_agreement_esri_esa_gte_1":5488049.6209126795,"fa_agreement_esri_esa_gte_2":3224081.9162684483,"fa_agreement_hansen10_gte_1":6712214.930863839,"fa_agreement_hansen10_gte_2":4836696.3362164665,"fa_agreement_hansen10_gte_3":3792995.849262471,"fa_agreement_hansen10_gte_4":3020629.871909968,"fa_agreement_hansen10_gte_5":2385310.6053437456,"fa_agreement_hansen10_gte_6":1837815.891107427,"fa_agreement_hansen10_gte_7":1317793.0300270985,"fa_agreement_hansen10_gte_8":817822.1092597519,"fa_agreement_hansen30_gte_9":178260.36644835782,"fa_agreement_hansen20_gte_1":6587217.0159126455,"fa_agreement_hansen20_gte_2":4764214.631313022,"fa_agreement_hansen20_gte_3":3735510.500904534,"fa_agreement_hansen20_gte_4":2968951.7447606153,"fa_agreement_hansen20_gte_5":2334344.0052851946,"fa_agreement_hansen20_gte_6":1801258.571407257,"fa_agreement_hansen20_gte_7":1296955.2646704854,"fa_agreement_hansen20_gte_8":798107.0894486815,"fa_agreement_hansen30_gte_1":6781970.565637436,"fa_agreement_hansen30_gte_2":4737215.886480498,"fa_agreement_hansen30_gte_3":3701340.218255106,"fa_agreement_hansen30_gte_4":2927353.394575169,"fa_agreement_hansen30_gte_5":2286161.729808234,"fa_agreement_hansen30_gte_6":1761396.1898670492,"fa_agreement_hansen30_gte_7":1274552.0882894031,"fa_agreement_hansen30_gte_8":786159.8470301297,"fa_copernicus":3011478.325075955,"fa_esa_2009":970433.7549097685,"fa_esa_2020":5303923.555842904,"fa_esri":3408269.821511735,"fa_globeland":1659662.619016193,"fa_hansen10":2469048.568919533,"fa_hansen20":2017377.6511155057,"fa_hansen30":1755786.8090882727,"fa_jaxa":2147906.8757938184,"fa_tandemx":4109708.006333402,"fa_jrc_2020":2583852.025453845,"fra_1a_forestArea":1883.4000244140625,"fra_1a_landArea":13017.0,"fra_3b_protected":618.25,"iso3":"BGD","total_area_ha":1.4002225820385456E7,"year":2020,"fa_copernicus_protected":434563.3744687823,"fa_esa_2009_protected":431136.5949160678,"fa_esa_2020_protected":538147.4927917036,"fa_esri_protected":510066.2537497928,"fa_globeland_protected":121550.67526885217,"fa_hansen10_protected":439117.23060214374,"fa_hansen20_protected":403329.95991217444,"fa_hansen30_protected":386801.5640433471,"fa_jaxa_protected":280746.4428888155,"fa_tandemx_protected":285697.6129662618,"fa_jrc_2020_protected":490843.13660383347,"ba_MODIS_2001":95096.7443413101,"ba_MODIS_2002":5613.693879687493,"ba_MODIS_2003":31586.790430055167,"ba_MODIS_2004":18557.114682303923,"ba_MODIS_2005":46276.83187794093,"ba_MODIS_2006":166148.16851456623,"ba_MODIS_2007":45379.94471856617,"ba_MODIS_2008":91048.27028316169,"ba_MODIS_2009":112188.50407028793,"ba_MODIS_2010":26739.959590183837,"ba_MODIS_2011":28597.641562616438,"ba_MODIS_2012":35287.910897328446,"ba_MODIS_2013":120623.38583460163,"ba_MODIS_2014":114323.17770923396,"ba_MODIS_2015":22535.71989637257,"ba_MODIS_2016":9668.771630526962,"ba_MODIS_2017":5898.028357083333,"ba_MODIS_2018":28090.853756078504,"ba_MODIS_2019":21338.455015673993,"ba_MODIS_2020":103147.06003473676,"ba_MODIS_2021":77497.9061489465,"ba_MODIS_2022":0.0,"ba_MODIS_2001_Hansen10":87574.18825937681,"ba_MODIS_2002_Hansen10":1968.6136432190008,"ba_MODIS_2003_Hansen10":29313.649284810086,"ba_MODIS_2004_Hansen10":11814.521903684328,"ba_MODIS_2005_Hansen10":41801.25242314845,"ba_MODIS_2006_Hansen10":150106.95842743246,"ba_MODIS_2007_Hansen10":38388.42162585359,"ba_MODIS_2008_Hansen10":80896.73641930518,"ba_MODIS_2009_Hansen10":104049.88456793028,"ba_MODIS_2010_Hansen10":16280.20313340656,"ba_MODIS_2011_Hansen10":17974.870287346883,"ba_MODIS_2012_Hansen10":31483.51413212717,"ba_MODIS_2013_Hansen10":109477.33749030058,"ba_MODIS_2014_Hansen10":99439.7387206557,"ba_MODIS_2015_Hansen10":17782.61238597852,"ba_MODIS_2016_Hansen10":6987.497301936159,"ba_MODIS_2017_Hansen10":1486.9518496279977,"ba_MODIS_2018_Hansen10":20972.851854988203,"ba_MODIS_2019_Hansen10":14608.4591276989,"ba_MODIS_2020_Hansen10":71680.0378643982,"ba_MODIS_2021_Hansen10":53509.38103455305,"ba_MODIS_2022_Hansen10":0.0}},{"type":"Feature","geometry":{"type":"MultiPoint","coordinates":[]},"properties":{"fa_agreement_esri_esa_glo_hansen10_gte_1":730053.0821286095,"fa_agreement_esri_esa_glo_hansen10_gte_2":163556.5639625888,"fa_agreement_esri_esa_glo_hansen10_gte_3":56695.579277739795,"fa_agreement_esri_esa_glo_hansen10_gte_4":22162.217857390086,"fa_agreement_esri_esa_gte_1":228111.06429778252,"fa_agreement_esri_esa_gte_2":40771.46226417864,"fa_agreement_hansen10_gte_1":1778638.343735721,"fa_agreement_hansen10_gte_2":485985.49674403295,"fa_agreement_hansen10_gte_3":211592.17348572658,"fa_agreement_hansen10_gte_4":124469.38042260436,"fa_agreement_hansen10_gte_5":64918.288113461414,"fa_agreement_hansen10_gte_6":28786.57019604518,"fa_agreement_hansen10_gte_7":8652.380544337595,"fa_agreement_hansen10_gte_8":1167.5121749386756,"fa_agreement_hansen30_gte_9":70.81223086547854,"fa_agreement_hansen20_gte_1":1742559.993216671,"fa_agreement_hansen20_gte_2":472665.85562972265,"fa_agreement_hansen20_gte_3":196871.92193649287,"fa_agreement_hansen20_gte_4":109181.99603497854,"fa_agreement_hansen20_gte_5":57626.87107495554,"fa_agreement_hansen20_gte_6":26505.427737184906,"fa_agreement_hansen20_gte_7":8073.632357464787,"fa_agreement_hansen20_gte_8":1115.6605064680493,"fa_agreement_hansen30_gte_1":1743526.7588808793,"fa_agreement_hansen30_gte_2":466379.4843567189,"fa_agreement_hansen30_gte_3":186421.04421318058,"fa_agreement_hansen30_gte_4":94984.2983551095,"fa_agreement_hansen30_gte_5":47740.96777025225,"fa_agreement_hansen30_gte_6":21627.495374812264,"fa_agreement_hansen30_gte_7":6523.267340543583,"fa_agreement_hansen30_gte_8":963.7333099732625,"fa_copernicus":1338.7404495948244,"fa_esa_2009":21789.81915309125,"fa_esa_2020":171418.51097690096,"fa_esri":97475.73101909326,"fa_globeland":444512.92038301186,"fa_hansen10":262564.9639515699,"fa_hansen20":169094.28795739636,"fa_hansen30":108918.36291047439,"fa_jaxa":718008.6030870047,"fa_tandemx":828506.7995374427,"fa_jrc_2020":212650.68953341345,"fra_1a_forestArea":3689.659912109375,"fra_1a_landArea":42540.0,"fra_3b_protected":3540.0,"iso3":"UZB","total_area_ha":4.482701485210623E7,"year":2020,"fa_copernicus_protected":387.6747525390623,"fa_esa_2009_protected":11294.805614735073,"fa_esa_2020_protected":31759.573616916103,"fa_esri_protected":25033.816740557588,"fa_globeland_protected":214844.32033352042,"fa_hansen10_protected":69089.1290513763,"fa_hansen20_protected":48373.36574395362,"fa_hansen30_protected":29431.538802322113,"fa_jaxa_protected":153154.97764923587,"fa_tandemx_protected":202666.42321286193,"fa_jrc_2020_protected":91724.86599163353,"ba_MODIS_2001":96845.42515768371,"ba_MODIS_2002":30130.17562453435,"ba_MODIS_2003":56778.861813529315,"ba_MODIS_2004":56527.59744619454,"ba_MODIS_2005":86152.67766649461,"ba_MODIS_2006":47142.85139749376,"ba_MODIS_2007":36305.96106495704,"ba_MODIS_2008":44307.34904110902,"ba_MODIS_2009":57833.45819723608,"ba_MODIS_2010":7489.395115637257,"ba_MODIS_2011":40134.11194878063,"ba_MODIS_2012":75890.68422103557,"ba_MODIS_2013":54308.940845428886,"ba_MODIS_2014":74912.87940510405,"ba_MODIS_2015":43809.72439137257,"ba_MODIS_2016":31987.81190013482,"ba_MODIS_2017":39515.067934350496,"ba_MODIS_2018":81141.15575673396,"ba_MODIS_2019":61122.91554945446,"ba_MODIS_2020":42406.88803392156,"ba_MODIS_2021":89054.35615278788,"ba_MODIS_2022":483.1355094485293,"ba_MODIS_2001_Hansen10":9754.088571057135,"ba_MODIS_2002_Hansen10":6884.814628213415,"ba_MODIS_2003_Hansen10":1060.6010886028491,"ba_MODIS_2004_Hansen10":1778.5836837362174,"ba_MODIS_2005_Hansen10":1131.371958407796,"ba_MODIS_2006_Hansen10":1218.0216898218935,"ba_MODIS_2007_Hansen10":3347.613508911439,"ba_MODIS_2008_Hansen10":3799.0233273594777,"ba_MODIS_2009_Hansen10":6823.787432640285,"ba_MODIS_2010_Hansen10":368.4515763597907,"ba_MODIS_2011_Hansen10":4043.3015350517235,"ba_MODIS_2012_Hansen10":2009.3608063903819,"ba_MODIS_2013_Hansen10":1913.013871097339,"ba_MODIS_2014_Hansen10":3195.676232490466,"ba_MODIS_2015_Hansen10":1831.7676388147925,"ba_MODIS_2016_Hansen10":1204.435252548255,"ba_MODIS_2017_Hansen10":2114.169058916668,"ba_MODIS_2018_Hansen10":3705.552357568413,"ba_MODIS_2019_Hansen10":4599.057788476515,"ba_MODIS_2020_Hansen10":3024.5102320548863,"ba_MODIS_2021_Hansen10":8180.679264717139,"ba_MODIS_2022_Hansen10":63.867202960516394}},{"type":"Feature","geometry":{"type":"MultiPoint","coordinates":[]},"properties":{"fa_agreement_esri_esa_glo_hansen10_gte_1":50723.21346410202,"fa_agreement_esri_esa_glo_hansen10_gte_2":12422.300404520376,"fa_agreement_esri_esa_glo_hansen10_gte_3":5705.495143645731,"fa_agreement_esri_esa_glo_hansen10_gte_4":2340.6349640075887,"fa_agreement_esri_esa_gte_1":41783.78107602336,"fa_agreement_esri_esa_gte_2":8016.449034161745,"fa_agreement_hansen10_gte_1":195581.33982896438,"fa_agreement_hansen10_gte_2":35323.60384775685,"fa_agreement_hansen10_gte_3":17308.32711283376,"fa_agreement_hansen10_gte_4":10430.269823533989,"fa_agreement_hansen10_gte_5":6278.5087693053265,"fa_agreement_hansen10_gte_6":3136.286320712582,"fa_agreement_hansen10_gte_7":568.9427238353068,"fa_agreement_hansen10_gte_8":64.03067788997876,"fa_agreement_hansen30_gte_9":0.0,"fa_agreement_hansen20_gte_1":195554.0841712058,"fa_agreement_hansen20_gte_2":35220.66269006493,"fa_agreement_hansen20_gte_3":17213.005253213574,"fa_agreement_hansen20_gte_4":10321.586979783886,"fa_agreement_hansen20_gte_5":6092.660070193436,"fa_agreement_hansen20_gte_6":2929.0619595015714,"fa_agreement_hansen20_gte_7":526.5503326172361,"fa_agreement_hansen20_gte_8":61.3734330596565,"fa_agreement_hansen30_gte_1":197133.2495753938,"fa_agreement_hansen30_gte_2":35195.42904955222,"fa_agreement_hansen30_gte_3":17172.646521897255,"fa_agreement_hansen30_gte_4":10223.874586137994,"fa_agreement_hansen30_gte_5":5811.635121896243,"fa_agreement_hansen30_gte_6":2479.4140998806715,"fa_agreement_hansen30_gte_7":422.85821997369584,"fa_agreement_hansen30_gte_8":43.816524053213094,"fa_copernicus":746.4058686665147,"fa_esa_2009":0.0,"fa_esa_2020":38402.63675053984,"fa_esri":11414.583696706064,"fa_globeland":17446.553544362672,"fa_hansen10":4151.86936605543,"fa_hansen20":3347.278391343678,"fa_hansen30":2308.2107290752715,"fa_jaxa":133208.27716993928,"fa_tandemx":45750.107300647964,"fa_jrc_2020":22145.59876441623,"fra_1a_forestArea":97.5,"fra_1a_landArea":8878.0,"fra_3b_protected":null,"iso3":"JOR","total_area_ha":8920335.931995248,"year":2020,"fa_copernicus_protected":120.93661621704072,"fa_esa_2009_protected":0.0,"fa_esa_2020_protected":1522.534432071948,"fa_esri_protected":1294.150804185003,"fa_globeland_protected":1571.7974779113624,"fa_hansen10_protected":509.9349589599647,"fa_hansen20_protected":469.0708006774905,"fa_hansen30_protected":360.87036646118213,"fa_jaxa_protected":2139.489162396245,"fa_tandemx_protected":3451.3208786645096,"fa_jrc_2020_protected":1710.9727358869563,"ba_MODIS_2001":1102.584979148284,"ba_MODIS_2002":357.593862254902,"ba_MODIS_2003":239.01208750000006,"ba_MODIS_2004":55.99524390931373,"ba_MODIS_2005":2461.009997058826,"ba_MODIS_2006":0.0,"ba_MODIS_2007":41.8720875,"ba_MODIS_2008":5.036665343137255,"ba_MODIS_2009":0.0,"ba_MODIS_2010":18.878433848039215,"ba_MODIS_2011":227.55575583333334,"ba_MODIS_2012":21.67824375,"ba_MODIS_2013":12.747931311274508,"ba_MODIS_2014":0.0,"ba_MODIS_2015":316.50971357230395,"ba_MODIS_2016":707.6767937500001,"ba_MODIS_2017":708.1783358517156,"ba_MODIS_2018":0.0,"ba_MODIS_2019":246.32741020220587,"ba_MODIS_2020":723.1987191299017,"ba_MODIS_2021":193.25091278186275,"ba_MODIS_2022":0.0,"ba_MODIS_2001_Hansen10":0.0,"ba_MODIS_2002_Hansen10":0.0,"ba_MODIS_2003_Hansen10":0.0,"ba_MODIS_2004_Hansen10":0.0,"ba_MODIS_2005_Hansen10":0.0,"ba_MODIS_2006_Hansen10":0.0,"ba_MODIS_2007_Hansen10":0.0,"ba_MODIS_2008_Hansen10":0.0,"ba_MODIS_2009_Hansen10":0.0,"ba_MODIS_2010_Hansen10":1.7406023132324215,"ba_MODIS_2011_Hansen10":0.0,"ba_MODIS_2012_Hansen10":0.0,"ba_MODIS_2013_Hansen10":0.07550068969726563,"ba_MODIS_2014_Hansen10":0.0,"ba_MODIS_2015_Hansen10":0.0,"ba_MODIS_2016_Hansen10":0.0,"ba_MODIS_2017_Hansen10":0.0,"ba_MODIS_2018_Hansen10":0.0,"ba_MODIS_2019_Hansen10":0.0,"ba_MODIS_2020_Hansen10":0.0,"ba_MODIS_2021_Hansen10":0.0,"ba_MODIS_2022_Hansen10":0.0}},{"type":"Feature","geometry":{"type":"MultiPoint","coordinates":[]},"properties":{"fa_agreement_esri_esa_glo_hansen10_gte_1":621783.9408939912,"fa_agreement_esri_esa_glo_hansen10_gte_2":161169.8118988278,"fa_agreement_esri_esa_glo_hansen10_gte_3":54959.29164647537,"fa_agreement_esri_esa_glo_hansen10_gte_4":19661.988898630127,"fa_agreement_esri_esa_gte_1":192902.63522173473,"fa_agreement_esri_esa_gte_2":46623.42417958217,"fa_agreement_hansen10_gte_1":2436416.7616601847,"fa_agreement_hansen10_gte_2":442257.572655898,"fa_agreement_hansen10_gte_3":200836.7453616766,"fa_agreement_hansen10_gte_4":108167.59135816591,"fa_agreement_hansen10_gte_5":50150.490626747815,"fa_agreement_hansen10_gte_6":20321.249033998283,"fa_agreement_hansen10_gte_7":4697.784738586949,"fa_agreement_hansen10_gte_8":618.2944923765947,"fa_agreement_hansen30_gte_9":49.08073590913662,"fa_agreement_hansen20_gte_1":2422837.4063964477,"fa_agreement_hansen20_gte_2":426616.50432779355,"fa_agreement_hansen20_gte_3":183941.098734374,"fa_agreement_hansen20_gte_4":97063.97169833569,"fa_agreement_hansen20_gte_5":45510.48272050477,"fa_agreement_hansen20_gte_6":18898.71698852216,"fa_agreement_hansen20_gte_7":4482.692307194624,"fa_agreement_hansen20_gte_8":604.5610053240899,"fa_agreement_hansen30_gte_1":2416747.4176323484,"fa_agreement_hansen30_gte_2":420789.37324803974,"fa_agreement_hansen30_gte_3":171249.45097868764,"fa_agreement_hansen30_gte_4":84436.31182262198,"fa_agreement_hansen30_gte_5":37789.80039002669,"fa_agreement_hansen30_gte_6":15707.553886274514,"fa_agreement_hansen30_gte_7":3932.001426177693,"fa_agreement_hansen30_gte_8":571.1587744253162,"fa_copernicus":1288.6042150089968,"fa_esa_2009":10900.902665438152,"fa_esa_2020":153639.42457716013,"fa_esri":85877.30332048568,"fa_globeland":444563.81482184195,"fa_hansen10":175945.67173343172,"fa_hansen20":108570.89912100665,"fa_hansen30":61337.5412320175,"fa_jaxa":898170.9787632464,"fa_tandemx":1274210.7193802297,"fa_jrc_2020":273829.1969044674,"fra_1a_forestArea":423.79998779296875,"fra_1a_landArea":13879.0,"fra_3b_protected":null,"iso3":"TJK","total_area_ha":1.4124490114273135E7,"year":2020,"fa_copernicus_protected":273.71296943359386,"fa_esa_2009_protected":638.8127648817581,"fa_esa_2020_protected":14783.739743359496,"fa_esri_protected":11364.149430955524,"fa_globeland_protected":38531.40586287563,"fa_hansen10_protected":23377.8960011308,"fa_hansen20_protected":15709.596450991221,"fa_hansen30_protected":10517.1700462695,"fa_jaxa_protected":242824.3711664862,"fa_tandemx_protected":118448.10238184205,"fa_jrc_2020_protected":32782.593070663424,"ba_MODIS_2001":44.71975337009804,"ba_MODIS_2002":6664.828291047796,"ba_MODIS_2003":19994.256234246306,"ba_MODIS_2004":23745.01646164219,"ba_MODIS_2005":5226.0509509252515,"ba_MODIS_2006":8036.64891606618,"ba_MODIS_2007":7753.85287272058,"ba_MODIS_2008":604.9595622181373,"ba_MODIS_2009":3067.635222003675,"ba_MODIS_2010":4929.446209375,"ba_MODIS_2011":1840.8845968811286,"ba_MODIS_2012":2025.5176046874985,"ba_MODIS_2013":9891.629427751219,"ba_MODIS_2014":4195.792183308826,"ba_MODIS_2015":474.73468119485295,"ba_MODIS_2016":1326.7521151531864,"ba_MODIS_2017":599.4201991666664,"ba_MODIS_2018":346.4040714460785,"ba_MODIS_2019":214.9544843382353,"ba_MODIS_2020":12318.940400508574,"ba_MODIS_2021":4342.204475802698,"ba_MODIS_2022":0.0,"ba_MODIS_2001_Hansen10":0.0,"ba_MODIS_2002_Hansen10":7.473226464843749,"ba_MODIS_2003_Hansen10":15.171108959960941,"ba_MODIS_2004_Hansen10":102.52978355102533,"ba_MODIS_2005_Hansen10":15.156701055908208,"ba_MODIS_2006_Hansen10":190.0262673782873,"ba_MODIS_2007_Hansen10":69.80246934639723,"ba_MODIS_2008_Hansen10":24.639278596646186,"ba_MODIS_2009_Hansen10":9.18333588867187,"ba_MODIS_2010_Hansen10":0.0,"ba_MODIS_2011_Hansen10":133.54784072090916,"ba_MODIS_2012_Hansen10":11.750777838134761,"ba_MODIS_2013_Hansen10":46.884306620567166,"ba_MODIS_2014_Hansen10":8.697425324012908,"ba_MODIS_2015_Hansen10":24.183591033935553,"ba_MODIS_2016_Hansen10":97.50093021240235,"ba_MODIS_2017_Hansen10":39.670569251804736,"ba_MODIS_2018_Hansen10":60.10447377319337,"ba_MODIS_2019_Hansen10":0.27378287353515623,"ba_MODIS_2020_Hansen10":31.822727763408537,"ba_MODIS_2021_Hansen10":147.23315775756822,"ba_MODIS_2022_Hansen10":0.0}},{"type":"Feature","geometry":{"type":"MultiPoint","coordinates":[]},"properties":{"fa_agreement_esri_esa_glo_hansen10_gte_1":257243.91151342232,"fa_agreement_esri_esa_glo_hansen10_gte_2":130262.46767035553,"fa_agreement_esri_esa_glo_hansen10_gte_3":80239.92243405248,"fa_agreement_esri_esa_glo_hansen10_gte_4":42640.41382724086,"fa_agreement_esri_esa_gte_1":233654.01194049226,"fa_agreement_esri_esa_gte_2":90412.95473800968,"fa_agreement_hansen10_gte_1":527886.1382411666,"fa_agreement_hansen10_gte_2":255977.560408683,"fa_agreement_hansen10_gte_3":185658.37048607544,"fa_agreement_hansen10_gte_4":133705.47130895391,"fa_agreement_hansen10_gte_5":98497.5504020144,"fa_agreement_hansen10_gte_6":70030.76208476957,"fa_agreement_hansen10_gte_7":43922.91546011765,"fa_agreement_hansen10_gte_8":19962.127451991233,"fa_agreement_hansen30_gte_9":4616.460773413537,"fa_agreement_hansen20_gte_1":527213.5890423445,"fa_agreement_hansen20_gte_2":254521.70396751488,"fa_agreement_hansen20_gte_3":183622.77843837056,"fa_agreement_hansen20_gte_4":130963.39945710584,"fa_agreement_hansen20_gte_5":95840.89232248474,"fa_agreement_hansen20_gte_6":67629.50384041942,"fa_agreement_hansen20_gte_7":42237.31060590517,"fa_agreement_hansen20_gte_8":19267.41342699653,"fa_agreement_hansen30_gte_1":537159.0683504911,"fa_agreement_hansen30_gte_2":254031.90228104405,"fa_agreement_hansen30_gte_3":182484.11064172484,"fa_agreement_hansen30_gte_4":128883.93285923103,"fa_agreement_hansen30_gte_5":93285.33652683633,"fa_agreement_hansen30_gte_6":64733.17084937445,"fa_agreement_hansen30_gte_7":39823.27948046671,"fa_agreement_hansen30_gte_8":18216.47469985283,"fa_copernicus":93345.04435904618,"fa_esa_2009":22350.235681219256,"fa_esa_2020":226552.4256671513,"fa_esri":97533.99082400503,"fa_globeland":93741.6846501728,"fa_hansen10":91672.81067067508,"fa_hansen20":76621.41267795836,"fa_hansen30":63186.75748473936,"fa_jaxa":481530.2670335658,"fa_tandemx":70850.10781104304,"fa_jrc_2020":192282.80446466594,"fra_1a_forestArea":143.3300018310547,"fra_1a_landArea":1023.0,"fra_3b_protected":null,"iso3":"LBN","total_area_ha":1021941.890057411,"year":2020,"fa_copernicus_protected":1969.0784370380134,"fa_esa_2009_protected":327.31649293873227,"fa_esa_2020_protected":4546.827342526555,"fa_esri_protected":3536.7448206091576,"fa_globeland_protected":3083.8908725396036,"fa_hansen10_protected":2003.0161201607211,"fa_hansen20_protected":1768.842807758909,"fa_hansen30_protected":1525.7115119793127,"fa_jaxa_protected":15917.524978923457,"fa_tandemx_protected":2211.6094347551284,"fa_jrc_2020_protected":5266.407504832224,"ba_MODIS_2001":0.0,"ba_MODIS_2002":20.73378125,"ba_MODIS_2003":143.75293281249998,"ba_MODIS_2004":226.8796296875,"ba_MODIS_2005":0.0,"ba_MODIS_2006":1530.8691431924015,"ba_MODIS_2007":1408.0462093749998,"ba_MODIS_2008":0.0,"ba_MODIS_2009":0.0,"ba_MODIS_2010":869.652759375,"ba_MODIS_2011":41.508015625,"ba_MODIS_2012":20.7401734375,"ba_MODIS_2013":230.23288210784315,"ba_MODIS_2014":0.0,"ba_MODIS_2015":103.92582656249999,"ba_MODIS_2016":0.0,"ba_MODIS_2017":145.14073125,"ba_MODIS_2018":0.0,"ba_MODIS_2019":1161.5252812499991,"ba_MODIS_2020":1143.7391631740197,"ba_MODIS_2021":964.4295011948527,"ba_MODIS_2022":0.0,"ba_MODIS_2001_Hansen10":0.0,"ba_MODIS_2002_Hansen10":5.2501951843261665,"ba_MODIS_2003_Hansen10":1.7743243041992185,"ba_MODIS_2004_Hansen10":35.075996466064495,"ba_MODIS_2005_Hansen10":0.0,"ba_MODIS_2006_Hansen10":172.25237158813445,"ba_MODIS_2007_Hansen10":189.4968950805664,"ba_MODIS_2008_Hansen10":0.0,"ba_MODIS_2009_Hansen10":0.0,"ba_MODIS_2010_Hansen10":225.8654188354496,"ba_MODIS_2011_Hansen10":0.4482980895996094,"ba_MODIS_2012_Hansen10":1.8666057556152336,"ba_MODIS_2013_Hansen10":16.997895689936623,"ba_MODIS_2014_Hansen10":0.0,"ba_MODIS_2015_Hansen10":66.02607918701185,"ba_MODIS_2016_Hansen10":0.0,"ba_MODIS_2017_Hansen10":10.076658624267584,"ba_MODIS_2018_Hansen10":0.0,"ba_MODIS_2019_Hansen10":338.28693237305,"ba_MODIS_2020_Hansen10":216.69752157805806,"ba_MODIS_2021_Hansen10":220.06513968278526,"ba_MODIS_2022_Hansen10":0.0}},{"type":"Feature","geometry":{"type":"MultiPoint","coordinates":[]},"properties":{"fa_agreement_esri_esa_glo_hansen10_gte_1":4190537.5317203724,"fa_agreement_esri_esa_glo_hansen10_gte_2":1817901.7079607002,"fa_agreement_esri_esa_glo_hansen10_gte_3":1045779.2772069958,"fa_agreement_esri_esa_glo_hansen10_gte_4":553356.9866318228,"fa_agreement_esri_esa_gte_1":2952711.1493026484,"fa_agreement_esri_esa_gte_2":1159000.249775502,"fa_agreement_hansen10_gte_1":7513871.156409969,"fa_agreement_hansen10_gte_2":2791547.8937131795,"fa_agreement_hansen10_gte_3":1858617.7899470823,"fa_agreement_hansen10_gte_4":1378881.6027926565,"fa_agreement_hansen10_gte_5":998937.0739447711,"fa_agreement_hansen10_gte_6":680799.9731828102,"fa_agreement_hansen10_gte_7":403180.84449171904,"fa_agreement_hansen10_gte_8":182543.35422105793,"fa_agreement_hansen30_gte_9":31679.31465067644,"fa_agreement_hansen20_gte_1":7491376.330016661,"fa_agreement_hansen20_gte_2":2753849.718125541,"fa_agreement_hansen20_gte_3":1809366.1546191114,"fa_agreement_hansen20_gte_4":1321430.5247361395,"fa_agreement_hansen20_gte_5":948640.9151628999,"fa_agreement_hansen20_gte_6":647717.1899998874,"fa_agreement_hansen20_gte_7":386641.58791237127,"fa_agreement_hansen20_gte_8":176542.45722092682,"fa_agreement_hansen30_gte_1":7557509.8754433915,"fa_agreement_hansen30_gte_2":2742686.727658037,"fa_agreement_hansen30_gte_3":1782044.4782463124,"fa_agreement_hansen30_gte_4":1281490.6977759097,"fa_agreement_hansen30_gte_5":908086.9651157202,"fa_agreement_hansen30_gte_6":620224.6809266534,"fa_agreement_hansen30_gte_7":372017.2126740837,"fa_agreement_hansen30_gte_8":170407.9835057315,"fa_copernicus":505094.8931094217,"fa_esa_2009":419224.5447270106,"fa_esa_2020":2524344.9714977415,"fa_esri":1587247.0844508826,"fa_globeland":2337827.6046826476,"fa_hansen10":1176823.0931738764,"fa_hansen20":888707.5888120984,"fa_hansen30":709836.6866725066,"fa_jaxa":1567519.5391153258,"fa_tandemx":4131275.5705349394,"fa_jrc_2020":1910424.8301642165,"fra_1a_forestArea":3725.89990234375,"fra_1a_landArea":77088.0,"fra_3b_protected":null,"iso3":"PAK","total_area_ha":7.946060513351774E7,"year":2020,"fa_copernicus_protected":9450.39485166931,"fa_esa_2009_protected":20522.51168819572,"fa_esa_2020_protected":137282.56395293234,"fa_esri_protected":82915.77748224729,"fa_globeland_protected":111735.12368467299,"fa_hansen10_protected":45935.10937723349,"fa_hansen20_protected":30818.368975086018,"fa_hansen30_protected":19771.085091160683,"fa_jaxa_protected":39144.25956999087,"fa_tandemx_protected":155997.05864079125,"fa_jrc_2020_protected":88999.10342867329,"ba_MODIS_2001":61539.41788791074,"ba_MODIS_2002":109205.16671663684,"ba_MODIS_2003":142879.04644023292,"ba_MODIS_2004":249184.5110696415,"ba_MODIS_2005":344206.6468104244,"ba_MODIS_2006":106836.32772094989,"ba_MODIS_2007":116126.83727200344,"ba_MODIS_2008":148376.24031238953,"ba_MODIS_2009":180399.59450891544,"ba_MODIS_2010":191403.71753420978,"ba_MODIS_2011":126370.21277804536,"ba_MODIS_2012":197766.6299266183,"ba_MODIS_2013":253686.75012262946,"ba_MODIS_2014":142466.23074392191,"ba_MODIS_2015":130513.5243243807,"ba_MODIS_2016":236404.83543652573,"ba_MODIS_2017":266640.9626979965,"ba_MODIS_2018":306677.4992189795,"ba_MODIS_2019":181253.90037645245,"ba_MODIS_2020":174430.470494406,"ba_MODIS_2021":289821.58996891644,"ba_MODIS_2022":29391.16798605394,"ba_MODIS_2001_Hansen10":358.95444869600215,"ba_MODIS_2002_Hansen10":3693.961829870629,"ba_MODIS_2003_Hansen10":230.45904324170994,"ba_MODIS_2004_Hansen10":3207.148252243491,"ba_MODIS_2005_Hansen10":5177.784767765484,"ba_MODIS_2006_Hansen10":4088.0853221994003,"ba_MODIS_2007_Hansen10":6361.817916025487,"ba_MODIS_2008_Hansen10":312.8168488098143,"ba_MODIS_2009_Hansen10":7156.288561556859,"ba_MODIS_2010_Hansen10":1667.515554622611,"ba_MODIS_2011_Hansen10":922.8291795120065,"ba_MODIS_2012_Hansen10":3805.5958373929693,"ba_MODIS_2013_Hansen10":551.4972055181768,"ba_MODIS_2014_Hansen10":1469.381020840333,"ba_MODIS_2015_Hansen10":673.9348768074784,"ba_MODIS_2016_Hansen10":6293.432863554692,"ba_MODIS_2017_Hansen10":2084.6760512104916,"ba_MODIS_2018_Hansen10":3511.02846984519,"ba_MODIS_2019_Hansen10":1605.5099362774415,"ba_MODIS_2020_Hansen10":1013.5214536546654,"ba_MODIS_2021_Hansen10":5650.5830443126315,"ba_MODIS_2022_Hansen10":315.9045727661133}},{"type":"Feature","geometry":{"type":"MultiPoint","coordinates":[]},"properties":{"fa_agreement_esri_esa_glo_hansen10_gte_1":5361549.548734425,"fa_agreement_esri_esa_glo_hansen10_gte_2":2299541.9110995033,"fa_agreement_esri_esa_glo_hansen10_gte_3":1885543.9150536307,"fa_agreement_esri_esa_glo_hansen10_gte_4":1562692.8615628257,"fa_agreement_esri_esa_gte_1":2860659.4717977536,"fa_agreement_esri_esa_gte_2":1926374.8952769835,"fa_agreement_hansen10_gte_1":1.367597621481621E7,"fa_agreement_hansen10_gte_2":4443795.399861146,"fa_agreement_hansen10_gte_3":2624271.6773542515,"fa_agreement_hansen10_gte_4":2188003.8434122475,"fa_agreement_hansen10_gte_5":1965199.5847623467,"fa_agreement_hansen10_gte_6":1798991.898511695,"fa_agreement_hansen10_gte_7":1649171.8603607013,"fa_agreement_hansen10_gte_8":1467381.1732740053,"fa_agreement_hansen30_gte_9":1057012.0313218248,"fa_agreement_hansen20_gte_1":1.365311924034666E7,"fa_agreement_hansen20_gte_2":4421134.865020019,"fa_agreement_hansen20_gte_3":2602849.3307820633,"fa_agreement_hansen20_gte_4":2168787.1123239654,"fa_agreement_hansen20_gte_5":1949289.3828826756,"fa_agreement_hansen20_gte_6":1786975.645699556,"fa_agreement_hansen20_gte_7":1640892.547854668,"fa_agreement_hansen20_gte_8":1460131.4771606496,"fa_agreement_hansen30_gte_1":1.3689779045661299E7,"fa_agreement_hansen30_gte_2":4406437.300443224,"fa_agreement_hansen30_gte_3":2586262.721537568,"fa_agreement_hansen30_gte_4":2153407.1664757133,"fa_agreement_hansen30_gte_5":1935921.6024167084,"fa_agreement_hansen30_gte_6":1775137.892630766,"fa_agreement_hansen30_gte_7":1630225.2586765727,"fa_agreement_hansen30_gte_8":1448482.6653814565,"fa_copernicus":1655960.9109423303,"fa_esa_2009":1554747.3048399368,"fa_esa_2020":2676840.08447689,"fa_esri":2110254.7172833583,"fa_globeland":4313750.14805862,"fa_hansen10":2012790.050302608,"fa_hansen20":1868514.7057017481,"fa_hansen30":1742789.6365156139,"fa_jaxa":7207124.021063209,"fa_tandemx":7101087.35999637,"fa_jrc_2020":2496666.337194657,"fra_1a_forestArea":10751.8701171875,"fra_1a_landArea":162876.0,"fra_3b_protected":1510.0,"iso3":"IRN","total_area_ha":1.679823957478698E8,"year":2020,"fa_copernicus_protected":83091.59364346281,"fa_esa_2009_protected":87123.3468042198,"fa_esa_2020_protected":134890.924962896,"fa_esri_protected":119460.07590580448,"fa_globeland_protected":148591.63650193185,"fa_hansen10_protected":125822.16846082006,"fa_hansen20_protected":116047.4174425254,"fa_hansen30_protected":107080.1906344551,"fa_jaxa_protected":241509.9407793571,"fa_tandemx_protected":213177.00771861378,"fa_jrc_2020_protected":133783.50569072602,"ba_MODIS_2001":84118.77621923394,"ba_MODIS_2002":342030.0040883086,"ba_MODIS_2003":268870.41708999965,"ba_MODIS_2004":326500.5322260062,"ba_MODIS_2005":285273.60145757906,"ba_MODIS_2006":322143.92790969997,"ba_MODIS_2007":433947.76280721446,"ba_MODIS_2008":224698.4007186329,"ba_MODIS_2009":215758.41762282542,"ba_MODIS_2010":569858.3133430224,"ba_MODIS_2011":278326.89020683896,"ba_MODIS_2012":109987.75215761081,"ba_MODIS_2013":201096.98439286344,"ba_MODIS_2014":212666.99216778795,"ba_MODIS_2015":216439.38887392226,"ba_MODIS_2016":252314.77049620153,"ba_MODIS_2017":234830.86451125127,"ba_MODIS_2018":166240.31140816282,"ba_MODIS_2019":316762.85026344564,"ba_MODIS_2020":346983.8611772384,"ba_MODIS_2021":183530.03883780685,"ba_MODIS_2022":31577.051727696064,"ba_MODIS_2001_Hansen10":519.3808253079767,"ba_MODIS_2002_Hansen10":1454.024343548821,"ba_MODIS_2003_Hansen10":788.7181783989881,"ba_MODIS_2004_Hansen10":780.1596459863281,"ba_MODIS_2005_Hansen10":1026.9513031173417,"ba_MODIS_2006_Hansen10":804.5618069932423,"ba_MODIS_2007_Hansen10":1262.8079875970282,"ba_MODIS_2008_Hansen10":1607.8705726592154,"ba_MODIS_2009_Hansen10":3891.9253831328065,"ba_MODIS_2010_Hansen10":22692.92543116996,"ba_MODIS_2011_Hansen10":1271.8989220530568,"ba_MODIS_2012_Hansen10":1510.5089814798534,"ba_MODIS_2013_Hansen10":790.4718231521178,"ba_MODIS_2014_Hansen10":2159.1373216056336,"ba_MODIS_2015_Hansen10":1760.2296404097335,"ba_MODIS_2016_Hansen10":1223.4943082578625,"ba_MODIS_2017_Hansen10":3126.665764996522,"ba_MODIS_2018_Hansen10":4040.080856578081,"ba_MODIS_2019_Hansen10":863.6622009875476,"ba_MODIS_2020_Hansen10":1013.712289742671,"ba_MODIS_2021_Hansen10":6117.158193230759,"ba_MODIS_2022_Hansen10":187.04384751476837}},{"type":"Feature","geometry":{"type":"MultiPoint","coordinates":[]},"properties":{"fa_agreement_esri_esa_glo_hansen10_gte_1":224149.8035988767,"fa_agreement_esri_esa_glo_hansen10_gte_2":78230.84113489241,"fa_agreement_esri_esa_glo_hansen10_gte_3":41733.88012563131,"fa_agreement_esri_esa_glo_hansen10_gte_4":17260.51787398523,"fa_agreement_esri_esa_gte_1":169876.1435442156,"fa_agreement_esri_esa_gte_2":53424.39478959674,"fa_agreement_hansen10_gte_1":428138.6126864875,"fa_agreement_hansen10_gte_2":165805.7344923072,"fa_agreement_hansen10_gte_3":100628.59677185607,"fa_agreement_hansen10_gte_4":69535.31160679711,"fa_agreement_hansen10_gte_5":47945.33166870928,"fa_agreement_hansen10_gte_6":29162.58807615791,"fa_agreement_hansen10_gte_7":12429.386459183108,"fa_agreement_hansen10_gte_8":3025.620441177037,"fa_agreement_hansen30_gte_9":257.6024034716328,"fa_agreement_hansen20_gte_1":427713.1529406161,"fa_agreement_hansen20_gte_2":165026.46993500917,"fa_agreement_hansen20_gte_3":99534.88919643887,"fa_agreement_hansen20_gte_4":67796.23834680309,"fa_agreement_hansen20_gte_5":46024.2939619046,"fa_agreement_hansen20_gte_6":27394.416632737903,"fa_agreement_hansen20_gte_7":11577.465380813495,"fa_agreement_hansen20_gte_8":2918.661880917077,"fa_agreement_hansen30_gte_1":433181.64968304883,"fa_agreement_hansen30_gte_2":164485.89057886627,"fa_agreement_hansen30_gte_3":98733.15808377333,"fa_agreement_hansen30_gte_4":66335.52383714291,"fa_agreement_hansen30_gte_5":43707.319554316426,"fa_agreement_hansen30_gte_6":24660.592738703817,"fa_agreement_hansen30_gte_7":9881.317398985371,"fa_agreement_hansen30_gte_8":2642.0968438616987,"fa_copernicus":15007.796816119688,"fa_esa_2009":3057.234979993868,"fa_esa_2020":156999.81930545135,"fa_esri":66281.90472070653,"fa_globeland":91639.35143375988,"fa_hansen10":46701.511663999605,"fa_hansen20":37754.89363515621,"fa_hansen30":27375.585789758934,"fa_jaxa":308364.772619847,"fa_tandemx":80120.31567171926,"fa_jrc_2020":106509.65703570054,"fra_1a_forestArea":140.0,"fra_1a_landArea":2164.0,"fra_3b_protected":30.0,"iso3":"ISR","total_area_ha":2078762.115401276,"year":2020,"fa_copernicus_protected":6030.6682014528815,"fa_esa_2009_protected":1627.0515409179673,"fa_esa_2020_protected":22059.134446556,"fa_esri_protected":19058.113585799587,"fa_globeland_protected":19441.20063970527,"fa_hansen10_protected":14480.20137220451,"fa_hansen20_protected":12588.428708642483,"fa_hansen30_protected":10145.169419441394,"fa_jaxa_protected":63637.54400196891,"fa_tandemx_protected":8056.325397767559,"fa_jrc_2020_protected":27833.338263108108,"ba_MODIS_2001":817.6518002267159,"ba_MODIS_2002":935.3959218749992,"ba_MODIS_2003":1987.4114531250011,"ba_MODIS_2004":2271.5095859374987,"ba_MODIS_2005":2182.9014314583314,"ba_MODIS_2006":2051.2767290257343,"ba_MODIS_2007":1977.8480653860286,"ba_MODIS_2008":432.16247520833326,"ba_MODIS_2009":20.9817265625,"ba_MODIS_2010":6289.832913658083,"ba_MODIS_2011":619.3458425122549,"ba_MODIS_2012":1909.457065624999,"ba_MODIS_2013":5806.410165624997,"ba_MODIS_2014":829.1341640625001,"ba_MODIS_2015":807.9352563419117,"ba_MODIS_2016":2436.1691711274498,"ba_MODIS_2017":281.485743002451,"ba_MODIS_2018":106.2006109375,"ba_MODIS_2019":1732.498952806373,"ba_MODIS_2020":988.4648952267155,"ba_MODIS_2021":2385.0315211764687,"ba_MODIS_2022":0.0,"ba_MODIS_2001_Hansen10":0.0,"ba_MODIS_2002_Hansen10":0.0,"ba_MODIS_2003_Hansen10":0.3064352172851562,"ba_MODIS_2004_Hansen10":0.0,"ba_MODIS_2005_Hansen10":0.5263883178710937,"ba_MODIS_2006_Hansen10":132.75609660644568,"ba_MODIS_2007_Hansen10":0.2279884948730469,"ba_MODIS_2008_Hansen10":33.31133450317363,"ba_MODIS_2009_Hansen10":0.0,"ba_MODIS_2010_Hansen10":1903.6577507325485,"ba_MODIS_2011_Hansen10":2.092133725250843,"ba_MODIS_2012_Hansen10":0.0,"ba_MODIS_2013_Hansen10":20.626320483398437,"ba_MODIS_2014_Hansen10":0.0,"ba_MODIS_2015_Hansen10":2.121590704345702,"ba_MODIS_2016_Hansen10":80.04149534979123,"ba_MODIS_2017_Hansen10":0.0,"ba_MODIS_2018_Hansen10":0.0,"ba_MODIS_2019_Hansen10":28.61275096435553,"ba_MODIS_2020_Hansen10":116.54043285522512,"ba_MODIS_2021_Hansen10":673.7324523254254,"ba_MODIS_2022_Hansen10":0.0}},{"type":"Feature","geometry":{"type":"MultiPoint","coordinates":[]},"properties":{"fa_agreement_esri_esa_glo_hansen10_gte_1":2235038.712059502,"fa_agreement_esri_esa_glo_hansen10_gte_2":801210.5841367602,"fa_agreement_esri_esa_glo_hansen10_gte_3":367850.6877158273,"fa_agreement_esri_esa_glo_hansen10_gte_4":164165.43807140694,"fa_agreement_esri_esa_gte_1":727805.1152319,"fa_agreement_esri_esa_gte_2":273961.2310460478,"fa_agreement_hansen10_gte_1":3799962.5059371144,"fa_agreement_hansen10_gte_2":1491946.2957351545,"fa_agreement_hansen10_gte_3":931448.6248899412,"fa_agreement_hansen10_gte_4":604903.3199243537,"fa_agreement_hansen10_gte_5":382105.20835689956,"fa_agreement_hansen10_gte_6":239467.92701340505,"fa_agreement_hansen10_gte_7":140253.16831358476,"fa_agreement_hansen10_gte_8":64769.77460729007,"fa_agreement_hansen30_gte_9":18387.243723164782,"fa_agreement_hansen20_gte_1":3759847.0152351707,"fa_agreement_hansen20_gte_2":1438930.6669600897,"fa_agreement_hansen20_gte_3":883501.5415485785,"fa_agreement_hansen20_gte_4":577309.0518535223,"fa_agreement_hansen20_gte_5":369942.50712093024,"fa_agreement_hansen20_gte_6":234136.10737365665,"fa_agreement_hansen20_gte_7":138218.96523500799,"fa_agreement_hansen20_gte_8":64183.27556720222,"fa_agreement_hansen30_gte_1":3741986.775142508,"fa_agreement_hansen30_gte_2":1409218.3673755701,"fa_agreement_hansen30_gte_3":847285.645776766,"fa_agreement_hansen30_gte_4":552143.560838726,"fa_agreement_hansen30_gte_5":357044.2813908021,"fa_agreement_hansen30_gte_6":227812.6927080118,"fa_agreement_hansen30_gte_7":135498.56963346794,"fa_agreement_hansen30_gte_8":63333.40869802941,"fa_copernicus":121914.10787996424,"fa_esa_2009":556348.9189424515,"fa_esa_2020":490865.012410062,"fa_esri":510946.6896252869,"fa_globeland":1553224.6634277934,"fa_hansen10":1018159.7774680469,"fa_hansen20":816531.9479695183,"fa_hansen30":679036.9238406369,"fa_jaxa":916080.9739744281,"fa_tandemx":1593426.1446833066,"fa_jrc_2020":1097420.9493725242,"fra_1a_forestArea":1315.3800048828125,"fra_1a_landArea":19180.0,"fra_3b_protected":103.80000305175781,"iso3":"KGZ","total_area_ha":1.9804311016102806E7,"year":2020,"fa_copernicus_protected":17374.743281188454,"fa_esa_2009_protected":38771.16396177815,"fa_esa_2020_protected":32670.4353932793,"fa_esri_protected":36846.74800221012,"fa_globeland_protected":132245.6348640429,"fa_hansen10_protected":53913.13946142095,"fa_hansen20_protected":44290.51397671384,"fa_hansen30_protected":37924.47911279133,"fa_jaxa_protected":50747.107621307405,"fa_tandemx_protected":91790.21771315184,"fa_jrc_2020_protected":65189.27594498874,"ba_MODIS_2001":27738.111610533037,"ba_MODIS_2002":52975.009677083144,"ba_MODIS_2003":22467.685872726735,"ba_MODIS_2004":23713.75167726104,"ba_MODIS_2005":29844.846085557532,"ba_MODIS_2006":49488.527766329426,"ba_MODIS_2007":44086.18881835774,"ba_MODIS_2008":18276.763437095567,"ba_MODIS_2009":9474.609498125015,"ba_MODIS_2010":15289.330084338251,"ba_MODIS_2011":13005.266915882345,"ba_MODIS_2012":16497.22371629902,"ba_MODIS_2013":8627.50437895221,"ba_MODIS_2014":6043.029635790441,"ba_MODIS_2015":2437.7318509803927,"ba_MODIS_2016":5651.653445245096,"ba_MODIS_2017":3348.050493750002,"ba_MODIS_2018":8690.369322634811,"ba_MODIS_2019":6658.080795049024,"ba_MODIS_2020":9678.293587481627,"ba_MODIS_2021":3817.3003164828424,"ba_MODIS_2022":0.0,"ba_MODIS_2001_Hansen10":418.05556933763853,"ba_MODIS_2002_Hansen10":1462.1691493762214,"ba_MODIS_2003_Hansen10":1150.1354877752083,"ba_MODIS_2004_Hansen10":1099.8922888610796,"ba_MODIS_2005_Hansen10":2481.310404549529,"ba_MODIS_2006_Hansen10":4031.843248352282,"ba_MODIS_2007_Hansen10":3943.362408266574,"ba_MODIS_2008_Hansen10":2410.1132334579,"ba_MODIS_2009_Hansen10":42.76961557617187,"ba_MODIS_2010_Hansen10":138.24275880296923,"ba_MODIS_2011_Hansen10":190.31060314989276,"ba_MODIS_2012_Hansen10":829.4341471163152,"ba_MODIS_2013_Hansen10":88.75101375732413,"ba_MODIS_2014_Hansen10":229.8405349487317,"ba_MODIS_2015_Hansen10":92.46158232421858,"ba_MODIS_2016_Hansen10":91.63953371402509,"ba_MODIS_2017_Hansen10":350.42517551269486,"ba_MODIS_2018_Hansen10":535.2024351587147,"ba_MODIS_2019_Hansen10":171.84707475420785,"ba_MODIS_2020_Hansen10":37.922241656494215,"ba_MODIS_2021_Hansen10":238.50248551025362,"ba_MODIS_2022_Hansen10":0.0}},{"type":"Feature","geometry":{"type":"MultiPoint","coordinates":[]},"properties":{"fa_agreement_esri_esa_glo_hansen10_gte_1":761385.7776900177,"fa_agreement_esri_esa_glo_hansen10_gte_2":147536.6977295448,"fa_agreement_esri_esa_glo_hansen10_gte_3":45733.62147930644,"fa_agreement_esri_esa_glo_hansen10_gte_4":6205.600437079806,"fa_agreement_esri_esa_gte_1":413693.02070740616,"fa_agreement_esri_esa_gte_2":69744.07894581211,"fa_agreement_hansen10_gte_1":1684033.2918935674,"fa_agreement_hansen10_gte_2":576240.2894656394,"fa_agreement_hansen10_gte_3":267171.472701614,"fa_agreement_hansen10_gte_4":136771.0228740296,"fa_agreement_hansen10_gte_5":59930.73705245573,"fa_agreement_hansen10_gte_6":18448.214375682022,"fa_agreement_hansen10_gte_7":3440.781545343034,"fa_agreement_hansen10_gte_8":68.38677422466213,"fa_agreement_hansen30_gte_9":0.0,"fa_agreement_hansen20_gte_1":1681303.0000253378,"fa_agreement_hansen20_gte_2":574755.3356210177,"fa_agreement_hansen20_gte_3":265725.74030754116,"fa_agreement_hansen20_gte_4":135329.82648366943,"fa_agreement_hansen20_gte_5":58400.78576313771,"fa_agreement_hansen20_gte_6":16899.286739970314,"fa_agreement_hansen20_gte_7":2602.3874624017035,"fa_agreement_hansen20_gte_8":36.72411623752966,"fa_agreement_hansen30_gte_1":1683476.9815452213,"fa_agreement_hansen30_gte_2":573794.9223586798,"fa_agreement_hansen30_gte_3":264678.9390125439,"fa_agreement_hansen30_gte_4":133928.0810788904,"fa_agreement_hansen30_gte_5":56744.25534139222,"fa_agreement_hansen30_gte_6":15297.156230179384,"fa_agreement_hansen30_gte_7":1459.3288490064313,"fa_agreement_hansen30_gte_8":16.38859392403397,"fa_copernicus":405.2347914062497,"fa_esa_2009":2578.844314503679,"fa_esa_2020":389071.7469233283,"fa_esri":94345.77122017308,"fa_globeland":442228.80722447496,"fa_hansen10":38477.551036824596,"fa_hansen20":27133.149426922348,"fa_hansen30":17262.135163922874,"fa_jaxa":868934.2348238982,"fa_tandemx":645802.0147709933,"fa_jrc_2020":328909.24482368154,"fra_1a_forestArea":825.0,"fra_1a_landArea":43412.80078125,"fra_3b_protected":0.0,"iso3":"IRQ","total_area_ha":4.371985092965211E7,"year":2020,"fa_copernicus_protected":2.0029263671874995,"fa_esa_2009_protected":1498.3212380310033,"fa_esa_2020_protected":25409.88766922598,"fa_esri_protected":10959.94718289181,"fa_globeland_protected":50688.359148229916,"fa_hansen10_protected":14894.630966292105,"fa_hansen20_protected":11895.557979475285,"fa_hansen30_protected":9524.059623011488,"fa_jaxa_protected":96838.86182306155,"fa_tandemx_protected":41402.248984333564,"fa_jrc_2020_protected":35229.20341165175,"ba_MODIS_2001":107052.44389938131,"ba_MODIS_2002":125207.38931157545,"ba_MODIS_2003":124884.38909191858,"ba_MODIS_2004":52496.22811643378,"ba_MODIS_2005":49191.662811372546,"ba_MODIS_2006":66878.28541349914,"ba_MODIS_2007":98510.99595598062,"ba_MODIS_2008":152069.15519126237,"ba_MODIS_2009":90168.51592175284,"ba_MODIS_2010":198042.51143163652,"ba_MODIS_2011":76715.62999863992,"ba_MODIS_2012":49133.5754287317,"ba_MODIS_2013":94834.68795451624,"ba_MODIS_2014":167989.56248385433,"ba_MODIS_2015":345773.04864779674,"ba_MODIS_2016":294058.68428249395,"ba_MODIS_2017":141648.53123726332,"ba_MODIS_2018":145255.6940036586,"ba_MODIS_2019":1541072.1914356214,"ba_MODIS_2020":814447.9232244167,"ba_MODIS_2021":167642.5341381556,"ba_MODIS_2022":15600.292009859018,"ba_MODIS_2001_Hansen10":5575.000670574991,"ba_MODIS_2002_Hansen10":1589.0421472839228,"ba_MODIS_2003_Hansen10":159.0260522399901,"ba_MODIS_2004_Hansen10":44.92062154670265,"ba_MODIS_2005_Hansen10":7.093203045654297,"ba_MODIS_2006_Hansen10":23.45184389038087,"ba_MODIS_2007_Hansen10":178.4842028688678,"ba_MODIS_2008_Hansen10":3189.7371839165994,"ba_MODIS_2009_Hansen10":1334.2194575592341,"ba_MODIS_2010_Hansen10":2286.461821327279,"ba_MODIS_2011_Hansen10":2777.512480324393,"ba_MODIS_2012_Hansen10":2724.0987440437802,"ba_MODIS_2013_Hansen10":133.0359346833111,"ba_MODIS_2014_Hansen10":1283.3225400484596,"ba_MODIS_2015_Hansen10":4468.337159350855,"ba_MODIS_2016_Hansen10":3114.9290702616745,"ba_MODIS_2017_Hansen10":570.2813515258805,"ba_MODIS_2018_Hansen10":10327.92688367573,"ba_MODIS_2019_Hansen10":319.75775101820994,"ba_MODIS_2020_Hansen10":434.10009538672375,"ba_MODIS_2021_Hansen10":8361.971455490815,"ba_MODIS_2022_Hansen10":919.383097370129}},{"type":"Feature","geometry":{"type":"MultiPoint","coordinates":[]},"properties":{"fa_agreement_esri_esa_glo_hansen10_gte_1":67617.8643281384,"fa_agreement_esri_esa_glo_hansen10_gte_2":4339.289945256441,"fa_agreement_esri_esa_glo_hansen10_gte_3":1051.2631856305006,"fa_agreement_esri_esa_glo_hansen10_gte_4":350.1886021275166,"fa_agreement_esri_esa_gte_1":20370.033263624457,"fa_agreement_esri_esa_gte_2":1428.9193219249794,"fa_agreement_hansen10_gte_1":211307.2575783502,"fa_agreement_hansen10_gte_2":51922.91760824307,"fa_agreement_hansen10_gte_3":9301.894969355639,"fa_agreement_hansen10_gte_4":3410.242571414853,"fa_agreement_hansen10_gte_5":1537.0601091242274,"fa_agreement_hansen10_gte_6":626.5390823963127,"fa_agreement_hansen10_gte_7":131.11082421772045,"fa_agreement_hansen10_gte_8":9.211539382659314,"fa_agreement_hansen30_gte_9":0.0,"fa_agreement_hansen20_gte_1":211273.90428474624,"fa_agreement_hansen20_gte_2":51853.28546658783,"fa_agreement_hansen20_gte_3":9232.269193074022,"fa_agreement_hansen20_gte_4":3338.2771305740016,"fa_agreement_hansen20_gte_5":1478.0435707514223,"fa_agreement_hansen20_gte_6":566.5567787108179,"fa_agreement_hansen20_gte_7":114.5930232616228,"fa_agreement_hansen20_gte_8":8.605109139739394,"fa_agreement_hansen30_gte_1":211607.08761496012,"fa_agreement_hansen30_gte_2":51825.255292104026,"fa_agreement_hansen30_gte_3":9185.442037168288,"fa_agreement_hansen30_gte_4":3267.3587063537925,"fa_agreement_hansen30_gte_5":1405.2528259322278,"fa_agreement_hansen30_gte_6":464.7003979408179,"fa_agreement_hansen30_gte_7":74.59009124310666,"fa_agreement_hansen30_gte_8":6.215065853726256,"fa_copernicus":126.90311787722125,"fa_esa_2009":0.0,"fa_esa_2020":19828.654368013802,"fa_esri":1963.1895774064467,"fa_globeland":50588.19693802714,"fa_hansen10":1307.0808023722282,"fa_hansen20":897.8209877957178,"fa_hansen30":516.4293801832987,"fa_jaxa":171931.29982825046,"fa_tandemx":22918.574168336625,"fa_jrc_2020":13512.924232139869,"fra_1a_forestArea":10.140000343322754,"fra_1a_landArea":602.0,"fra_3b_protected":null,"iso3":"PSE","total_area_ha":614772.0679516594,"year":2020,"fa_copernicus_protected":58.99823325195312,"fa_esa_2009_protected":0.0,"fa_esa_2020_protected":1072.3450458332409,"fa_esri_protected":425.61307877965726,"fa_globeland_protected":3189.545323386803,"fa_hansen10_protected":319.2083519551597,"fa_hansen20_protected":264.91217182002055,"fa_hansen30_protected":180.35934410948533,"fa_jaxa_protected":5613.122129963745,"fa_tandemx_protected":2624.9200868250973,"fa_jrc_2020_protected":1593.5646061483324,"ba_MODIS_2001":284.3930299203431,"ba_MODIS_2002":578.9030314950979,"ba_MODIS_2003":0.0,"ba_MODIS_2004":639.5032630453433,"ba_MODIS_2005":249.69892485294116,"ba_MODIS_2006":42.148771875,"ba_MODIS_2007":120.82437392769607,"ba_MODIS_2008":163.39955496936273,"ba_MODIS_2009":0.0,"ba_MODIS_2010":147.55958906249998,"ba_MODIS_2011":0.0,"ba_MODIS_2012":0.0,"ba_MODIS_2013":0.0,"ba_MODIS_2014":0.0,"ba_MODIS_2015":843.893675067402,"ba_MODIS_2016":21.801802291666665,"ba_MODIS_2017":411.4416784436275,"ba_MODIS_2018":0.0,"ba_MODIS_2019":252.19603848651963,"ba_MODIS_2020":84.328240625,"ba_MODIS_2021":713.3574109926473,"ba_MODIS_2022":0.0,"ba_MODIS_2001_Hansen10":0.0,"ba_MODIS_2002_Hansen10":0.0,"ba_MODIS_2003_Hansen10":0.0,"ba_MODIS_2004_Hansen10":0.0,"ba_MODIS_2005_Hansen10":0.0,"ba_MODIS_2006_Hansen10":0.0,"ba_MODIS_2007_Hansen10":0.0,"ba_MODIS_2008_Hansen10":0.0,"ba_MODIS_2009_Hansen10":0.0,"ba_MODIS_2010_Hansen10":0.0,"ba_MODIS_2011_Hansen10":0.0,"ba_MODIS_2012_Hansen10":0.0,"ba_MODIS_2013_Hansen10":0.0,"ba_MODIS_2014_Hansen10":0.0,"ba_MODIS_2015_Hansen10":0.0,"ba_MODIS_2016_Hansen10":0.0,"ba_MODIS_2017_Hansen10":0.0,"ba_MODIS_2018_Hansen10":0.0,"ba_MODIS_2019_Hansen10":0.07637564086914063,"ba_MODIS_2020_Hansen10":2.5045972045898437,"ba_MODIS_2021_Hansen10":0.0,"ba_MODIS_2022_Hansen10":0.0}},{"type":"Feature","geometry":{"type":"MultiPoint","coordinates":[]},"properties":{"fa_agreement_esri_esa_glo_hansen10_gte_1":8713518.277212797,"fa_agreement_esri_esa_glo_hansen10_gte_2":7188929.0030979635,"fa_agreement_esri_esa_glo_hansen10_gte_3":5854207.569534405,"fa_agreement_esri_esa_glo_hansen10_gte_4":4088377.2731631766,"fa_agreement_esri_esa_gte_1":8057610.399593073,"fa_agreement_esri_esa_gte_2":6392247.1613886645,"fa_agreement_hansen10_gte_1":1.0035760025383513E7,"fa_agreement_hansen10_gte_2":8619341.441535266,"fa_agreement_hansen10_gte_3":7932795.72991388,"fa_agreement_hansen10_gte_4":7370057.4166133525,"fa_agreement_hansen10_gte_5":6761644.470183386,"fa_agreement_hansen10_gte_6":6018099.186566626,"fa_agreement_hansen10_gte_7":4990502.633402552,"fa_agreement_hansen10_gte_8":3409478.3329084525,"fa_agreement_hansen30_gte_9":974931.9893785041,"fa_agreement_hansen20_gte_1":1.0025970709057989E7,"fa_agreement_hansen20_gte_2":8608575.323468778,"fa_agreement_hansen20_gte_3":7920704.456105337,"fa_agreement_hansen20_gte_4":7353699.527273223,"fa_agreement_hansen20_gte_5":6738047.882829906,"fa_agreement_hansen20_gte_6":5984880.37445971,"fa_agreement_hansen20_gte_7":4946112.041242992,"fa_agreement_hansen20_gte_8":3368232.220323139,"fa_agreement_hansen30_gte_1":1.0265765568720523E7,"fa_agreement_hansen30_gte_2":8602874.649599154,"fa_agreement_hansen30_gte_3":7912226.526689015,"fa_agreement_hansen30_gte_4":7339561.929002148,"fa_agreement_hansen30_gte_5":6714568.61897969,"fa_agreement_hansen30_gte_6":5947988.956298361,"fa_agreement_hansen30_gte_7":4892117.174846503,"fa_agreement_hansen30_gte_8":3312807.516759255,"fa_copernicus":6461076.4382459605,"fa_esa_2009":3674481.573914611,"fa_esa_2020":7737070.06297136,"fa_esri":6712855.392223292,"fa_globeland":5813423.409771587,"fa_hansen10":5566638.577628978,"fa_hansen20":5352958.263870486,"fa_hansen30":5129581.717618712,"fa_jaxa":5731598.555726294,"fa_tandemx":7755824.222662412,"fa_jrc_2020":7540877.036945813,"fra_1a_forestArea":5962.02978515625,"fra_1a_landArea":14335.0,"fra_3b_protected":3442.10009765625,"iso3":"NPL","total_area_ha":1.4782755467919165E7,"year":2020,"fa_copernicus_protected":431644.27565598395,"fa_esa_2009_protected":269345.82119305886,"fa_esa_2020_protected":473718.5112360378,"fa_esri_protected":465841.45319659397,"fa_globeland_protected":495438.1801285861,"fa_hansen10_protected":438689.9466046129,"fa_hansen20_protected":429068.21976394014,"fa_hansen30_protected":419015.09071778203,"fa_jaxa_protected":461764.4005071015,"fa_tandemx_protected":510073.68938562716,"fa_jrc_2020_protected":480592.027996926,"ba_MODIS_2001":106774.85538349852,"ba_MODIS_2002":24031.92296217523,"ba_MODIS_2003":186945.46802191975,"ba_MODIS_2004":163102.47685050732,"ba_MODIS_2005":165622.42008332803,"ba_MODIS_2006":91587.34894175257,"ba_MODIS_2007":68101.4212084618,"ba_MODIS_2008":141491.67377080212,"ba_MODIS_2009":207207.5694093022,"ba_MODIS_2010":225458.2120751963,"ba_MODIS_2011":123680.97374658703,"ba_MODIS_2012":214228.56639811918,"ba_MODIS_2013":220094.73632761472,"ba_MODIS_2014":239663.7956586286,"ba_MODIS_2015":34505.84633163003,"ba_MODIS_2016":604691.9577097576,"ba_MODIS_2017":134242.36733664226,"ba_MODIS_2018":119873.20545184385,"ba_MODIS_2019":312424.39401266153,"ba_MODIS_2020":56546.782510208344,"ba_MODIS_2021":372841.08256067085,"ba_MODIS_2022":2599.5551903247538,"ba_MODIS_2001_Hansen10":90041.27891749905,"ba_MODIS_2002_Hansen10":20400.267092613893,"ba_MODIS_2003_Hansen10":159255.4554945119,"ba_MODIS_2004_Hansen10":137599.64343537038,"ba_MODIS_2005_Hansen10":137492.39625621217,"ba_MODIS_2006_Hansen10":80148.35861041148,"ba_MODIS_2007_Hansen10":57109.99108590211,"ba_MODIS_2008_Hansen10":119027.67665288551,"ba_MODIS_2009_Hansen10":167671.20252155818,"ba_MODIS_2010_Hansen10":197487.35320635687,"ba_MODIS_2011_Hansen10":109579.9501366039,"ba_MODIS_2012_Hansen10":189661.35775650057,"ba_MODIS_2013_Hansen10":198902.5887650637,"ba_MODIS_2014_Hansen10":204743.63588537683,"ba_MODIS_2015_Hansen10":28452.46270008477,"ba_MODIS_2016_Hansen10":518487.42365560256,"ba_MODIS_2017_Hansen10":117948.78677743884,"ba_MODIS_2018_Hansen10":93921.66519983982,"ba_MODIS_2019_Hansen10":270743.5117991824,"ba_MODIS_2020_Hansen10":44364.33748924701,"ba_MODIS_2021_Hansen10":289552.07337475155,"ba_MODIS_2022_Hansen10":432.9247980673162}},{"type":"Feature","geometry":{"type":"MultiPoint","coordinates":[]},"properties":{"fa_agreement_esri_esa_glo_hansen10_gte_1":1143324.4970862188,"fa_agreement_esri_esa_glo_hansen10_gte_2":520503.92194362683,"fa_agreement_esri_esa_glo_hansen10_gte_3":293676.32616728573,"fa_agreement_esri_esa_glo_hansen10_gte_4":144314.89825937027,"fa_agreement_esri_esa_gte_1":718856.9962077489,"fa_agreement_esri_esa_gte_2":272679.26333982847,"fa_agreement_hansen10_gte_1":7637593.5609417735,"fa_agreement_hansen10_gte_2":1243458.8646485717,"fa_agreement_hansen10_gte_3":586797.9018893455,"fa_agreement_hansen10_gte_4":434121.29044379754,"fa_agreement_hansen10_gte_5":312177.03517928335,"fa_agreement_hansen10_gte_6":202925.87563815655,"fa_agreement_hansen10_gte_7":105985.81168417513,"fa_agreement_hansen10_gte_8":35166.20477430971,"fa_agreement_hansen30_gte_9":5455.533381793843,"fa_agreement_hansen20_gte_1":7620600.094142459,"fa_agreement_hansen20_gte_2":1226177.305500264,"fa_agreement_hansen20_gte_3":565244.7168982383,"fa_agreement_hansen20_gte_4":406284.62392124074,"fa_agreement_hansen20_gte_5":287075.82664806367,"fa_agreement_hansen20_gte_6":186470.51155167562,"fa_agreement_hansen20_gte_7":98995.43606027598,"fa_agreement_hansen20_gte_8":33812.60113177763,"fa_agreement_hansen30_gte_1":7641326.3302343665,"fa_agreement_hansen30_gte_2":1223354.823193578,"fa_agreement_hansen30_gte_3":559381.7126574947,"fa_agreement_hansen30_gte_4":395910.7537657871,"fa_agreement_hansen30_gte_5":275556.42916259525,"fa_agreement_hansen30_gte_6":177907.33745358366,"fa_agreement_hansen30_gte_7":94743.4047366044,"fa_agreement_hansen30_gte_8":32671.831210054275,"fa_copernicus":31396.806548097014,"fa_esa_2009":212812.83277325507,"fa_esa_2020":638266.6554910431,"fa_esri":353321.46513067273,"fa_globeland":685147.5536829472,"fa_hansen10":425726.2557801652,"fa_hansen20":286104.90997013537,"fa_hansen30":238135.61122278732,"fa_jaxa":2311028.1866824916,"fa_tandemx":5438697.6908007255,"fa_jrc_2020":556048.684348742,"fra_1a_forestArea":1208.43994140625,"fra_1a_landArea":65286.0,"fra_3b_protected":null,"iso3":"AFG","total_area_ha":6.4202590787987255E7,"year":2020,"fa_copernicus_protected":544.0039056640621,"fa_esa_2009_protected":5788.324857220381,"fa_esa_2020_protected":24197.502792389725,"fa_esri_protected":17875.60522432645,"fa_globeland_protected":32281.32773620847,"fa_hansen10_protected":28149.560476505198,"fa_hansen20_protected":19249.974458263263,"fa_hansen30_protected":16322.508176387055,"fa_jaxa_protected":184698.09812840534,"fa_tandemx_protected":131871.26397556099,"fa_jrc_2020_protected":31381.021167992614,"ba_MODIS_2001":660.5741894117648,"ba_MODIS_2002":32672.527583247484,"ba_MODIS_2003":135752.75885201702,"ba_MODIS_2004":28850.587707187497,"ba_MODIS_2005":12239.740792598033,"ba_MODIS_2006":17502.707478645865,"ba_MODIS_2007":12017.770725330889,"ba_MODIS_2008":61579.268244963336,"ba_MODIS_2009":9251.114752561272,"ba_MODIS_2010":69480.54209882327,"ba_MODIS_2011":15586.003833523304,"ba_MODIS_2012":5570.36717655637,"ba_MODIS_2013":6999.5277103860335,"ba_MODIS_2014":2046.3276125551474,"ba_MODIS_2015":1970.0983264522063,"ba_MODIS_2016":3885.426537898283,"ba_MODIS_2017":1163.5783783455881,"ba_MODIS_2018":1555.0862823100479,"ba_MODIS_2019":14337.419956354213,"ba_MODIS_2020":31314.721038541673,"ba_MODIS_2021":7424.543961415442,"ba_MODIS_2022":263.99810340686275,"ba_MODIS_2001_Hansen10":92.58449409179659,"ba_MODIS_2002_Hansen10":6.976550705255243,"ba_MODIS_2003_Hansen10":163.55901031551593,"ba_MODIS_2004_Hansen10":116.7695546078192,"ba_MODIS_2005_Hansen10":60.907557374889834,"ba_MODIS_2006_Hansen10":177.41996288540568,"ba_MODIS_2007_Hansen10":118.69666116897875,"ba_MODIS_2008_Hansen10":158.76232702473973,"ba_MODIS_2009_Hansen10":46.78906881826363,"ba_MODIS_2010_Hansen10":17.474541502494056,"ba_MODIS_2011_Hansen10":96.0557002205882,"ba_MODIS_2012_Hansen10":0.2183169677734375,"ba_MODIS_2013_Hansen10":6.16110063103171,"ba_MODIS_2014_Hansen10":14.2294731514725,"ba_MODIS_2015_Hansen10":6.389705850542854,"ba_MODIS_2016_Hansen10":56.549652218113295,"ba_MODIS_2017_Hansen10":235.22297162595757,"ba_MODIS_2018_Hansen10":36.923323530991524,"ba_MODIS_2019_Hansen10":0.21843897094726564,"ba_MODIS_2020_Hansen10":23.455099587234812,"ba_MODIS_2021_Hansen10":58.87480120969288,"ba_MODIS_2022_Hansen10":4.347126739166857}},{"type":"Feature","geometry":{"type":"MultiPoint","coordinates":[]},"properties":{"fa_agreement_esri_esa_glo_hansen10_gte_1":1.1623152379281113E7,"fa_agreement_esri_esa_glo_hansen10_gte_2":4646121.577467662,"fa_agreement_esri_esa_glo_hansen10_gte_3":3204511.7777428175,"fa_agreement_esri_esa_glo_hansen10_gte_4":1614343.0748849728,"fa_agreement_esri_esa_gte_1":5518560.2012748765,"fa_agreement_esri_esa_gte_2":3303899.1999438526,"fa_agreement_hansen10_gte_1":1.4838287560448585E7,"fa_agreement_hansen10_gte_2":6626800.425044643,"fa_agreement_hansen10_gte_3":5109828.604131093,"fa_agreement_hansen10_gte_4":4247964.037222763,"fa_agreement_hansen10_gte_5":3552212.169474436,"fa_agreement_hansen10_gte_6":2883337.7689158204,"fa_agreement_hansen10_gte_7":2169400.4068811345,"fa_agreement_hansen10_gte_8":1427679.9325760594,"fa_agreement_hansen30_gte_9":537460.9645230742,"fa_agreement_hansen20_gte_1":1.4384246417891856E7,"fa_agreement_hansen20_gte_2":6447370.645436622,"fa_agreement_hansen20_gte_3":5013789.151070184,"fa_agreement_hansen20_gte_4":4178126.211898442,"fa_agreement_hansen20_gte_5":3490613.9896274116,"fa_agreement_hansen20_gte_6":2832535.812706989,"fa_agreement_hansen20_gte_7":2127979.1033230172,"fa_agreement_hansen20_gte_8":1390079.519229746,"fa_agreement_hansen30_gte_1":1.428452532377693E7,"fa_agreement_hansen30_gte_2":6340913.486721031,"fa_agreement_hansen30_gte_3":4941083.04543292,"fa_agreement_hansen30_gte_4":4122078.652414267,"fa_agreement_hansen30_gte_5":3439412.3878992843,"fa_agreement_hansen30_gte_6":2788084.001341153,"fa_agreement_hansen30_gte_7":2091014.3056891784,"fa_agreement_hansen30_gte_8":1330826.2057390236,"fa_copernicus":2351949.6870125663,"fa_esa_2009":4293256.005628901,"fa_esa_2020":4099420.332869204,"fa_esri":4723143.31611014,"fa_globeland":6297910.675798388,"fa_hansen10":5976847.49621428,"fa_hansen20":4929199.393399633,"fa_hansen30":4236701.112172833,"fa_jaxa":4521137.027715162,"fa_tandemx":4684318.7667499175,"fa_jrc_2020":5225654.249984481,"fra_1a_forestArea":3454.679931640625,"fra_1a_landArea":269970.0,"fra_3b_protected":1121.800048828125,"iso3":"KAZ","total_area_ha":2.8307274695783544E8,"year":2020,"fa_copernicus_protected":623461.4298674717,"fa_esa_2009_protected":844270.1813235477,"fa_esa_2020_protected":916928.0081770939,"fa_esri_protected":1007393.2094957689,"fa_globeland_protected":917307.9176450915,"fa_hansen10_protected":1340098.932467798,"fa_hansen20_protected":1169833.1623214534,"fa_hansen30_protected":1041888.1522907986,"fa_jaxa_protected":1203886.3976062676,"fa_tandemx_protected":1171309.4542563783,"fa_jrc_2020_protected":1335180.5699872626,"ba_MODIS_2001":6619527.641871597,"ba_MODIS_2002":2.3511856066849567E7,"ba_MODIS_2003":1.0493182409746591E7,"ba_MODIS_2004":1.3462780409547891E7,"ba_MODIS_2005":1.2832581855666025E7,"ba_MODIS_2006":1.433737777289652E7,"ba_MODIS_2007":8063877.41466883,"ba_MODIS_2008":1.0023770250813017E7,"ba_MODIS_2009":4893815.162539293,"ba_MODIS_2010":1.190299936567125E7,"ba_MODIS_2011":2811989.905647005,"ba_MODIS_2012":5893296.878292462,"ba_MODIS_2013":1257863.739995512,"ba_MODIS_2014":6232354.13294186,"ba_MODIS_2015":7412068.034044962,"ba_MODIS_2016":2478660.9044604134,"ba_MODIS_2017":1.4380247198187187E7,"ba_MODIS_2018":3524126.9727860726,"ba_MODIS_2019":8352279.568014249,"ba_MODIS_2020":4210974.322786301,"ba_MODIS_2021":5278217.485106352,"ba_MODIS_2022":19026.529880735332,"ba_MODIS_2001_Hansen10":52984.5537669861,"ba_MODIS_2002_Hansen10":80424.70322357818,"ba_MODIS_2003_Hansen10":100172.51646017886,"ba_MODIS_2004_Hansen10":79197.36373628248,"ba_MODIS_2005_Hansen10":66490.38168593892,"ba_MODIS_2006_Hansen10":88827.38108151603,"ba_MODIS_2007_Hansen10":83037.38299588773,"ba_MODIS_2008_Hansen10":150761.74082639374,"ba_MODIS_2009_Hansen10":59883.58050132312,"ba_MODIS_2010_Hansen10":79313.10558622894,"ba_MODIS_2011_Hansen10":61473.243132659765,"ba_MODIS_2012_Hansen10":118824.91041823839,"ba_MODIS_2013_Hansen10":33371.288511433995,"ba_MODIS_2014_Hansen10":60071.62070163385,"ba_MODIS_2015_Hansen10":113108.38591297228,"ba_MODIS_2016_Hansen10":23225.961650994253,"ba_MODIS_2017_Hansen10":57241.90039966049,"ba_MODIS_2018_Hansen10":47081.75437608099,"ba_MODIS_2019_Hansen10":92843.81321956118,"ba_MODIS_2020_Hansen10":68217.63416975738,"ba_MODIS_2021_Hansen10":120039.36408919268,"ba_MODIS_2022_Hansen10":4717.541325549996}},{"type":"Feature","geometry":{"type":"MultiPoint","coordinates":[]},"properties":{"fa_agreement_esri_esa_glo_hansen10_gte_1":1.1720197274177015E7,"fa_agreement_esri_esa_glo_hansen10_gte_2":8758879.846232377,"fa_agreement_esri_esa_glo_hansen10_gte_3":6263338.089519992,"fa_agreement_esri_esa_glo_hansen10_gte_4":3917068.9440865754,"fa_agreement_esri_esa_gte_1":8743088.452773027,"fa_agreement_esri_esa_gte_2":5262514.093131245,"fa_agreement_hansen10_gte_1":1.2713095614235582E7,"fa_agreement_hansen10_gte_2":1.0813222858251005E7,"fa_agreement_hansen10_gte_3":9401533.76719592,"fa_agreement_hansen10_gte_4":8103529.086414942,"fa_agreement_hansen10_gte_5":6965580.954333469,"fa_agreement_hansen10_gte_6":5945611.434201656,"fa_agreement_hansen10_gte_7":4942954.272948987,"fa_agreement_hansen10_gte_8":3801214.962914876,"fa_agreement_hansen30_gte_9":2144360.884550366,"fa_agreement_hansen20_gte_1":1.2647899451157032E7,"fa_agreement_hansen20_gte_2":1.0731764697736934E7,"fa_agreement_hansen20_gte_3":9305032.910287086,"fa_agreement_hansen20_gte_4":8018321.95156913,"fa_agreement_hansen20_gte_5":6885360.702877307,"fa_agreement_hansen20_gte_6":5837990.544731872,"fa_agreement_hansen20_gte_7":4818022.346420973,"fa_agreement_hansen20_gte_8":3749568.769196077,"fa_agreement_hansen30_gte_1":1.2851614096937735E7,"fa_agreement_hansen30_gte_2":1.0677912986136416E7,"fa_agreement_hansen30_gte_3":9234390.079038203,"fa_agreement_hansen30_gte_4":7947786.230929385,"fa_agreement_hansen30_gte_5":6817046.352148842,"fa_agreement_hansen30_gte_6":5751257.322800627,"fa_agreement_hansen30_gte_7":4712453.897922512,"fa_agreement_hansen30_gte_8":3694750.289122487,"fa_copernicus":6902744.341923246,"fa_esa_2009":5807742.334800422,"fa_esa_2020":8549066.070466215,"fa_esri":5456607.464072803,"fa_globeland":8952632.008759225,"fa_hansen10":7695348.385102629,"fa_hansen20":6976546.396708192,"fa_hansen30":6398306.508373939,"fa_jaxa":6667339.306454796,"fa_tandemx":9298168.214588871,"fa_jrc_2020":6637119.019972219,"fra_1a_forestArea":8068.3701171875,"fra_1a_landArea":17652.0,"fra_3b_protected":3138.0,"iso3":"KHM","total_area_ha":1.8211768849378485E7,"year":2020,"fa_copernicus_protected":3996391.074462224,"fa_esa_2009_protected":2945332.9052737225,"fa_esa_2020_protected":4405371.201153748,"fa_esri_protected":3276640.520094414,"fa_globeland_protected":4760671.874059149,"fa_hansen10_protected":4074917.7462359862,"fa_hansen20_protected":3805943.438082828,"fa_hansen30_protected":3601937.0538305156,"fa_jaxa_protected":4065413.42510471,"fa_tandemx_protected":4744463.692977092,"fa_jrc_2020_protected":4076918.4197976384,"ba_MODIS_2001":1957029.7523841285,"ba_MODIS_2002":2545509.8188101267,"ba_MODIS_2003":2817471.9722806867,"ba_MODIS_2004":3460085.7525373828,"ba_MODIS_2005":2201028.0851537315,"ba_MODIS_2006":2899995.014990907,"ba_MODIS_2007":3234193.741351664,"ba_MODIS_2008":2781939.205368314,"ba_MODIS_2009":2870753.710907452,"ba_MODIS_2010":2533004.2399214124,"ba_MODIS_2011":3155571.391928349,"ba_MODIS_2012":2532220.1702596447,"ba_MODIS_2013":2530093.453431874,"ba_MODIS_2014":2373752.5072722705,"ba_MODIS_2015":2951837.619183225,"ba_MODIS_2016":2358352.5220059305,"ba_MODIS_2017":2551227.5981262084,"ba_MODIS_2018":2502151.50235683,"ba_MODIS_2019":2246450.512783206,"ba_MODIS_2020":2116446.64394689,"ba_MODIS_2021":2199349.9957995825,"ba_MODIS_2022":1442482.1626945576,"ba_MODIS_2001_Hansen10":1163743.7656966748,"ba_MODIS_2002_Hansen10":1587974.449181916,"ba_MODIS_2003_Hansen10":1730112.5091226925,"ba_MODIS_2004_Hansen10":2028871.129505323,"ba_MODIS_2005_Hansen10":1239823.5367285113,"ba_MODIS_2006_Hansen10":1769608.6402901318,"ba_MODIS_2007_Hansen10":1829337.3273037013,"ba_MODIS_2008_Hansen10":1656331.0116614513,"ba_MODIS_2009_Hansen10":1813734.5092860041,"ba_MODIS_2010_Hansen10":1447907.2785930173,"ba_MODIS_2011_Hansen10":1835572.828361791,"ba_MODIS_2012_Hansen10":1418749.248143273,"ba_MODIS_2013_Hansen10":1568996.3653604558,"ba_MODIS_2014_Hansen10":1445709.9800453936,"ba_MODIS_2015_Hansen10":1663459.850455738,"ba_MODIS_2016_Hansen10":1452033.6688521428,"ba_MODIS_2017_Hansen10":1520339.3477474633,"ba_MODIS_2018_Hansen10":1408275.6030653268,"ba_MODIS_2019_Hansen10":1287837.9150079938,"ba_MODIS_2020_Hansen10":1222026.053267799,"ba_MODIS_2021_Hansen10":1304571.3385254235,"ba_MODIS_2022_Hansen10":919856.7051277712}},{"type":"Feature","geometry":{"type":"MultiPoint","coordinates":[]},"properties":{"fa_agreement_esri_esa_glo_hansen10_gte_1":5.055383235007284E7,"fa_agreement_esri_esa_glo_hansen10_gte_2":4.553379746702766E7,"fa_agreement_esri_esa_glo_hansen10_gte_3":4.071591133904732E7,"fa_agreement_esri_esa_glo_hansen10_gte_4":3.2170566902385406E7,"fa_agreement_esri_esa_gte_1":4.622966475455895E7,"fa_agreement_esri_esa_gte_2":3.8261702325766064E7,"fa_agreement_hansen10_gte_1":5.165222513455678E7,"fa_agreement_hansen10_gte_2":4.847989199402026E7,"fa_agreement_hansen10_gte_3":4.656414331652841E7,"fa_agreement_hansen10_gte_4":4.4726327530863844E7,"fa_agreement_hansen10_gte_5":4.2568660929808885E7,"fa_agreement_hansen10_gte_6":3.959415415540088E7,"fa_agreement_hansen10_gte_7":3.514190076280267E7,"fa_agreement_hansen10_gte_8":2.7491938253408544E7,"fa_agreement_hansen30_gte_9":1.1867664580223085E7,"fa_agreement_hansen20_gte_1":5.1533968761832446E7,"fa_agreement_hansen20_gte_2":4.8364509613990396E7,"fa_agreement_hansen20_gte_3":4.645819037626026E7,"fa_agreement_hansen20_gte_4":4.461455601795269E7,"fa_agreement_hansen20_gte_5":4.244480518828714E7,"fa_agreement_hansen20_gte_6":3.9460435738686174E7,"fa_agreement_hansen20_gte_7":3.500861725758682E7,"fa_agreement_hansen20_gte_8":2.7385357510703467E7,"fa_agreement_hansen30_gte_1":5.2679340846058935E7,"fa_agreement_hansen30_gte_2":4.8292739413619004E7,"fa_agreement_hansen30_gte_3":4.637864414456245E7,"fa_agreement_hansen30_gte_4":4.451338214445883E7,"fa_agreement_hansen30_gte_5":4.2312152933034174E7,"fa_agreement_hansen30_gte_6":3.929762018568414E7,"fa_agreement_hansen30_gte_7":3.483134160747633E7,"fa_agreement_hansen30_gte_8":2.7225217739617024E7,"fa_copernicus":4.596249038120713E7,"fa_esa_2009":2.186695171996571E7,"fa_esa_2020":4.4239299805494845E7,"fa_esri":4.025197009063872E7,"fa_globeland":4.343430852179738E7,"fa_hansen10":4.099370413406715E7,"fa_hansen20":3.996695208758151E7,"fa_hansen30":3.893413857122278E7,"fa_jaxa":4.023030656327236E7,"fa_tandemx":3.763811980229584E7,"fa_jrc_2020":4.0601107806573406E7,"fra_1a_forestArea":28543.890625,"fra_1a_landArea":65308.0,"fra_3b_protected":5237.06982421875,"iso3":"MMR","total_area_ha":6.708338567041813E7,"year":2020,"fa_copernicus_protected":3916243.3623662875,"fa_esa_2009_protected":2774768.8731170762,"fa_esa_2020_protected":3932218.1285576792,"fa_esri_protected":3825762.4082142133,"fa_globeland_protected":3928388.9706998956,"fa_hansen10_protected":3819159.105980276,"fa_hansen20_protected":3789985.535189266,"fa_hansen30_protected":3759604.082502848,"fa_jaxa_protected":3454363.693473005,"fa_tandemx_protected":3778399.5663061575,"fa_jrc_2020_protected":3707937.4484458277,"ba_MODIS_2001":1504898.8546178492,"ba_MODIS_2002":1357183.4200398598,"ba_MODIS_2003":3245976.195139295,"ba_MODIS_2004":5385894.99290034,"ba_MODIS_2005":3259536.719492384,"ba_MODIS_2006":2899322.7523329263,"ba_MODIS_2007":5007921.703440308,"ba_MODIS_2008":2500092.699316688,"ba_MODIS_2009":4528399.500185156,"ba_MODIS_2010":5070874.106034352,"ba_MODIS_2011":2504866.6746894233,"ba_MODIS_2012":3712528.116532027,"ba_MODIS_2013":3022907.1928165285,"ba_MODIS_2014":3698994.082108448,"ba_MODIS_2015":3746726.0881911083,"ba_MODIS_2016":2457333.561114339,"ba_MODIS_2017":2808792.467984217,"ba_MODIS_2018":2401448.3828039113,"ba_MODIS_2019":2610360.417109245,"ba_MODIS_2020":3849097.2101685787,"ba_MODIS_2021":3319547.7881615493,"ba_MODIS_2022":410485.2222984633,"ba_MODIS_2001_Hansen10":1162752.1732880194,"ba_MODIS_2002_Hansen10":969800.9711280053,"ba_MODIS_2003_Hansen10":2447624.5845908024,"ba_MODIS_2004_Hansen10":4424853.410223058,"ba_MODIS_2005_Hansen10":2479416.1813335903,"ba_MODIS_2006_Hansen10":2181910.3625329128,"ba_MODIS_2007_Hansen10":4095065.008991193,"ba_MODIS_2008_Hansen10":1912586.6014280203,"ba_MODIS_2009_Hansen10":3615186.0126416194,"ba_MODIS_2010_Hansen10":3992889.013318864,"ba_MODIS_2011_Hansen10":1888885.0807087314,"ba_MODIS_2012_Hansen10":2911861.538254096,"ba_MODIS_2013_Hansen10":2254661.614826711,"ba_MODIS_2014_Hansen10":2842681.7526271907,"ba_MODIS_2015_Hansen10":2861000.4049944603,"ba_MODIS_2016_Hansen10":1711096.520650993,"ba_MODIS_2017_Hansen10":1907115.7052524788,"ba_MODIS_2018_Hansen10":1532542.4504168313,"ba_MODIS_2019_Hansen10":1832866.1985514893,"ba_MODIS_2020_Hansen10":2774932.1777084046,"ba_MODIS_2021_Hansen10":2377308.2916412936,"ba_MODIS_2022_Hansen10":217282.5894313889}},{"type":"Feature","geometry":{"type":"MultiPoint","coordinates":[]},"properties":{"fa_agreement_esri_esa_glo_hansen10_gte_1":1.2688785816397423E7,"fa_agreement_esri_esa_glo_hansen10_gte_2":9407975.850219531,"fa_agreement_esri_esa_glo_hansen10_gte_3":6862522.956475567,"fa_agreement_esri_esa_glo_hansen10_gte_4":3578393.0754044014,"fa_agreement_esri_esa_gte_1":1.0500923266012318E7,"fa_agreement_esri_esa_gte_2":7375290.715949253,"fa_agreement_hansen10_gte_1":1.5589380339715192E7,"fa_agreement_hansen10_gte_2":1.1740552317098364E7,"fa_agreement_hansen10_gte_3":1.054954273740332E7,"fa_agreement_hansen10_gte_4":9589014.575641342,"fa_agreement_hansen10_gte_5":8534790.028903667,"fa_agreement_hansen10_gte_6":7199476.886216226,"fa_agreement_hansen10_gte_7":5475722.74452901,"fa_agreement_hansen10_gte_8":3340373.138557649,"fa_agreement_hansen30_gte_9":1179440.442703013,"fa_agreement_hansen20_gte_1":1.5519511583737737E7,"fa_agreement_hansen20_gte_2":1.1674808856882123E7,"fa_agreement_hansen20_gte_3":1.0475533486757813E7,"fa_agreement_hansen20_gte_4":9492811.715260731,"fa_agreement_hansen20_gte_5":8398643.797187502,"fa_agreement_hansen20_gte_6":6993074.976423205,"fa_agreement_hansen20_gte_7":5213691.801023223,"fa_agreement_hansen20_gte_8":3093180.8342429604,"fa_agreement_hansen30_gte_1":1.5725368590902233E7,"fa_agreement_hansen30_gte_2":1.1653549665772757E7,"fa_agreement_hansen30_gte_3":1.0441364556654178E7,"fa_agreement_hansen30_gte_4":9441959.686930122,"fa_agreement_hansen30_gte_5":8321044.145730456,"fa_agreement_hansen30_gte_6":6864516.617938689,"fa_agreement_hansen30_gte_7":5026818.698047052,"fa_agreement_hansen30_gte_8":2906229.0421174276,"fa_copernicus":7996524.610025831,"fa_esa_2009":4347067.352829718,"fa_esa_2020":9400567.827003783,"fa_esri":8475615.664369363,"fa_globeland":8950060.678409189,"fa_hansen10":5705435.396955128,"fa_hansen20":4434579.540508499,"fa_hansen30":3657596.7118843826,"fa_jaxa":1.1160374454139885E7,"fa_tandemx":7635621.444712953,"fa_jrc_2020":1.0518578340248829E7,"fra_1a_forestArea":14172.7802734375,"fra_1a_landArea":155356.0,"fra_3b_protected":2976.22998046875,"iso3":"MNG","total_area_ha":1.5607597645337257E8,"year":2020,"fa_copernicus_protected":2973596.460273046,"fa_esa_2009_protected":2417819.049097635,"fa_esa_2020_protected":3223071.7533433256,"fa_esri_protected":2771859.143327466,"fa_globeland_protected":2866811.5174580477,"fa_hansen10_protected":2241484.59181219,"fa_hansen20_protected":1850595.1488996826,"fa_hansen30_protected":1606448.3949437786,"fa_jaxa_protected":4141419.158010281,"fa_tandemx_protected":2437220.608423434,"fa_jrc_2020_protected":3736059.036595345,"ba_MODIS_2001":322849.6825555501,"ba_MODIS_2002":1011871.8227064725,"ba_MODIS_2003":1863094.8387603196,"ba_MODIS_2004":1405305.7860733084,"ba_MODIS_2005":1049299.7958330847,"ba_MODIS_2006":1241566.1680016504,"ba_MODIS_2007":1790429.1996577536,"ba_MODIS_2008":834812.1634133864,"ba_MODIS_2009":473813.44641893357,"ba_MODIS_2010":260964.21589305464,"ba_MODIS_2011":1811777.720942856,"ba_MODIS_2012":2247269.157121906,"ba_MODIS_2013":946983.0395582821,"ba_MODIS_2014":1226517.9540538038,"ba_MODIS_2015":1890524.706020568,"ba_MODIS_2016":1123421.939755805,"ba_MODIS_2017":519175.37144928245,"ba_MODIS_2018":32753.671256446105,"ba_MODIS_2019":337210.76872208534,"ba_MODIS_2020":64390.85031411715,"ba_MODIS_2021":109880.34875291234,"ba_MODIS_2022":0.0,"ba_MODIS_2001_Hansen10":4663.844764599828,"ba_MODIS_2002_Hansen10":152751.34648196705,"ba_MODIS_2003_Hansen10":32902.43930263632,"ba_MODIS_2004_Hansen10":8249.94148008917,"ba_MODIS_2005_Hansen10":12511.514547544675,"ba_MODIS_2006_Hansen10":82722.85192860916,"ba_MODIS_2007_Hansen10":116499.33934084592,"ba_MODIS_2008_Hansen10":151462.96435785404,"ba_MODIS_2009_Hansen10":94870.20869790585,"ba_MODIS_2010_Hansen10":3274.0898777495518,"ba_MODIS_2011_Hansen10":18781.547406400896,"ba_MODIS_2012_Hansen10":91867.2489174593,"ba_MODIS_2013_Hansen10":2806.2674381311754,"ba_MODIS_2014_Hansen10":3539.2054387820494,"ba_MODIS_2015_Hansen10":50005.23685221055,"ba_MODIS_2016_Hansen10":5329.285822891713,"ba_MODIS_2017_Hansen10":25480.74029353013,"ba_MODIS_2018_Hansen10":3224.954250715002,"ba_MODIS_2019_Hansen10":11685.161039636541,"ba_MODIS_2020_Hansen10":3488.2084624179142,"ba_MODIS_2021_Hansen10":15.388128204345705,"ba_MODIS_2022_Hansen10":0.0}},{"type":"Feature","geometry":{"type":"MultiPoint","coordinates":[]},"properties":{"fa_agreement_esri_esa_glo_hansen10_gte_1":2.9791075784794804E7,"fa_agreement_esri_esa_glo_hansen10_gte_2":2.7618046597738963E7,"fa_agreement_esri_esa_glo_hansen10_gte_3":2.573640238682207E7,"fa_agreement_esri_esa_glo_hansen10_gte_4":2.143247601935238E7,"fa_agreement_esri_esa_gte_1":2.869096462781568E7,"fa_agreement_esri_esa_gte_2":2.4561699163108893E7,"fa_agreement_hansen10_gte_1":3.1648929861692224E7,"fa_agreement_hansen10_gte_2":2.9450870317099556E7,"fa_agreement_hansen10_gte_3":2.824149837435821E7,"fa_agreement_hansen10_gte_4":2.7414521760870308E7,"fa_agreement_hansen10_gte_5":2.668244445791317E7,"fa_agreement_hansen10_gte_6":2.585769470174793E7,"fa_agreement_hansen10_gte_7":2.4656802042471867E7,"fa_agreement_hansen10_gte_8":2.2204758632937413E7,"fa_agreement_hansen30_gte_9":1.464598866105748E7,"fa_agreement_hansen20_gte_1":3.1529349132268883E7,"fa_agreement_hansen20_gte_2":2.9372003804021288E7,"fa_agreement_hansen20_gte_3":2.818579493320676E7,"fa_agreement_hansen20_gte_4":2.737329836593584E7,"fa_agreement_hansen20_gte_5":2.664725587512205E7,"fa_agreement_hansen20_gte_6":2.5823984464500617E7,"fa_agreement_hansen20_gte_7":2.4620664726811647E7,"fa_agreement_hansen20_gte_8":2.21669019033937E7,"fa_agreement_hansen30_gte_1":3.1910592932907138E7,"fa_agreement_hansen30_gte_2":2.93199011295824E7,"fa_agreement_hansen30_gte_3":2.8140127869900607E7,"fa_agreement_hansen30_gte_4":2.7335228136501886E7,"fa_agreement_hansen30_gte_5":2.6612797106831156E7,"fa_agreement_hansen30_gte_6":2.57889501601186E7,"fa_agreement_hansen30_gte_7":2.457878108115737E7,"fa_agreement_hansen30_gte_8":2.2117846580643967E7,"fa_copernicus":2.8662785472728703E7,"fa_esa_2009":2.346399551663406E7,"fa_esa_2020":2.8431476432029527E7,"fa_esri":2.482129706511622E7,"fa_globeland":2.4827898386110026E7,"fa_hansen10":2.646109026657447E7,"fa_hansen20":2.5983404140758537E7,"fa_hansen30":2.559361530643183E7,"fa_jaxa":2.618423534009191E7,"fa_tandemx":2.4147772133125722E7,"fa_jrc_2020":2.592645289656878E7,"fra_1a_forestArea":24935.0,"fra_1a_landArea":36456.0,"fra_3b_protected":null,"iso3":"JPN","total_area_ha":3.734765480591678E7,"year":2020,"fa_copernicus_protected":3619729.5308466107,"fa_esa_2009_protected":2555594.899081743,"fa_esa_2020_protected":3759490.212003867,"fa_esri_protected":3331824.991424295,"fa_globeland_protected":3475824.7156184823,"fa_hansen10_protected":3586612.379121161,"fa_hansen20_protected":3539743.900990809,"fa_hansen30_protected":3489820.804908113,"fa_jaxa_protected":3559668.469951778,"fa_tandemx_protected":3239272.673160422,"fa_jrc_2020_protected":3642406.6438708925,"ba_MODIS_2001":8949.872364062543,"ba_MODIS_2002":13603.812464062506,"ba_MODIS_2003":13902.149881109102,"ba_MODIS_2004":6606.717418749998,"ba_MODIS_2005":10679.926201562532,"ba_MODIS_2006":14295.247468750034,"ba_MODIS_2007":14899.06766212624,"ba_MODIS_2008":12694.559012500016,"ba_MODIS_2009":20785.73104531256,"ba_MODIS_2010":11624.872073437518,"ba_MODIS_2011":14113.684659375002,"ba_MODIS_2012":3035.844993749999,"ba_MODIS_2013":20023.3698222304,"ba_MODIS_2014":21094.626723437534,"ba_MODIS_2015":12077.274815625029,"ba_MODIS_2016":4509.912939062498,"ba_MODIS_2017":8631.839503124998,"ba_MODIS_2018":19229.761004773314,"ba_MODIS_2019":14120.827689062482,"ba_MODIS_2020":15419.988143958339,"ba_MODIS_2021":7836.6331234374975,"ba_MODIS_2022":8277.482500759803,"ba_MODIS_2001_Hansen10":1600.2968504150222,"ba_MODIS_2002_Hansen10":2918.6323160949414,"ba_MODIS_2003_Hansen10":2622.505516912818,"ba_MODIS_2004_Hansen10":1008.402036132808,"ba_MODIS_2005_Hansen10":2269.122077850324,"ba_MODIS_2006_Hansen10":2862.011550824769,"ba_MODIS_2007_Hansen10":3730.0899013423605,"ba_MODIS_2008_Hansen10":4209.264067224054,"ba_MODIS_2009_Hansen10":2893.9698435974046,"ba_MODIS_2010_Hansen10":2309.2732350219335,"ba_MODIS_2011_Hansen10":3065.931825946037,"ba_MODIS_2012_Hansen10":870.4355443176255,"ba_MODIS_2013_Hansen10":3718.507355735043,"ba_MODIS_2014_Hansen10":6883.163843914641,"ba_MODIS_2015_Hansen10":2542.059045129355,"ba_MODIS_2016_Hansen10":984.1847390441867,"ba_MODIS_2017_Hansen10":1739.0069098998792,"ba_MODIS_2018_Hansen10":4142.059890165574,"ba_MODIS_2019_Hansen10":3640.322286932351,"ba_MODIS_2020_Hansen10":3301.867163836637,"ba_MODIS_2021_Hansen10":1356.287347747779,"ba_MODIS_2022_Hansen10":1553.1924093052078}},{"type":"Feature","geometry":{"type":"MultiPoint","coordinates":[]},"properties":{"fa_agreement_esri_esa_glo_hansen10_gte_1":3.1647871042758103E7,"fa_agreement_esri_esa_glo_hansen10_gte_2":3.0253548810759597E7,"fa_agreement_esri_esa_glo_hansen10_gte_3":2.7363646917456284E7,"fa_agreement_esri_esa_glo_hansen10_gte_4":1.9417937526903715E7,"fa_agreement_esri_esa_gte_1":3.0788260613187723E7,"fa_agreement_esri_esa_gte_2":2.816955410571496E7,"fa_agreement_hansen10_gte_1":3.1794603737455238E7,"fa_agreement_hansen10_gte_2":3.112271304320274E7,"fa_agreement_hansen10_gte_3":3.0378492227142002E7,"fa_agreement_hansen10_gte_4":2.899349467761474E7,"fa_agreement_hansen10_gte_5":2.623487056586671E7,"fa_agreement_hansen10_gte_6":2.2999148922473375E7,"fa_agreement_hansen10_gte_7":1.9817727426175322E7,"fa_agreement_hansen10_gte_8":1.6747354033896439E7,"fa_agreement_hansen30_gte_9":1.1206656479097493E7,"fa_agreement_hansen20_gte_1":3.1785606255546104E7,"fa_agreement_hansen20_gte_2":3.110925367129692E7,"fa_agreement_hansen20_gte_3":3.0364588076135803E7,"fa_agreement_hansen20_gte_4":2.8976494001828846E7,"fa_agreement_hansen20_gte_5":2.6214029283415414E7,"fa_agreement_hansen20_gte_6":2.2979830270355154E7,"fa_agreement_hansen20_gte_7":1.9806203932451982E7,"fa_agreement_hansen20_gte_8":1.6740848449532833E7,"fa_agreement_hansen30_gte_1":3.2073148416700803E7,"fa_agreement_hansen30_gte_2":3.109691844797465E7,"fa_agreement_hansen30_gte_3":3.035075635065957E7,"fa_agreement_hansen30_gte_4":2.8959368560254492E7,"fa_agreement_hansen30_gte_5":2.619207816868531E7,"fa_agreement_hansen30_gte_6":2.295720183265768E7,"fa_agreement_hansen30_gte_7":1.9792170773041222E7,"fa_agreement_hansen30_gte_8":1.673207143335533E7,"fa_copernicus":2.899352665827266E7,"fa_esa_2009":1.863482381708495E7,"fa_esa_2020":3.0377788175132465E7,"fa_esri":2.8580209102180522E7,"fa_globeland":2.7681119682875216E7,"fa_hansen10":2.2020311476281766E7,"fa_hansen20":2.1901201840938788E7,"fa_hansen30":2.177421186973833E7,"fa_jaxa":2.1551227285586067E7,"fa_tandemx":2.4530487131667465E7,"fa_jrc_2020":1.868576721228378E7,"fra_1a_forestArea":19114.0390625,"fra_1a_landArea":32855.0,"fra_3b_protected":3438.070068359375,"iso3":"MYS","total_area_ha":3.3123353722270753E7,"year":2020,"fa_copernicus_protected":3383951.416203025,"fa_esa_2009_protected":2713578.3869518396,"fa_esa_2020_protected":3405106.254465323,"fa_esri_protected":3391957.6073342324,"fa_globeland_protected":3326654.4701126176,"fa_hansen10_protected":3318592.3347441237,"fa_hansen20_protected":3316610.8674015845,"fa_hansen30_protected":3314210.1025482733,"fa_jaxa_protected":3162307.0702174646,"fa_tandemx_protected":3316277.4235383486,"fa_jrc_2020_protected":3316796.974522354,"ba_MODIS_2001":3601.1704851593154,"ba_MODIS_2002":35988.31752016548,"ba_MODIS_2003":42717.499812022055,"ba_MODIS_2004":94719.03742091918,"ba_MODIS_2005":110972.08131942415,"ba_MODIS_2006":21574.674919859066,"ba_MODIS_2007":40524.08550655647,"ba_MODIS_2008":17752.552106911753,"ba_MODIS_2009":91491.78696949137,"ba_MODIS_2010":59204.025980912906,"ba_MODIS_2011":45390.530385410486,"ba_MODIS_2012":18238.881131458325,"ba_MODIS_2013":31741.822232922837,"ba_MODIS_2014":89898.19641255548,"ba_MODIS_2015":35671.82275756126,"ba_MODIS_2016":53413.182194460736,"ba_MODIS_2017":867.3817562500001,"ba_MODIS_2018":16721.30394426473,"ba_MODIS_2019":31789.290845680134,"ba_MODIS_2020":14364.213924871321,"ba_MODIS_2021":10911.979330912976,"ba_MODIS_2022":0.0,"ba_MODIS_2001_Hansen10":1836.161272619634,"ba_MODIS_2002_Hansen10":20773.495827834075,"ba_MODIS_2003_Hansen10":20734.50343240484,"ba_MODIS_2004_Hansen10":41045.18397174128,"ba_MODIS_2005_Hansen10":42336.360345334324,"ba_MODIS_2006_Hansen10":14060.94086006254,"ba_MODIS_2007_Hansen10":13296.539736476392,"ba_MODIS_2008_Hansen10":10146.917696843951,"ba_MODIS_2009_Hansen10":36993.263185440774,"ba_MODIS_2010_Hansen10":34175.52720248398,"ba_MODIS_2011_Hansen10":10159.65004991962,"ba_MODIS_2012_Hansen10":4358.455057105673,"ba_MODIS_2013_Hansen10":7421.183869603176,"ba_MODIS_2014_Hansen10":30114.263946317373,"ba_MODIS_2015_Hansen10":13718.447791149474,"ba_MODIS_2016_Hansen10":25491.477987276394,"ba_MODIS_2017_Hansen10":87.53208662719764,"ba_MODIS_2018_Hansen10":3496.1267107865992,"ba_MODIS_2019_Hansen10":11073.710459161879,"ba_MODIS_2020_Hansen10":5127.6740764966235,"ba_MODIS_2021_Hansen10":1603.1083607527653,"ba_MODIS_2022_Hansen10":0.0}},{"type":"Feature","geometry":{"type":"MultiPoint","coordinates":[]},"properties":{"fa_agreement_esri_esa_glo_hansen10_gte_1":8786896.459894113,"fa_agreement_esri_esa_glo_hansen10_gte_2":7548542.138531154,"fa_agreement_esri_esa_glo_hansen10_gte_3":6086051.971086658,"fa_agreement_esri_esa_glo_hansen10_gte_4":3635060.9595520003,"fa_agreement_esri_esa_gte_1":7942711.970034201,"fa_agreement_esri_esa_gte_2":4812991.155033896,"fa_agreement_hansen10_gte_1":9848619.11231251,"fa_agreement_hansen10_gte_2":8705763.38774123,"fa_agreement_hansen10_gte_3":8150284.181723748,"fa_agreement_hansen10_gte_4":7699714.795380156,"fa_agreement_hansen10_gte_5":7159593.9743812,"fa_agreement_hansen10_gte_6":6458688.638803812,"fa_agreement_hansen10_gte_7":5494014.046309551,"fa_agreement_hansen10_gte_8":4067512.818361752,"fa_agreement_hansen30_gte_9":2057675.2067612375,"fa_agreement_hansen20_gte_1":9841978.053531615,"fa_agreement_hansen20_gte_2":8696765.98661177,"fa_agreement_hansen20_gte_3":8137629.499996193,"fa_agreement_hansen20_gte_4":7679485.531478618,"fa_agreement_hansen20_gte_5":7125268.024172646,"fa_agreement_hansen20_gte_6":6402186.6921048,"fa_agreement_hansen20_gte_7":5417909.124033255,"fa_agreement_hansen20_gte_8":3998329.602009406,"fa_agreement_hansen30_gte_1":9977672.347826837,"fa_agreement_hansen30_gte_2":8692868.342145948,"fa_agreement_hansen30_gte_3":8130631.434535558,"fa_agreement_hansen30_gte_4":7665852.126884696,"fa_agreement_hansen30_gte_5":7098261.823896662,"fa_agreement_hansen30_gte_6":6350403.346503041,"fa_agreement_hansen30_gte_7":5338292.166069154,"fa_agreement_hansen30_gte_8":3916660.677590448,"fa_copernicus":7093235.540783702,"fa_esa_2009":5717655.585212432,"fa_esa_2020":7815141.613632415,"fa_esri":4940540.053888832,"fa_globeland":7669712.84526036,"fa_hansen10":5623731.59661706,"fa_hansen20":5287133.320328827,"fa_hansen30":4960496.072360835,"fa_jaxa":8216607.043377358,"fa_tandemx":5177253.576519853,"fa_jrc_2020":7956273.0152795175,"fra_1a_forestArea":6030.08984375,"fra_1a_landArea":12041.0,"fra_3b_protected":null,"iso3":"PRK","total_area_ha":1.2245573633686213E7,"year":2020,"fa_copernicus_protected":1144.9929544296876,"fa_esa_2009_protected":811.7613006601392,"fa_esa_2020_protected":1074.6333325684561,"fa_esri_protected":413.7051733419514,"fa_globeland_protected":1085.0613786387216,"fa_hansen10_protected":959.0966939304517,"fa_hansen20_protected":931.4217641325615,"fa_hansen30_protected":893.5189026966543,"fa_jaxa_protected":1097.436144915296,"fa_tandemx_protected":841.7889103471342,"fa_jrc_2020_protected":1135.2074396799394,"ba_MODIS_2001":27917.97224073519,"ba_MODIS_2002":18505.078638149487,"ba_MODIS_2003":24035.95320433813,"ba_MODIS_2004":98687.51052636,"ba_MODIS_2005":47471.15565623768,"ba_MODIS_2006":22300.345984963278,"ba_MODIS_2007":16504.43767686274,"ba_MODIS_2008":30584.5252708946,"ba_MODIS_2009":109215.60638156865,"ba_MODIS_2010":14690.331952254875,"ba_MODIS_2011":79387.76877710778,"ba_MODIS_2012":16468.3671517708,"ba_MODIS_2013":17802.155989718107,"ba_MODIS_2014":96637.83755877403,"ba_MODIS_2015":45273.379868345626,"ba_MODIS_2016":5708.514115287987,"ba_MODIS_2017":19089.45836928306,"ba_MODIS_2018":29778.547049234097,"ba_MODIS_2019":43068.98211822887,"ba_MODIS_2020":11351.319997696059,"ba_MODIS_2021":5204.289505404415,"ba_MODIS_2022":75.43401874999999,"ba_MODIS_2001_Hansen10":13913.54144619558,"ba_MODIS_2002_Hansen10":4464.010544605964,"ba_MODIS_2003_Hansen10":6160.637995782222,"ba_MODIS_2004_Hansen10":65732.87430152336,"ba_MODIS_2005_Hansen10":18505.89731037619,"ba_MODIS_2006_Hansen10":6756.340666198726,"ba_MODIS_2007_Hansen10":2929.7711846723396,"ba_MODIS_2008_Hansen10":12153.88863258218,"ba_MODIS_2009_Hansen10":44360.14380815812,"ba_MODIS_2010_Hansen10":2946.910371179935,"ba_MODIS_2011_Hansen10":27345.1775890353,"ba_MODIS_2012_Hansen10":4738.328187378716,"ba_MODIS_2013_Hansen10":6137.486941557337,"ba_MODIS_2014_Hansen10":58379.465308422856,"ba_MODIS_2015_Hansen10":14725.901089737672,"ba_MODIS_2016_Hansen10":823.6966973382422,"ba_MODIS_2017_Hansen10":5563.802775939364,"ba_MODIS_2018_Hansen10":15300.503404846102,"ba_MODIS_2019_Hansen10":18186.66726949009,"ba_MODIS_2020_Hansen10":1257.77497760202,"ba_MODIS_2021_Hansen10":54.78261174223062,"ba_MODIS_2022_Hansen10":0.8110279663085939}},{"type":"Feature","geometry":{"type":"MultiPoint","coordinates":[]},"properties":{"fa_agreement_esri_esa_glo_hansen10_gte_1":2.794213317178029E8,"fa_agreement_esri_esa_glo_hansen10_gte_2":2.2860348422986466E8,"fa_agreement_esri_esa_glo_hansen10_gte_3":1.8901765009555957E8,"fa_agreement_esri_esa_glo_hansen10_gte_4":1.3202446803666638E8,"fa_agreement_esri_esa_gte_1":2.5092116658776128E8,"fa_agreement_esri_esa_gte_2":1.9517446594745076E8,"fa_agreement_hansen10_gte_1":3.3224682965868205E8,"fa_agreement_hansen10_gte_2":2.6258140091872403E8,"fa_agreement_hansen10_gte_3":2.3918037616162965E8,"fa_agreement_hansen10_gte_4":2.2164217817216253E8,"fa_agreement_hansen10_gte_5":2.032216345009411E8,"fa_agreement_hansen10_gte_6":1.8117221641524154E8,"fa_agreement_hansen10_gte_7":1.521038595237985E8,"fa_agreement_hansen10_gte_8":1.099030835344979E8,"fa_agreement_hansen30_gte_9":5.045364946802847E7,"fa_agreement_hansen20_gte_1":3.3118221607396513E8,"fa_agreement_hansen20_gte_2":2.6147680806238577E8,"fa_agreement_hansen20_gte_3":2.3811094061884868E8,"fa_agreement_hansen20_gte_4":2.2035763836770046E8,"fa_agreement_hansen20_gte_5":2.0158334932900882E8,"fa_agreement_hansen20_gte_6":1.792287276784726E8,"fa_agreement_hansen20_gte_7":1.501144317135189E8,"fa_agreement_hansen20_gte_8":1.0842319027195661E8,"fa_agreement_hansen30_gte_1":3.3617686456892514E8,"fa_agreement_hansen30_gte_2":2.6076610382112983E8,"fa_agreement_hansen30_gte_3":2.372676743334835E8,"fa_agreement_hansen30_gte_4":2.1914945200340915E8,"fa_agreement_hansen30_gte_5":1.9978037159063548E8,"fa_agreement_hansen30_gte_6":1.768721464855693E8,"fa_agreement_hansen30_gte_7":1.4757206503317335E8,"fa_agreement_hansen30_gte_8":1.0642260267516802E8,"fa_copernicus":1.9689355544520414E8,"fa_esa_2009":1.4400299235538918E8,"fa_esa_2020":2.3634873184317207E8,"fa_esri":2.0974775455885202E8,"fa_globeland":2.0277157631986174E8,"fa_hansen10":1.798337766952346E8,"fa_hansen20":1.6714255229560226E8,"fa_hansen30":1.5372515184274188E8,"fa_jaxa":1.9242102241751802E8,"fa_tandemx":1.7864304748013762E8,"fa_jrc_2020":2.3397987573723954E8,"fra_1a_forestArea":219978.18,"fra_1a_landArea":942470.0,"fra_3b_protected":30350.0,"iso3":"CHN","total_area_ha":9.343900018513991E8,"year":2020,"fa_copernicus_protected":2641499.103413491,"fa_esa_2009_protected":2963241.38929321,"fa_esa_2020_protected":3046391.9729403807,"fa_esri_protected":2808869.9172225464,"fa_globeland_protected":3260906.601128063,"fa_hansen10_protected":2609231.292767504,"fa_hansen20_protected":2520805.9961604406,"fa_hansen30_protected":2445719.446922918,"fa_jaxa_protected":2248377.753188622,"fa_tandemx_protected":2392586.690843595,"fa_jrc_2020_protected":3251547.792553723,"ba_MODIS_2001":974717.5159730597,"ba_MODIS_2002":1616240.9937864293,"ba_MODIS_2003":3408246.5741621447,"ba_MODIS_2004":2315611.5489125503,"ba_MODIS_2005":3179935.1208170718,"ba_MODIS_2006":4105426.5634931237,"ba_MODIS_2007":3926384.0901411553,"ba_MODIS_2008":3347148.0455534454,"ba_MODIS_2009":3249062.1171092237,"ba_MODIS_2010":4068975.806114475,"ba_MODIS_2011":3125431.840553721,"ba_MODIS_2012":4760852.160170231,"ba_MODIS_2013":3384067.11911721,"ba_MODIS_2014":5414293.775290573,"ba_MODIS_2015":3967734.2720360793,"ba_MODIS_2016":1522270.9322325545,"ba_MODIS_2017":4097547.3685187036,"ba_MODIS_2018":1538072.7948316925,"ba_MODIS_2019":2538753.6600048104,"ba_MODIS_2020":2418678.553143904,"ba_MODIS_2021":2569715.5487358384,"ba_MODIS_2022":75149.54625514697,"ba_MODIS_2001_Hansen10":233747.47283282966,"ba_MODIS_2002_Hansen10":224787.84575890173,"ba_MODIS_2003_Hansen10":1158464.2201002636,"ba_MODIS_2004_Hansen10":628484.5937115279,"ba_MODIS_2005_Hansen10":374859.3348012873,"ba_MODIS_2006_Hansen10":260621.61904356917,"ba_MODIS_2007_Hansen10":433421.9319787693,"ba_MODIS_2008_Hansen10":1127717.5315588482,"ba_MODIS_2009_Hansen10":479005.53799676977,"ba_MODIS_2010_Hansen10":576815.3676826945,"ba_MODIS_2011_Hansen10":290279.46834940277,"ba_MODIS_2012_Hansen10":195333.0122372643,"ba_MODIS_2013_Hansen10":249174.56717141072,"ba_MODIS_2014_Hansen10":369009.24004478235,"ba_MODIS_2015_Hansen10":219370.50765551432,"ba_MODIS_2016_Hansen10":214842.45489541203,"ba_MODIS_2017_Hansen10":142808.8468971936,"ba_MODIS_2018_Hansen10":210994.07815377606,"ba_MODIS_2019_Hansen10":200237.42672575504,"ba_MODIS_2020_Hansen10":163367.86709289736,"ba_MODIS_2021_Hansen10":136728.7511747297,"ba_MODIS_2022_Hansen10":9537.02291138904}},{"type":"Feature","geometry":{"type":"MultiPoint","coordinates":[]},"properties":{"fa_agreement_esri_esa_glo_hansen10_gte_1":3113914.114320656,"fa_agreement_esri_esa_glo_hansen10_gte_2":2912725.0042805634,"fa_agreement_esri_esa_glo_hansen10_gte_3":2713044.7488938873,"fa_agreement_esri_esa_glo_hansen10_gte_4":2230775.60073699,"fa_agreement_esri_esa_gte_1":2960469.209361168,"fa_agreement_esri_esa_gte_2":2732473.475416051,"fa_agreement_hansen10_gte_1":3323206.2899184925,"fa_agreement_hansen10_gte_2":3117669.863879095,"fa_agreement_hansen10_gte_3":3013285.0665245405,"fa_agreement_hansen10_gte_4":2933030.2059621387,"fa_agreement_hansen10_gte_5":2850939.534419355,"fa_agreement_hansen10_gte_6":2747501.4196241433,"fa_agreement_hansen10_gte_7":2573580.986312467,"fa_agreement_hansen10_gte_8":2168376.9994178605,"fa_agreement_hansen30_gte_9":1139470.100301899,"fa_agreement_hansen20_gte_1":3322499.9378514965,"fa_agreement_hansen20_gte_2":3116367.692727227,"fa_agreement_hansen20_gte_3":3011276.772007575,"fa_agreement_hansen20_gte_4":2930449.703389487,"fa_agreement_hansen20_gte_5":2847673.4614895196,"fa_agreement_hansen20_gte_6":2742824.545284137,"fa_agreement_hansen20_gte_7":2565268.4466933557,"fa_agreement_hansen20_gte_8":2154151.5112083307,"fa_agreement_hansen30_gte_1":3375620.066731423,"fa_agreement_hansen30_gte_2":3115351.3268220075,"fa_agreement_hansen30_gte_3":3009428.4966366403,"fa_agreement_hansen30_gte_4":2927842.05119718,"fa_agreement_hansen30_gte_5":2844097.386367465,"fa_agreement_hansen30_gte_6":2737207.510159398,"fa_agreement_hansen30_gte_7":2555720.156154007,"fa_agreement_hansen30_gte_8":2139898.3681966118,"fa_copernicus":2847655.056420086,"fa_esa_2009":2659215.690802703,"fa_esa_2020":2839875.2293337174,"fa_esri":2853037.304239893,"fa_globeland":2618097.269498451,"fa_hansen10":2657122.4170806236,"fa_hansen20":2606820.403307243,"fa_hansen30":2556083.1973779746,"fa_jaxa":2226161.470502859,"fa_tandemx":2581191.493346476,"fa_jrc_2020":2889096.33829338,"fra_1a_forestArea":2725.080078125,"fra_1a_landArea":3812.0,"fra_3b_protected":1104.199951171875,"iso3":"BTN","total_area_ha":3875311.9204271217,"year":2020,"fa_copernicus_protected":893670.1623407665,"fa_esa_2009_protected":951663.9682247472,"fa_esa_2020_protected":912287.0464882349,"fa_esri_protected":942882.0976289299,"fa_globeland_protected":899505.6500604964,"fa_hansen10_protected":893032.2734946787,"fa_hansen20_protected":874387.2087797439,"fa_hansen30_protected":856350.4406037559,"fa_jaxa_protected":714366.6413551504,"fa_tandemx_protected":785387.0829054363,"fa_jrc_2020_protected":974484.6389716679,"ba_MODIS_2001":6261.600360937509,"ba_MODIS_2002":2701.7537305943624,"ba_MODIS_2003":770.9461625,"ba_MODIS_2004":2727.1041446201,"ba_MODIS_2005":4872.478014877452,"ba_MODIS_2006":5104.724442132354,"ba_MODIS_2007":16547.54072397063,"ba_MODIS_2008":3636.403644675247,"ba_MODIS_2009":1966.1493337990203,"ba_MODIS_2010":13613.663464650766,"ba_MODIS_2011":7722.124972971813,"ba_MODIS_2012":21102.844797469377,"ba_MODIS_2013":3648.815987524509,"ba_MODIS_2014":12855.827718627457,"ba_MODIS_2015":11668.030647689964,"ba_MODIS_2016":4891.531937499998,"ba_MODIS_2017":5939.710990919121,"ba_MODIS_2018":3053.9969859375005,"ba_MODIS_2019":2991.6047634803936,"ba_MODIS_2020":1370.6856715318631,"ba_MODIS_2021":3304.5905111519614,"ba_MODIS_2022":818.5562859374999,"ba_MODIS_2001_Hansen10":3853.207370288025,"ba_MODIS_2002_Hansen10":1268.4532924377481,"ba_MODIS_2003_Hansen10":151.93444093627832,"ba_MODIS_2004_Hansen10":2281.0927837911613,"ba_MODIS_2005_Hansen10":2224.1916605896877,"ba_MODIS_2006_Hansen10":2753.7953222789797,"ba_MODIS_2007_Hansen10":12254.812392368336,"ba_MODIS_2008_Hansen10":1689.8918012576557,"ba_MODIS_2009_Hansen10":1438.8246543185114,"ba_MODIS_2010_Hansen10":7280.447225289861,"ba_MODIS_2011_Hansen10":3728.4526953774935,"ba_MODIS_2012_Hansen10":13133.25621356386,"ba_MODIS_2013_Hansen10":2185.939047118486,"ba_MODIS_2014_Hansen10":6808.141116022716,"ba_MODIS_2015_Hansen10":6636.405770525297,"ba_MODIS_2016_Hansen10":2741.6222932677897,"ba_MODIS_2017_Hansen10":2539.601963200752,"ba_MODIS_2018_Hansen10":1567.3205696594232,"ba_MODIS_2019_Hansen10":1073.2010602778926,"ba_MODIS_2020_Hansen10":946.7716749007855,"ba_MODIS_2021_Hansen10":1499.4646048466018,"ba_MODIS_2022_Hansen10":322.5569220031738}},{"type":"Feature","geometry":{"type":"MultiPoint","coordinates":[]},"properties":{"fa_agreement_esri_esa_glo_hansen10_gte_1":7216381.502903409,"fa_agreement_esri_esa_glo_hansen10_gte_2":6426791.977293105,"fa_agreement_esri_esa_glo_hansen10_gte_3":5700307.925992777,"fa_agreement_esri_esa_glo_hansen10_gte_4":3920828.686897832,"fa_agreement_esri_esa_gte_1":6880471.194842487,"fa_agreement_esri_esa_gte_2":4911351.116373756,"fa_agreement_hansen10_gte_1":8579937.484385578,"fa_agreement_hansen10_gte_2":7386986.092693451,"fa_agreement_hansen10_gte_3":6830973.501669678,"fa_agreement_hansen10_gte_4":6485782.099539291,"fa_agreement_hansen10_gte_5":6163539.704530674,"fa_agreement_hansen10_gte_6":5776491.880516926,"fa_agreement_hansen10_gte_7":5204317.552310536,"fa_agreement_hansen10_gte_8":4108232.882047063,"fa_agreement_hansen30_gte_9":1838437.1562354313,"fa_agreement_hansen20_gte_1":8576519.538532214,"fa_agreement_hansen20_gte_2":7380484.436538102,"fa_agreement_hansen20_gte_3":6821712.858880499,"fa_agreement_hansen20_gte_4":6472888.149629812,"fa_agreement_hansen20_gte_5":6144932.607604715,"fa_agreement_hansen20_gte_6":5748540.26198162,"fa_agreement_hansen20_gte_7":5167844.123738117,"fa_agreement_hansen20_gte_8":4074472.6053595482,"fa_agreement_hansen30_gte_1":8744981.934416236,"fa_agreement_hansen30_gte_2":7375473.075045182,"fa_agreement_hansen30_gte_3":6813189.9506654665,"fa_agreement_hansen30_gte_4":6459612.591816438,"fa_agreement_hansen30_gte_5":6124160.842710688,"fa_agreement_hansen30_gte_6":5714579.617824259,"fa_agreement_hansen30_gte_7":5117724.982607068,"fa_agreement_hansen30_gte_8":4026027.5226801015,"fa_copernicus":5495612.495298242,"fa_esa_2009":4245351.394929098,"fa_esa_2020":6804026.273157814,"fa_esri":4987798.315062464,"fa_globeland":5941003.863334442,"fa_hansen10":5519668.271039975,"fa_hansen20":5346035.363136107,"fa_hansen30":5129714.36917107,"fa_jaxa":7915974.204513578,"fa_tandemx":5940459.484847618,"fa_jrc_2020":6229652.886532586,"fra_1a_forestArea":6287.0,"fra_1a_landArea":9744.5,"fra_3b_protected":435.0,"iso3":"KOR","total_area_ha":1.0056575952270372E7,"year":2020,"fa_copernicus_protected":977359.042319559,"fa_esa_2009_protected":776406.4750923204,"fa_esa_2020_protected":1048849.7433266507,"fa_esri_protected":766190.9707359425,"fa_globeland_protected":984642.3756718987,"fa_hansen10_protected":947752.6783405183,"fa_hansen20_protected":931858.8127637467,"fa_hansen30_protected":911906.2032238422,"fa_jaxa_protected":1029969.1098522544,"fa_tandemx_protected":925508.9333970228,"fa_jrc_2020_protected":1031299.5583492818,"ba_MODIS_2001":1269.44908247549,"ba_MODIS_2002":5214.490180876224,"ba_MODIS_2003":10824.63340520221,"ba_MODIS_2004":10833.054933118903,"ba_MODIS_2005":9805.26768186274,"ba_MODIS_2006":1695.6518077389703,"ba_MODIS_2007":5371.337045784313,"ba_MODIS_2008":3234.311350318629,"ba_MODIS_2009":6138.592185569849,"ba_MODIS_2010":964.6006734374998,"ba_MODIS_2011":20425.135392690016,"ba_MODIS_2012":944.3306684436274,"ba_MODIS_2013":4238.74672942402,"ba_MODIS_2014":8608.292132083323,"ba_MODIS_2015":6805.073230625012,"ba_MODIS_2016":2591.170723088236,"ba_MODIS_2017":8449.656528498765,"ba_MODIS_2018":64.72968358455881,"ba_MODIS_2019":4551.140475962007,"ba_MODIS_2020":7317.5504236642155,"ba_MODIS_2021":0.0,"ba_MODIS_2022":250.63638808210786,"ba_MODIS_2001_Hansen10":784.9467746708907,"ba_MODIS_2002_Hansen10":2018.454504123971,"ba_MODIS_2003_Hansen10":2699.570260373137,"ba_MODIS_2004_Hansen10":3126.6572310799265,"ba_MODIS_2005_Hansen10":5348.7919464571505,"ba_MODIS_2006_Hansen10":599.0075155681778,"ba_MODIS_2007_Hansen10":1756.1970297519872,"ba_MODIS_2008_Hansen10":945.1934039104221,"ba_MODIS_2009_Hansen10":2717.914624915951,"ba_MODIS_2010_Hansen10":420.2122350646939,"ba_MODIS_2011_Hansen10":5918.382323321018,"ba_MODIS_2012_Hansen10":613.3727411376924,"ba_MODIS_2013_Hansen10":1572.7206466431471,"ba_MODIS_2014_Hansen10":2612.708986096171,"ba_MODIS_2015_Hansen10":663.6183817627666,"ba_MODIS_2016_Hansen10":123.91565408035574,"ba_MODIS_2017_Hansen10":2176.16056748681,"ba_MODIS_2018_Hansen10":49.24290699486786,"ba_MODIS_2019_Hansen10":918.4264978802412,"ba_MODIS_2020_Hansen10":1507.4300552362079,"ba_MODIS_2021_Hansen10":0.0,"ba_MODIS_2022_Hansen10":207.82525963134714}},{"type":"Feature","geometry":{"type":"MultiPoint","coordinates":[]},"properties":{"fa_agreement_esri_esa_glo_hansen10_gte_1":8.499066847531547E7,"fa_agreement_esri_esa_glo_hansen10_gte_2":5.978076673840574E7,"fa_agreement_esri_esa_glo_hansen10_gte_3":4.468606165885737E7,"fa_agreement_esri_esa_glo_hansen10_gte_4":2.9297280586903706E7,"fa_agreement_esri_esa_gte_1":7.52322813017217E7,"fa_agreement_esri_esa_gte_2":4.87661817144418E7,"fa_agreement_hansen10_gte_1":1.0555444808673595E8,"fa_agreement_hansen10_gte_2":7.545764658133121E7,"fa_agreement_hansen10_gte_3":6.43536878376525E7,"fa_agreement_hansen10_gte_4":5.663317396884026E7,"fa_agreement_hansen10_gte_5":4.995123248867506E7,"fa_agreement_hansen10_gte_6":4.304127749562555E7,"fa_agreement_hansen10_gte_7":3.512450060736411E7,"fa_agreement_hansen10_gte_8":2.4576429040918864E7,"fa_agreement_hansen30_gte_9":8238421.094892727,"fa_agreement_hansen20_gte_1":1.0511496548431179E8,"fa_agreement_hansen20_gte_2":7.512388636489399E7,"fa_agreement_hansen20_gte_3":6.399822342187889E7,"fa_agreement_hansen20_gte_4":5.619904538088143E7,"fa_agreement_hansen20_gte_5":4.936997097594976E7,"fa_agreement_hansen20_gte_6":4.224482957534269E7,"fa_agreement_hansen20_gte_7":3.416879864779403E7,"fa_agreement_hansen20_gte_8":2.3694273578836415E7,"fa_agreement_hansen30_gte_1":1.0629794045442726E8,"fa_agreement_hansen30_gte_2":7.495609847506148E7,"fa_agreement_hansen30_gte_3":6.378102842182726E7,"fa_agreement_hansen30_gte_4":5.5902099745754756E7,"fa_agreement_hansen30_gte_5":4.894331246443584E7,"fa_agreement_hansen30_gte_6":4.156260857891123E7,"fa_agreement_hansen30_gte_7":3.310011959261065E7,"fa_agreement_hansen30_gte_8":2.2247843459689405E7,"fa_copernicus":5.228577489427409E7,"fa_esa_2009":2.008327890534807E7,"fa_esa_2020":6.958075590301259E7,"fa_esri":5.441711287536485E7,"fa_globeland":5.37330026084647E7,"fa_hansen10":4.10292630499455E7,"fa_hansen20":3.5921742711350285E7,"fa_hansen30":3.097939435982215E7,"fa_jaxa":4.6874200702791944E7,"fa_tandemx":7.350470119306952E7,"fa_jrc_2020":6.046336765837534E7,"fra_1a_forestArea":72160.0,"fra_1a_landArea":297319.0,"fra_3b_protected":14001.0,"iso3":"IND","total_area_ha":2.9856569873687124E8,"year":2020,"fa_copernicus_protected":804898.5824736946,"fa_esa_2009_protected":707049.7732480904,"fa_esa_2020_protected":872294.9039870758,"fa_esri_protected":820575.0924825593,"fa_globeland_protected":799664.2773624479,"fa_hansen10_protected":787296.7549927082,"fa_hansen20_protected":738553.3503872919,"fa_hansen30_protected":705314.2097211439,"fa_jaxa_protected":786045.8448579279,"fa_tandemx_protected":753516.9876957915,"fa_jrc_2020_protected":894620.3941064219,"ba_MODIS_2001":879811.0102416686,"ba_MODIS_2002":1951622.9084561006,"ba_MODIS_2003":2709525.9146022056,"ba_MODIS_2004":3847084.0159611665,"ba_MODIS_2005":3112209.5004157256,"ba_MODIS_2006":2889160.377453383,"ba_MODIS_2007":3644049.6466812273,"ba_MODIS_2008":3341388.6821875214,"ba_MODIS_2009":5398040.048189907,"ba_MODIS_2010":4674633.953754822,"ba_MODIS_2011":4234453.386145228,"ba_MODIS_2012":5802104.461577057,"ba_MODIS_2013":4245012.1489462415,"ba_MODIS_2014":4275601.00532034,"ba_MODIS_2015":3754906.772465513,"ba_MODIS_2016":4856337.006649699,"ba_MODIS_2017":4992059.995408134,"ba_MODIS_2018":5284513.872668352,"ba_MODIS_2019":4649539.730320526,"ba_MODIS_2020":4314343.419322519,"ba_MODIS_2021":6652928.800581035,"ba_MODIS_2022":108883.61262531245,"ba_MODIS_2001_Hansen10":339676.79554744513,"ba_MODIS_2002_Hansen10":232586.21197197988,"ba_MODIS_2003_Hansen10":770325.5836207557,"ba_MODIS_2004_Hansen10":1181273.721788487,"ba_MODIS_2005_Hansen10":661737.800254972,"ba_MODIS_2006_Hansen10":735580.557214124,"ba_MODIS_2007_Hansen10":1117943.0836013353,"ba_MODIS_2008_Hansen10":720021.1767992423,"ba_MODIS_2009_Hansen10":2024795.6470681613,"ba_MODIS_2010_Hansen10":1579669.1986340373,"ba_MODIS_2011_Hansen10":826738.4932449943,"ba_MODIS_2012_Hansen10":1904815.0537820773,"ba_MODIS_2013_Hansen10":1074932.886197772,"ba_MODIS_2014_Hansen10":970043.0142417218,"ba_MODIS_2015_Hansen10":687412.3822432538,"ba_MODIS_2016_Hansen10":958283.495077669,"ba_MODIS_2017_Hansen10":1343139.818316038,"ba_MODIS_2018_Hansen10":1175200.314825103,"ba_MODIS_2019_Hansen10":738710.1354797862,"ba_MODIS_2020_Hansen10":376205.8837165534,"ba_MODIS_2021_Hansen10":1753359.7422952428,"ba_MODIS_2022_Hansen10":12640.06348654303}},{"type":"Feature","geometry":{"type":"MultiPoint","coordinates":[]},"properties":{"fa_agreement_esri_esa_glo_hansen10_gte_1":2.506489459382755E7,"fa_agreement_esri_esa_glo_hansen10_gte_2":2.166935991301105E7,"fa_agreement_esri_esa_glo_hansen10_gte_3":1.8555111128537674E7,"fa_agreement_esri_esa_glo_hansen10_gte_4":1.3911045730754498E7,"fa_agreement_esri_esa_gte_1":2.3230892566647988E7,"fa_agreement_esri_esa_gte_2":1.8016992515681036E7,"fa_agreement_hansen10_gte_1":2.5502032044499833E7,"fa_agreement_hansen10_gte_2":2.3526675726518206E7,"fa_agreement_hansen10_gte_3":2.1973130833937865E7,"fa_agreement_hansen10_gte_4":2.0412367755492568E7,"fa_agreement_hansen10_gte_5":1.8574866261832252E7,"fa_agreement_hansen10_gte_6":1.6047535961645406E7,"fa_agreement_hansen10_gte_7":1.2038808591624282E7,"fa_agreement_hansen10_gte_8":7724411.598155946,"fa_agreement_hansen30_gte_9":3411350.455103424,"fa_agreement_hansen20_gte_1":2.5439093540277418E7,"fa_agreement_hansen20_gte_2":2.3460227118232455E7,"fa_agreement_hansen20_gte_3":2.190426861360686E7,"fa_agreement_hansen20_gte_4":2.033735506220837E7,"fa_agreement_hansen20_gte_5":1.8492223292015634E7,"fa_agreement_hansen20_gte_6":1.5960430012511915E7,"fa_agreement_hansen20_gte_7":1.197286051222227E7,"fa_agreement_hansen20_gte_8":7698080.199762388,"fa_agreement_hansen30_gte_1":2.598610718845816E7,"fa_agreement_hansen30_gte_2":2.340032891991905E7,"fa_agreement_hansen30_gte_3":2.1835765358392455E7,"fa_agreement_hansen30_gte_4":2.0260792748701353E7,"fa_agreement_hansen30_gte_5":1.840589369281794E7,"fa_agreement_hansen30_gte_6":1.5866186586251894E7,"fa_agreement_hansen30_gte_7":1.1900605230365455E7,"fa_agreement_hansen30_gte_8":7667629.0262893895,"fa_copernicus":2.2037251921171267E7,"fa_esa_2009":8057527.9204426315,"fa_esa_2020":2.282270692829662E7,"fa_esri":1.8425228061370756E7,"fa_globeland":1.9325779032649156E7,"fa_hansen10":1.859187712018064E7,"fa_hansen20":1.8029342305359177E7,"fa_hansen30":1.7467404566817515E7,"fa_jaxa":9466168.327105993,"fa_tandemx":1.886425584451944E7,"fa_jrc_2020":1.4195469244461225E7,"fra_1a_forestArea":7188.58984375,"fra_1a_landArea":29817.0,"fra_3b_protected":2025.8900146484375,"iso3":"PHL","total_area_ha":2.964126567528451E7,"year":2020,"fa_copernicus_protected":3235313.081404719,"fa_esa_2009_protected":1654780.8530168985,"fa_esa_2020_protected":3257848.441974128,"fa_esri_protected":2926963.4610768147,"fa_globeland_protected":3008753.501705886,"fa_hansen10_protected":2901734.4309588172,"fa_hansen20_protected":2856954.7369980533,"fa_hansen30_protected":2811644.9199270094,"fa_jaxa_protected":2034879.1312588693,"fa_tandemx_protected":2748905.8639991437,"fa_jrc_2020_protected":2912734.485833944,"ba_MODIS_2001":48372.763271776756,"ba_MODIS_2002":130680.67696632352,"ba_MODIS_2003":148200.7116940386,"ba_MODIS_2004":99108.06191867622,"ba_MODIS_2005":155978.73270337042,"ba_MODIS_2006":88177.23066869471,"ba_MODIS_2007":125225.42053925838,"ba_MODIS_2008":35582.01398813116,"ba_MODIS_2009":76786.51413019605,"ba_MODIS_2010":159982.79351197943,"ba_MODIS_2011":68214.59272007334,"ba_MODIS_2012":61997.11906783673,"ba_MODIS_2013":63170.37942367656,"ba_MODIS_2014":109003.63234490191,"ba_MODIS_2015":121896.90250673439,"ba_MODIS_2016":118811.90521732222,"ba_MODIS_2017":64226.18974987732,"ba_MODIS_2018":86261.82103993243,"ba_MODIS_2019":103831.7803011945,"ba_MODIS_2020":103436.67603641524,"ba_MODIS_2021":68092.2238134742,"ba_MODIS_2022":24148.920959375013,"ba_MODIS_2001_Hansen10":10765.545954498073,"ba_MODIS_2002_Hansen10":47574.88457190197,"ba_MODIS_2003_Hansen10":41631.7840465154,"ba_MODIS_2004_Hansen10":34615.808552147304,"ba_MODIS_2005_Hansen10":59232.44536403742,"ba_MODIS_2006_Hansen10":21784.74180694546,"ba_MODIS_2007_Hansen10":39608.988890038425,"ba_MODIS_2008_Hansen10":10157.966102992994,"ba_MODIS_2009_Hansen10":18933.7961168671,"ba_MODIS_2010_Hansen10":73196.3717397953,"ba_MODIS_2011_Hansen10":17016.71760184989,"ba_MODIS_2012_Hansen10":15292.05409224564,"ba_MODIS_2013_Hansen10":18966.889622929946,"ba_MODIS_2014_Hansen10":34795.1056975713,"ba_MODIS_2015_Hansen10":44469.79953548821,"ba_MODIS_2016_Hansen10":49144.931718963024,"ba_MODIS_2017_Hansen10":18394.024076117166,"ba_MODIS_2018_Hansen10":23880.47223602759,"ba_MODIS_2019_Hansen10":36852.067690693846,"ba_MODIS_2020_Hansen10":37734.56274032985,"ba_MODIS_2021_Hansen10":14297.866648425701,"ba_MODIS_2022_Hansen10":8108.767937597673}},{"type":"Feature","geometry":{"type":"MultiPoint","coordinates":[]},"properties":{"fa_agreement_esri_esa_glo_hansen10_gte_1":5345648.158761413,"fa_agreement_esri_esa_glo_hansen10_gte_2":4492282.18090387,"fa_agreement_esri_esa_glo_hansen10_gte_3":3714630.0535303545,"fa_agreement_esri_esa_glo_hansen10_gte_4":2423396.2854885054,"fa_agreement_esri_esa_gte_1":4829042.515523989,"fa_agreement_esri_esa_gte_2":3212259.8000662914,"fa_agreement_hansen10_gte_1":5828913.703463826,"fa_agreement_hansen10_gte_2":5268569.69710696,"fa_agreement_hansen10_gte_3":4861437.188352039,"fa_agreement_hansen10_gte_4":4515369.963928071,"fa_agreement_hansen10_gte_5":4160256.8811142407,"fa_agreement_hansen10_gte_6":3729497.10416,"fa_agreement_hansen10_gte_7":3141185.356018537,"fa_agreement_hansen10_gte_8":2309040.092899138,"fa_agreement_hansen30_gte_9":1192413.105219605,"fa_agreement_hansen20_gte_1":5823805.188186774,"fa_agreement_hansen20_gte_2":5259315.162676884,"fa_agreement_hansen20_gte_3":4850742.734930495,"fa_agreement_hansen20_gte_4":4502639.088272527,"fa_agreement_hansen20_gte_5":4143160.0963550024,"fa_agreement_hansen20_gte_6":3709197.629639464,"fa_agreement_hansen20_gte_7":3123657.9484714717,"fa_agreement_hansen20_gte_8":2298463.133521121,"fa_agreement_hansen30_gte_1":6002712.899193229,"fa_agreement_hansen30_gte_2":5248900.260067506,"fa_agreement_hansen30_gte_3":4835724.219264183,"fa_agreement_hansen30_gte_4":4481612.589334825,"fa_agreement_hansen30_gte_5":4112648.9336512187,"fa_agreement_hansen30_gte_6":3672245.1501497477,"fa_agreement_hansen30_gte_7":3092175.9263151423,"fa_agreement_hansen30_gte_8":2279347.7894694693,"fa_copernicus":4596691.642090978,"fa_esa_2009":4523424.854939649,"fa_esa_2020":4740815.193349783,"fa_esri":3300541.4381550374,"fa_globeland":3853114.7774113095,"fa_hansen10":4068045.6154927723,"fa_hansen20":3955040.846899999,"fa_hansen30":3769324.58724389,"fa_jaxa":3118823.956084689,"fa_tandemx":3885001.41223437,"fa_jrc_2020":3799057.866525601,"fra_1a_forestArea":2113.02001953125,"fra_1a_landArea":6271.0,"fra_3b_protected":1258.3699951171875,"iso3":"LKA","total_area_ha":6646326.689168869,"year":2020,"fa_copernicus_protected":1577746.349090447,"fa_esa_2009_protected":1471813.9960183003,"fa_esa_2020_protected":1604663.2976113076,"fa_esri_protected":1479864.6694281849,"fa_globeland_protected":1305029.931861441,"fa_hansen10_protected":1490464.8950963973,"fa_hansen20_protected":1467738.5161650141,"fa_hansen30_protected":1428226.034569738,"fa_jaxa_protected":1400276.2631965743,"fa_tandemx_protected":1144317.5548049405,"fa_jrc_2020_protected":1603309.198224106,"ba_MODIS_2001":7020.153745312496,"ba_MODIS_2002":61129.521424999955,"ba_MODIS_2003":69225.95292343742,"ba_MODIS_2004":76715.12243437459,"ba_MODIS_2005":91221.70628906223,"ba_MODIS_2006":38164.60584062489,"ba_MODIS_2007":42286.27261093755,"ba_MODIS_2008":40652.83560938112,"ba_MODIS_2009":60973.79035537953,"ba_MODIS_2010":28595.944668749908,"ba_MODIS_2011":33353.06752343758,"ba_MODIS_2012":56108.272943382384,"ba_MODIS_2013":23736.43559999991,"ba_MODIS_2014":24122.582287499918,"ba_MODIS_2015":27615.311701562583,"ba_MODIS_2016":32089.936079687486,"ba_MODIS_2017":2704.215670312501,"ba_MODIS_2018":12580.545764062485,"ba_MODIS_2019":6055.2424234374885,"ba_MODIS_2020":1858.05012625,"ba_MODIS_2021":4590.965445312497,"ba_MODIS_2022":0.0,"ba_MODIS_2001_Hansen10":810.907423376465,"ba_MODIS_2002_Hansen10":14194.52735729964,"ba_MODIS_2003_Hansen10":17601.591211730934,"ba_MODIS_2004_Hansen10":27153.49193222155,"ba_MODIS_2005_Hansen10":26477.13100847254,"ba_MODIS_2006_Hansen10":9195.356572174134,"ba_MODIS_2007_Hansen10":8301.76531593614,"ba_MODIS_2008_Hansen10":5196.949738574553,"ba_MODIS_2009_Hansen10":14191.038542175871,"ba_MODIS_2010_Hansen10":6354.773500665154,"ba_MODIS_2011_Hansen10":6536.580600750898,"ba_MODIS_2012_Hansen10":18188.44518570564,"ba_MODIS_2013_Hansen10":4118.119534881595,"ba_MODIS_2014_Hansen10":7692.093893206798,"ba_MODIS_2015_Hansen10":3207.2118198425123,"ba_MODIS_2016_Hansen10":8102.528284728979,"ba_MODIS_2017_Hansen10":817.3127369140641,"ba_MODIS_2018_Hansen10":1874.3858282653825,"ba_MODIS_2019_Hansen10":1498.7554594360206,"ba_MODIS_2020_Hansen10":42.74312276611328,"ba_MODIS_2021_Hansen10":809.7535701721267,"ba_MODIS_2022_Hansen10":0.0}},{"type":"Feature","geometry":{"type":"MultiPoint","coordinates":[]},"properties":{"fa_agreement_esri_esa_glo_hansen10_gte_1":2.4086090826379452E7,"fa_agreement_esri_esa_glo_hansen10_gte_2":1.9234472793152235E7,"fa_agreement_esri_esa_glo_hansen10_gte_3":1.5018175914110383E7,"fa_agreement_esri_esa_glo_hansen10_gte_4":1.0408384004949134E7,"fa_agreement_esri_esa_gte_1":2.195787940538783E7,"fa_agreement_esri_esa_gte_2":1.6442570358333798E7,"fa_agreement_hansen10_gte_1":2.541754609138991E7,"fa_agreement_hansen10_gte_2":2.2168407931263298E7,"fa_agreement_hansen10_gte_3":2.004556798615393E7,"fa_agreement_hansen10_gte_4":1.8083184565527327E7,"fa_agreement_hansen10_gte_5":1.6013015309001995E7,"fa_agreement_hansen10_gte_6":1.3800190708457923E7,"fa_agreement_hansen10_gte_7":1.1409076542484198E7,"fa_agreement_hansen10_gte_8":8412143.42353664,"fa_agreement_hansen30_gte_9":3704411.25391861,"fa_agreement_hansen20_gte_1":2.530944095382139E7,"fa_agreement_hansen20_gte_2":2.2073203689810615E7,"fa_agreement_hansen20_gte_3":1.9957148193269245E7,"fa_agreement_hansen20_gte_4":1.800268296928512E7,"fa_agreement_hansen20_gte_5":1.5932025094326401E7,"fa_agreement_hansen20_gte_6":1.3706515516013324E7,"fa_agreement_hansen20_gte_7":1.1320246571844568E7,"fa_agreement_hansen20_gte_8":8359855.479595783,"fa_agreement_hansen30_gte_1":2.6052208438064314E7,"fa_agreement_hansen30_gte_2":2.200427367311135E7,"fa_agreement_hansen30_gte_3":1.9875385785154995E7,"fa_agreement_hansen30_gte_4":1.7924117874488886E7,"fa_agreement_hansen30_gte_5":1.5855107041253822E7,"fa_agreement_hansen30_gte_6":1.3618181414656091E7,"fa_agreement_hansen30_gte_7":1.1233824217149675E7,"fa_agreement_hansen30_gte_8":8306170.425001373,"fa_copernicus":1.99357721869869E7,"fa_esa_2009":1.0564789578129074E7,"fa_esa_2020":2.108018092615131E7,"fa_esri":1.732049064720554E7,"fa_globeland":1.5300692034585008E7,"fa_hansen10":1.4994565935808368E7,"fa_hansen20":1.4258018472345244E7,"fa_hansen30":1.3610407711438162E7,"fa_jaxa":1.3785988935870692E7,"fa_tandemx":1.4817683859501464E7,"fa_jrc_2020":1.4911171218488313E7,"fra_1a_forestArea":14643.08984375,"fra_1a_landArea":31007.0,"fra_3b_protected":2177.75,"iso3":"VNM","total_area_ha":3.28668588421739E7,"year":2020,"fa_copernicus_protected":2091016.9741187976,"fa_esa_2009_protected":1275853.448245098,"fa_esa_2020_protected":2107133.3871431327,"fa_esri_protected":1980240.315384371,"fa_globeland_protected":1984948.9918191638,"fa_hansen10_protected":1962640.4074611734,"fa_hansen20_protected":1932927.7435755858,"fa_hansen30_protected":1907781.357382102,"fa_jaxa_protected":1898479.065733727,"fa_tandemx_protected":1866859.2207826884,"fa_jrc_2020_protected":2002709.0262763603,"ba_MODIS_2001":261466.5844578127,"ba_MODIS_2002":403392.6563060452,"ba_MODIS_2003":859232.6780484207,"ba_MODIS_2004":946010.1581737506,"ba_MODIS_2005":1043313.9452935937,"ba_MODIS_2006":495575.634768849,"ba_MODIS_2007":1055938.6583537525,"ba_MODIS_2008":711726.3346120579,"ba_MODIS_2009":735435.9968622762,"ba_MODIS_2010":1226882.0148110085,"ba_MODIS_2011":639458.492830078,"ba_MODIS_2012":993815.02526373,"ba_MODIS_2013":975763.1391181613,"ba_MODIS_2014":1094431.3288035686,"ba_MODIS_2015":1217338.8317614067,"ba_MODIS_2016":1032566.7594072506,"ba_MODIS_2017":528055.5995819065,"ba_MODIS_2018":723428.3356478744,"ba_MODIS_2019":861489.5007301009,"ba_MODIS_2020":990168.7465558619,"ba_MODIS_2021":653115.8413282225,"ba_MODIS_2022":172255.16622649124,"ba_MODIS_2001_Hansen10":81930.63904402922,"ba_MODIS_2002_Hansen10":147301.67241699685,"ba_MODIS_2003_Hansen10":341977.8404117356,"ba_MODIS_2004_Hansen10":369569.54889565264,"ba_MODIS_2005_Hansen10":429795.85818144097,"ba_MODIS_2006_Hansen10":193490.6080150226,"ba_MODIS_2007_Hansen10":507743.1371149711,"ba_MODIS_2008_Hansen10":192480.5419817585,"ba_MODIS_2009_Hansen10":241792.90035908457,"ba_MODIS_2010_Hansen10":390458.7537231573,"ba_MODIS_2011_Hansen10":216421.2106375801,"ba_MODIS_2012_Hansen10":307795.03904885513,"ba_MODIS_2013_Hansen10":218994.97865946725,"ba_MODIS_2014_Hansen10":310542.573897652,"ba_MODIS_2015_Hansen10":308378.3784274669,"ba_MODIS_2016_Hansen10":271638.1580383656,"ba_MODIS_2017_Hansen10":133659.7836183009,"ba_MODIS_2018_Hansen10":166388.37718066745,"ba_MODIS_2019_Hansen10":200184.82471977637,"ba_MODIS_2020_Hansen10":210568.96738205347,"ba_MODIS_2021_Hansen10":143520.5330899415,"ba_MODIS_2022_Hansen10":46693.43718677464}},{"type":"Feature","geometry":{"type":"MultiPoint","coordinates":[]},"properties":{"fa_agreement_esri_esa_glo_hansen10_gte_1":566325.1194297323,"fa_agreement_esri_esa_glo_hansen10_gte_2":546791.1117545533,"fa_agreement_esri_esa_glo_hansen10_gte_3":526649.3217364933,"fa_agreement_esri_esa_glo_hansen10_gte_4":472997.6530593425,"fa_agreement_esri_esa_gte_1":552943.0504799766,"fa_agreement_esri_esa_gte_2":514716.21857859107,"fa_agreement_hansen10_gte_1":565675.0664685871,"fa_agreement_hansen10_gte_2":553341.5998593803,"fa_agreement_hansen10_gte_3":543886.812145299,"fa_agreement_hansen10_gte_4":534680.2376122446,"fa_agreement_hansen10_gte_5":525125.6271957181,"fa_agreement_hansen10_gte_6":513653.45510360226,"fa_agreement_hansen10_gte_7":497069.3014763189,"fa_agreement_hansen10_gte_8":462044.90908076736,"fa_agreement_hansen30_gte_9":396050.50198571774,"fa_agreement_hansen20_gte_1":565479.8801741069,"fa_agreement_hansen20_gte_2":553085.6362703393,"fa_agreement_hansen20_gte_3":543651.0110948781,"fa_agreement_hansen20_gte_4":534433.8204717463,"fa_agreement_hansen20_gte_5":524875.8081123107,"fa_agreement_hansen20_gte_6":513422.8222625362,"fa_agreement_hansen20_gte_7":496867.38038303563,"fa_agreement_hansen20_gte_8":461900.37826396513,"fa_agreement_hansen30_gte_1":572060.8738076175,"fa_agreement_hansen30_gte_2":552838.646503195,"fa_agreement_hansen30_gte_3":543410.0812283889,"fa_agreement_hansen30_gte_4":534186.4593511759,"fa_agreement_hansen30_gte_5":524615.4802705375,"fa_agreement_hansen30_gte_6":513163.8561885424,"fa_agreement_hansen30_gte_7":496631.1509864386,"fa_agreement_hansen30_gte_8":461725.92202019074,"fa_copernicus":538380.1384577914,"fa_esa_2009":466791.1085268612,"fa_esa_2020":539354.6025214187,"fa_esri":528322.1620128234,"fa_globeland":526849.5238716264,"fa_hansen10":517768.9125258382,"fa_hansen20":515795.99014844955,"fa_hansen30":513788.6068333471,"fa_jaxa":485748.23115039035,"fa_tandemx":509871.182394002,"fa_jrc_2020":513283.05442635244,"fra_1a_forestArea":380.0,"fra_1a_landArea":527.0,"fra_3b_protected":19.0,"iso3":"BRN","total_area_ha":592498.6455353987,"year":2020,"fa_copernicus_protected":131457.68704519072,"fa_esa_2009_protected":126979.249098087,"fa_esa_2020_protected":128497.99195826454,"fa_esri_protected":130213.96117861074,"fa_globeland_protected":124617.2553006459,"fa_hansen10_protected":129655.32404431458,"fa_hansen20_protected":129539.42591183376,"fa_hansen30_protected":129425.93615891873,"fa_jaxa_protected":120670.30508300856,"fa_tandemx_protected":129165.64465053695,"fa_jrc_2020_protected":128399.43405736683,"ba_MODIS_2001":194.79891744485295,"ba_MODIS_2002":74.2218328125,"ba_MODIS_2003":578.7495554779413,"ba_MODIS_2004":321.752490625,"ba_MODIS_2005":145.23139868259804,"ba_MODIS_2006":0.0,"ba_MODIS_2007":86.770984375,"ba_MODIS_2008":0.0,"ba_MODIS_2009":189.80357342524508,"ba_MODIS_2010":74.2366609375,"ba_MODIS_2011":49.50854375,"ba_MODIS_2012":0.0,"ba_MODIS_2013":0.0,"ba_MODIS_2014":418.49790504901955,"ba_MODIS_2015":296.9597234375,"ba_MODIS_2016":490.03247594362756,"ba_MODIS_2017":0.0,"ba_MODIS_2018":0.0,"ba_MODIS_2019":308.04163087009806,"ba_MODIS_2020":247.55227656250003,"ba_MODIS_2021":0.0,"ba_MODIS_2022":0.0,"ba_MODIS_2001_Hansen10":126.33355940975414,"ba_MODIS_2002_Hansen10":44.176771826171944,"ba_MODIS_2003_Hansen10":461.36917711613535,"ba_MODIS_2004_Hansen10":160.29424763183596,"ba_MODIS_2005_Hansen10":167.43034651867464,"ba_MODIS_2006_Hansen10":0.0,"ba_MODIS_2007_Hansen10":46.72261682763197,"ba_MODIS_2008_Hansen10":0.0,"ba_MODIS_2009_Hansen10":136.83994178670207,"ba_MODIS_2010_Hansen10":61.56226138305644,"ba_MODIS_2011_Hansen10":44.29037598876936,"ba_MODIS_2012_Hansen10":0.0,"ba_MODIS_2013_Hansen10":0.0,"ba_MODIS_2014_Hansen10":293.9057679382301,"ba_MODIS_2015_Hansen10":179.5163638488769,"ba_MODIS_2016_Hansen10":162.80781224987578,"ba_MODIS_2017_Hansen10":0.0,"ba_MODIS_2018_Hansen10":0.0,"ba_MODIS_2019_Hansen10":140.42556205066205,"ba_MODIS_2020_Hansen10":63.095107586669975,"ba_MODIS_2021_Hansen10":0.0,"ba_MODIS_2022_Hansen10":0.0}},{"type":"Feature","geometry":{"type":"MultiPoint","coordinates":[]},"properties":{"fa_agreement_esri_esa_glo_hansen10_gte_1":3.089394794092754E7,"fa_agreement_esri_esa_glo_hansen10_gte_2":2.4893365207050756E7,"fa_agreement_esri_esa_glo_hansen10_gte_3":1.964181386040141E7,"fa_agreement_esri_esa_glo_hansen10_gte_4":1.302604122955359E7,"fa_agreement_esri_esa_gte_1":2.8519124504697848E7,"fa_agreement_esri_esa_gte_2":1.8472212458503112E7,"fa_agreement_hansen10_gte_1":3.402522861730906E7,"fa_agreement_hansen10_gte_2":2.8654461070000783E7,"fa_agreement_hansen10_gte_3":2.602997731828313E7,"fa_agreement_hansen10_gte_4":2.3790630655661087E7,"fa_agreement_hansen10_gte_5":2.1308625013050716E7,"fa_agreement_hansen10_gte_6":1.8475033658488058E7,"fa_agreement_hansen10_gte_7":1.4989814683512371E7,"fa_agreement_hansen10_gte_8":1.057630880680706E7,"fa_agreement_hansen30_gte_9":4526696.375987269,"fa_agreement_hansen20_gte_1":3.395043072954486E7,"fa_agreement_hansen20_gte_2":2.8559611283971798E7,"fa_agreement_hansen20_gte_3":2.5936995669232756E7,"fa_agreement_hansen20_gte_4":2.3677668231626265E7,"fa_agreement_hansen20_gte_5":2.1174989874546174E7,"fa_agreement_hansen20_gte_6":1.8327436518723246E7,"fa_agreement_hansen20_gte_7":1.4856371499911841E7,"fa_agreement_hansen20_gte_8":1.0508088831402283E7,"fa_agreement_hansen30_gte_1":3.481756171629192E7,"fa_agreement_hansen30_gte_2":2.847794713118875E7,"fa_agreement_hansen30_gte_3":2.5850864928575512E7,"fa_agreement_hansen30_gte_4":2.3570861075780176E7,"fa_agreement_hansen30_gte_5":2.1042161090088498E7,"fa_agreement_hansen30_gte_6":1.8170316592048626E7,"fa_agreement_hansen30_gte_7":1.4712551594684279E7,"fa_agreement_hansen30_gte_8":1.043530198788524E7,"fa_copernicus":2.470545025847325E7,"fa_esa_2009":9023543.670706455,"fa_esa_2020":2.8115399836810593E7,"fa_esri":1.8876325414528284E7,"fa_globeland":2.1413641629268747E7,"fa_hansen10":2.000064799555831E7,"fa_hansen20":1.9085666844913073E7,"fa_hansen30":1.8191153822732206E7,"fa_jaxa":2.189206966216039E7,"fa_tandemx":2.4357398109887764E7,"fa_jrc_2020":1.8007364909149002E7,"fra_1a_forestArea":19873.0,"fra_1a_landArea":51089.0,"fra_3b_protected":null,"iso3":"THA","total_area_ha":5.172375502325762E7,"year":2020,"fa_copernicus_protected":8741614.270759236,"fa_esa_2009_protected":4515073.02183688,"fa_esa_2020_protected":8689530.891227832,"fa_esri_protected":7047937.677093946,"fa_globeland_protected":8128705.94481133,"fa_hansen10_protected":8281703.104689783,"fa_hansen20_protected":8157371.428314683,"fa_hansen30_protected":8027766.070439645,"fa_jaxa_protected":8459169.158532608,"fa_tandemx_protected":8285025.773737666,"fa_jrc_2020_protected":7910864.723753199,"ba_MODIS_2001":1289290.1091612445,"ba_MODIS_2002":1105300.6403658816,"ba_MODIS_2003":1436676.8905777114,"ba_MODIS_2004":2372376.774574736,"ba_MODIS_2005":2107508.874851066,"ba_MODIS_2006":1087416.4461486838,"ba_MODIS_2007":2198215.283443214,"ba_MODIS_2008":1113997.0053430563,"ba_MODIS_2009":1389210.0675827707,"ba_MODIS_2010":1348244.3174953177,"ba_MODIS_2011":781056.3750566955,"ba_MODIS_2012":1676019.8400053587,"ba_MODIS_2013":1203134.0891979507,"ba_MODIS_2014":1537361.0663442707,"ba_MODIS_2015":1391329.6706134141,"ba_MODIS_2016":1374249.4471463256,"ba_MODIS_2017":1262319.1698106206,"ba_MODIS_2018":880332.2090977015,"ba_MODIS_2019":1779451.2729961174,"ba_MODIS_2020":1684270.763279073,"ba_MODIS_2021":885703.9309238476,"ba_MODIS_2022":156286.7192033453,"ba_MODIS_2001_Hansen10":297392.2029457722,"ba_MODIS_2002_Hansen10":409564.4495919548,"ba_MODIS_2003_Hansen10":520688.22980572446,"ba_MODIS_2004_Hansen10":1182656.999787854,"ba_MODIS_2005_Hansen10":818269.6329958515,"ba_MODIS_2006_Hansen10":461811.597075354,"ba_MODIS_2007_Hansen10":1259341.7670112012,"ba_MODIS_2008_Hansen10":571475.9273580268,"ba_MODIS_2009_Hansen10":774000.8944753899,"ba_MODIS_2010_Hansen10":708039.6557089253,"ba_MODIS_2011_Hansen10":295084.3756399574,"ba_MODIS_2012_Hansen10":812560.9980690517,"ba_MODIS_2013_Hansen10":440913.26948881417,"ba_MODIS_2014_Hansen10":885187.8137008382,"ba_MODIS_2015_Hansen10":733035.9902517414,"ba_MODIS_2016_Hansen10":770954.0404935027,"ba_MODIS_2017_Hansen10":693166.5281591907,"ba_MODIS_2018_Hansen10":348999.86784989806,"ba_MODIS_2019_Hansen10":946111.8923027887,"ba_MODIS_2020_Hansen10":978939.7158837968,"ba_MODIS_2021_Hansen10":591956.2262025934,"ba_MODIS_2022_Hansen10":67066.74068834123}},{"type":"Feature","geometry":{"type":"MultiPoint","coordinates":[]},"properties":{"fa_agreement_esri_esa_glo_hansen10_gte_1":2.3079432894726835E7,"fa_agreement_esri_esa_glo_hansen10_gte_2":1.5984611945184335E7,"fa_agreement_esri_esa_glo_hansen10_gte_3":1.2176243721184889E7,"fa_agreement_esri_esa_glo_hansen10_gte_4":7520015.2899949895,"fa_agreement_esri_esa_gte_1":1.911236929213945E7,"fa_agreement_esri_esa_gte_2":1.3319477516574632E7,"fa_agreement_hansen10_gte_1":3.032623391539696E7,"fa_agreement_hansen10_gte_2":2.161131733657026E7,"fa_agreement_hansen10_gte_3":1.848749500924181E7,"fa_agreement_hansen10_gte_4":1.6386397815157272E7,"fa_agreement_hansen10_gte_5":1.4344087042127984E7,"fa_agreement_hansen10_gte_6":1.2108932969558893E7,"fa_agreement_hansen10_gte_7":9721623.98177159,"fa_agreement_hansen10_gte_8":7024009.356935169,"fa_agreement_hansen30_gte_9":3383740.032584463,"fa_agreement_hansen20_gte_1":3.0251191044449244E7,"fa_agreement_hansen20_gte_2":2.1528451667201918E7,"fa_agreement_hansen20_gte_3":1.838477029347951E7,"fa_agreement_hansen20_gte_4":1.6251975980439775E7,"fa_agreement_hansen20_gte_5":1.416121920273839E7,"fa_agreement_hansen20_gte_6":1.1880325496611366E7,"fa_agreement_hansen20_gte_7":9516846.279891338,"fa_agreement_hansen20_gte_8":6902518.935973174,"fa_agreement_hansen30_gte_1":3.071001490351314E7,"fa_agreement_hansen30_gte_2":2.1476436016224165E7,"fa_agreement_hansen30_gte_3":1.830129754409878E7,"fa_agreement_hansen30_gte_4":1.6124662009214113E7,"fa_agreement_hansen30_gte_5":1.3963019221687783E7,"fa_agreement_hansen30_gte_6":1.1569351592482861E7,"fa_agreement_hansen30_gte_7":9144002.16102993,"fa_agreement_hansen30_gte_8":6610596.043020674,"fa_copernicus":1.304997983774816E7,"fa_esa_2009":1.1513784686290275E7,"fa_esa_2020":1.7700240765306197E7,"fa_esri":1.4731537107271163E7,"fa_globeland":1.3785010047562147E7,"fa_hansen10":1.2503568027354712E7,"fa_hansen20":1.128584977992061E7,"fa_hansen30":9661647.050393132,"fa_jaxa":2.2229011549982414E7,"fa_tandemx":1.1602897624240214E7,"fa_jrc_2020":1.8506957327512763E7,"fra_1a_forestArea":22220.359375,"fra_1a_landArea":76963.0,"fra_3b_protected":7425.0400390625,"iso3":"TUR","total_area_ha":7.794296579755479E7,"year":2020,"fa_copernicus_protected":3609.6797629034395,"fa_esa_2009_protected":15136.123757995449,"fa_esa_2020_protected":6393.105712660585,"fa_esri_protected":5893.958143042662,"fa_globeland_protected":6750.411074898106,"fa_hansen10_protected":13607.960774417274,"fa_hansen20_protected":12351.330946062839,"fa_hansen30_protected":10698.282649512834,"fa_jaxa_protected":7083.965081255284,"fa_tandemx_protected":6093.58211049801,"fa_jrc_2020_protected":5663.351247268721,"ba_MODIS_2001":549672.574279723,"ba_MODIS_2002":388309.0153859578,"ba_MODIS_2003":337980.14446069865,"ba_MODIS_2004":400191.2562066544,"ba_MODIS_2005":394586.3265881141,"ba_MODIS_2006":569494.2357351175,"ba_MODIS_2007":402465.19214334583,"ba_MODIS_2008":238256.45960856706,"ba_MODIS_2009":1310755.0428818108,"ba_MODIS_2010":770031.6823149353,"ba_MODIS_2011":973364.8117120045,"ba_MODIS_2012":268614.8909905594,"ba_MODIS_2013":589683.54465296,"ba_MODIS_2014":348398.5272032861,"ba_MODIS_2015":964597.4131117953,"ba_MODIS_2016":746102.2731434739,"ba_MODIS_2017":442254.590679736,"ba_MODIS_2018":313771.29888541833,"ba_MODIS_2019":360438.85095974995,"ba_MODIS_2020":446440.14933220204,"ba_MODIS_2021":572040.806119371,"ba_MODIS_2022":22695.553091329642,"ba_MODIS_2001_Hansen10":4451.909723683868,"ba_MODIS_2002_Hansen10":3578.073121154325,"ba_MODIS_2003_Hansen10":3823.2932343500224,"ba_MODIS_2004_Hansen10":5843.324614911919,"ba_MODIS_2005_Hansen10":5149.732526095566,"ba_MODIS_2006_Hansen10":5694.365811481896,"ba_MODIS_2007_Hansen10":11866.859824339888,"ba_MODIS_2008_Hansen10":12768.637308764508,"ba_MODIS_2009_Hansen10":6267.156030232254,"ba_MODIS_2010_Hansen10":4083.5430517214836,"ba_MODIS_2011_Hansen10":5781.87704377036,"ba_MODIS_2012_Hansen10":8385.083166291935,"ba_MODIS_2013_Hansen10":7361.084021026589,"ba_MODIS_2014_Hansen10":7966.014949231196,"ba_MODIS_2015_Hansen10":8352.971292032471,"ba_MODIS_2016_Hansen10":11030.625568602794,"ba_MODIS_2017_Hansen10":8840.123575729649,"ba_MODIS_2018_Hansen10":6435.725577407381,"ba_MODIS_2019_Hansen10":9925.745035387852,"ba_MODIS_2020_Hansen10":13321.360790802932,"ba_MODIS_2021_Hansen10":51064.74925959832,"ba_MODIS_2022_Hansen10":190.29228129272497}},{"type":"Feature","geometry":{"type":"MultiPoint","coordinates":[]},"properties":{"fa_agreement_esri_esa_glo_hansen10_gte_1":1.7614213385887006E8,"fa_agreement_esri_esa_glo_hansen10_gte_2":1.6415496324420172E8,"fa_agreement_esri_esa_glo_hansen10_gte_3":1.463015780923282E8,"fa_agreement_esri_esa_glo_hansen10_gte_4":1.1103545167196208E8,"fa_agreement_esri_esa_gte_1":1.676119688894566E8,"fa_agreement_esri_esa_gte_2":1.4518908488398132E8,"fa_agreement_hansen10_gte_1":1.7661248510662565E8,"fa_agreement_hansen10_gte_2":1.701293898761243E8,"fa_agreement_hansen10_gte_3":1.63080822650934E8,"fa_agreement_hansen10_gte_4":1.5375555336738226E8,"fa_agreement_hansen10_gte_5":1.4081540254511133E8,"fa_agreement_hansen10_gte_6":1.2670117825252284E8,"fa_agreement_hansen10_gte_7":1.1251079714122325E8,"fa_agreement_hansen10_gte_8":9.455688269978718E7,"fa_agreement_hansen30_gte_9":5.6129127569933236E7,"fa_agreement_hansen20_gte_1":1.763102570407831E8,"fa_agreement_hansen20_gte_2":1.697489275447177E8,"fa_agreement_hansen20_gte_3":1.6278143564795223E8,"fa_agreement_hansen20_gte_4":1.534930898982834E8,"fa_agreement_hansen20_gte_5":1.4057772571641317E8,"fa_agreement_hansen20_gte_6":1.2653029376770094E8,"fa_agreement_hansen20_gte_7":1.1240898833130805E8,"fa_agreement_hansen20_gte_8":9.450371973916663E7,"fa_agreement_hansen30_gte_1":1.7883042642175755E8,"fa_agreement_hansen30_gte_2":1.6940364222801098E8,"fa_agreement_hansen30_gte_3":1.6244784829397053E8,"fa_agreement_hansen30_gte_4":1.5316021329535714E8,"fa_agreement_hansen30_gte_5":1.4025530972203866E8,"fa_agreement_hansen30_gte_6":1.2627812309670718E8,"fa_agreement_hansen30_gte_7":1.1225755545930259E8,"fa_agreement_hansen30_gte_8":9.442912327824724E7,"fa_copernicus":1.487720334479479E8,"fa_esa_2009":9.752659559472397E7,"fa_esa_2020":1.6266429186228427E8,"fa_esri":1.5013786152458474E8,"fa_globeland":1.4681047751120675E8,"fa_hansen10":1.3811838995400497E8,"fa_hansen20":1.3624189229301775E8,"fa_hansen30":1.3411397770678166E8,"fa_jaxa":1.1447609180343731E8,"fa_tandemx":1.3226838583724102E8,"fa_jrc_2020":1.1900607501890516E8,"fra_1a_forestArea":92133.203125,"fra_1a_landArea":187752.0,"fra_3b_protected":51770.1484375,"iso3":"IDN","total_area_ha":1.8971025751116773E8,"year":2020,"fa_copernicus_protected":1.791753638111355E7,"fa_esa_2009_protected":1.5153426425276754E7,"fa_esa_2020_protected":1.9233250436824966E7,"fa_esri_protected":1.8883916604222216E7,"fa_globeland_protected":1.8934376809165392E7,"fa_hansen10_protected":1.9068259055909753E7,"fa_hansen20_protected":1.8953549961352594E7,"fa_hansen30_protected":1.8833503421831235E7,"fa_jaxa_protected":1.5520550835503794E7,"fa_tandemx_protected":1.7863670738150932E7,"fa_jrc_2020_protected":1.8764936857129995E7,"ba_MODIS_2001":201652.40748816147,"ba_MODIS_2002":2614792.6073856587,"ba_MODIS_2003":734054.9600087464,"ba_MODIS_2004":2396379.125868269,"ba_MODIS_2005":740265.4246331782,"ba_MODIS_2006":2981106.7684211377,"ba_MODIS_2007":336096.16606232844,"ba_MODIS_2008":223939.65228363988,"ba_MODIS_2009":1766365.0784324256,"ba_MODIS_2010":109608.3709220342,"ba_MODIS_2011":797326.6555151176,"ba_MODIS_2012":876532.6081444455,"ba_MODIS_2013":574629.8645737323,"ba_MODIS_2014":2043704.4060507054,"ba_MODIS_2015":2494497.430938629,"ba_MODIS_2016":237825.4817085296,"ba_MODIS_2017":160616.23588559442,"ba_MODIS_2018":707210.2887455658,"ba_MODIS_2019":2029107.382780759,"ba_MODIS_2020":167475.21595409935,"ba_MODIS_2021":70784.07278144608,"ba_MODIS_2022":1609.2804789338238,"ba_MODIS_2001_Hansen10":126323.73990700238,"ba_MODIS_2002_Hansen10":1958360.503580677,"ba_MODIS_2003_Hansen10":459271.6754106218,"ba_MODIS_2004_Hansen10":1747365.5601559426,"ba_MODIS_2005_Hansen10":432693.6910512616,"ba_MODIS_2006_Hansen10":2168108.798279841,"ba_MODIS_2007_Hansen10":170141.06119366433,"ba_MODIS_2008_Hansen10":90813.78209217383,"ba_MODIS_2009_Hansen10":1145118.4279174278,"ba_MODIS_2010_Hansen10":38181.868686627,"ba_MODIS_2011_Hansen10":462481.41433068545,"ba_MODIS_2012_Hansen10":489383.89464318,"ba_MODIS_2013_Hansen10":226318.0244060685,"ba_MODIS_2014_Hansen10":1168623.9355667878,"ba_MODIS_2015_Hansen10":1626376.887480286,"ba_MODIS_2016_Hansen10":101431.02232684453,"ba_MODIS_2017_Hansen10":66751.1790672646,"ba_MODIS_2018_Hansen10":362112.6939240317,"ba_MODIS_2019_Hansen10":1064343.5002087243,"ba_MODIS_2020_Hansen10":79062.12964352258,"ba_MODIS_2021_Hansen10":16083.400712960383,"ba_MODIS_2022_Hansen10":186.02745833967603}},{"type":"Feature","geometry":{"type":"MultiPoint","coordinates":[]},"properties":{"fa_agreement_esri_esa_glo_hansen10_gte_1":2128657.0183244175,"fa_agreement_esri_esa_glo_hansen10_gte_2":1321125.1025033288,"fa_agreement_esri_esa_glo_hansen10_gte_3":1015231.0376293927,"fa_agreement_esri_esa_glo_hansen10_gte_4":756665.0285355144,"fa_agreement_esri_esa_gte_1":1359457.6344275752,"fa_agreement_esri_esa_gte_2":948636.0748402183,"fa_agreement_hansen10_gte_1":2667458.1476505506,"fa_agreement_hansen10_gte_2":1690514.6941933613,"fa_agreement_hansen10_gte_3":1361642.4593376673,"fa_agreement_hansen10_gte_4":1188403.7592816292,"fa_agreement_hansen10_gte_5":1062632.37150579,"fa_agreement_hansen10_gte_6":942871.2271131005,"fa_agreement_hansen10_gte_7":800866.862605108,"fa_agreement_hansen10_gte_8":605706.2964379926,"fa_agreement_hansen30_gte_9":329628.44227302657,"fa_agreement_hansen20_gte_1":2633612.3355190232,"fa_agreement_hansen20_gte_2":1666701.5402587883,"fa_agreement_hansen20_gte_3":1346573.0358753758,"fa_agreement_hansen20_gte_4":1179796.9644319273,"fa_agreement_hansen20_gte_5":1057178.8739559483,"fa_agreement_hansen20_gte_6":939281.8132780035,"fa_agreement_hansen20_gte_7":798831.9032402588,"fa_agreement_hansen20_gte_8":604761.1494500613,"fa_agreement_hansen30_gte_1":2639090.3461878304,"fa_agreement_hansen30_gte_2":1637784.1438742944,"fa_agreement_hansen30_gte_3":1325344.2322324202,"fa_agreement_hansen30_gte_4":1165430.7555816234,"fa_agreement_hansen30_gte_5":1046411.4830102454,"fa_agreement_hansen30_gte_6":931045.4957449584,"fa_agreement_hansen30_gte_7":794807.5802759825,"fa_agreement_hansen30_gte_8":603294.9514300403,"fa_copernicus":833201.7910999266,"fa_esa_2009":987224.3668768124,"fa_esa_2020":1225596.169764925,"fa_esri":1082542.3828612824,"fa_globeland":1415575.9316246267,"fa_hansen10":1496666.2043730884,"fa_hansen20":1399227.7713940027,"fa_hansen30":1268698.041413227,"fa_jaxa":1473273.6509436576,"fa_tandemx":1059463.203935445,"fa_jrc_2020":1235685.6869967582,"fra_1a_forestArea":1131.77001953125,"fra_1a_landArea":8266.0,"fra_3b_protected":371.0,"iso3":"AZE","total_area_ha":1.6417897014590064E7,"year":2020,"fa_copernicus_protected":198546.86333802552,"fa_esa_2009_protected":221909.30520387684,"fa_esa_2020_protected":259054.14258824388,"fa_esri_protected":253250.7050521704,"fa_globeland_protected":317293.84367522266,"fa_hansen10_protected":300362.44489283534,"fa_hansen20_protected":286909.86446877837,"fa_hansen30_protected":271383.29052320175,"fa_jaxa_protected":262204.01867841254,"fa_tandemx_protected":287861.5338376617,"fa_jrc_2020_protected":287081.0270533862,"ba_MODIS_2001":222966.91553504925,"ba_MODIS_2002":205409.46811928917,"ba_MODIS_2003":207205.3729746829,"ba_MODIS_2004":249951.44461554755,"ba_MODIS_2005":137003.97395600038,"ba_MODIS_2006":293823.0938618408,"ba_MODIS_2007":125151.50512522628,"ba_MODIS_2008":86538.07900409865,"ba_MODIS_2009":81640.98513913556,"ba_MODIS_2010":219289.97431996386,"ba_MODIS_2011":181581.24531276542,"ba_MODIS_2012":123022.43859575439,"ba_MODIS_2013":95737.79534257326,"ba_MODIS_2014":35952.105745582056,"ba_MODIS_2015":362715.50669294066,"ba_MODIS_2016":159293.5791238693,"ba_MODIS_2017":165182.45903280168,"ba_MODIS_2018":130956.47948031916,"ba_MODIS_2019":261370.49087420315,"ba_MODIS_2020":48085.123055888536,"ba_MODIS_2021":180843.8221595221,"ba_MODIS_2022":1738.7433638664206,"ba_MODIS_2001_Hansen10":4237.317372237407,"ba_MODIS_2002_Hansen10":6132.397699649167,"ba_MODIS_2003_Hansen10":2264.1124948527113,"ba_MODIS_2004_Hansen10":3797.7489999409836,"ba_MODIS_2005_Hansen10":4205.011503194567,"ba_MODIS_2006_Hansen10":10154.110788577053,"ba_MODIS_2007_Hansen10":2670.9267598513834,"ba_MODIS_2008_Hansen10":2643.912124123481,"ba_MODIS_2009_Hansen10":1616.6092219781206,"ba_MODIS_2010_Hansen10":13187.185059527766,"ba_MODIS_2011_Hansen10":2184.8798110206567,"ba_MODIS_2012_Hansen10":3124.656347587677,"ba_MODIS_2013_Hansen10":2781.400636573685,"ba_MODIS_2014_Hansen10":3979.873844294164,"ba_MODIS_2015_Hansen10":6955.880830856784,"ba_MODIS_2016_Hansen10":2272.93909017762,"ba_MODIS_2017_Hansen10":9308.747188907812,"ba_MODIS_2018_Hansen10":4116.983633656686,"ba_MODIS_2019_Hansen10":8074.508842270086,"ba_MODIS_2020_Hansen10":6332.175652223137,"ba_MODIS_2021_Hansen10":10421.930780653349,"ba_MODIS_2022_Hansen10":322.0503332702641}},{"type":"Feature","geometry":{"type":"MultiPoint","coordinates":[]},"properties":{"fa_agreement_esri_esa_glo_hansen10_gte_1":2.097073629563668E7,"fa_agreement_esri_esa_glo_hansen10_gte_2":1.889516022463616E7,"fa_agreement_esri_esa_glo_hansen10_gte_3":1.679859716245577E7,"fa_agreement_esri_esa_glo_hansen10_gte_4":1.2707725503420161E7,"fa_agreement_esri_esa_gte_1":1.8783380826142732E7,"fa_agreement_esri_esa_gte_2":1.6164367571945451E7,"fa_agreement_hansen10_gte_1":2.118809667744261E7,"fa_agreement_hansen10_gte_2":2.0371057362315904E7,"fa_agreement_hansen10_gte_3":1.9581585038397077E7,"fa_agreement_hansen10_gte_4":1.8646203662909858E7,"fa_agreement_hansen10_gte_5":1.748225609800542E7,"fa_agreement_hansen10_gte_6":1.5934514503519548E7,"fa_agreement_hansen10_gte_7":1.3959352647726059E7,"fa_agreement_hansen10_gte_8":1.098862019851912E7,"fa_agreement_hansen30_gte_9":5395643.116611728,"fa_agreement_hansen20_gte_1":2.1171132053578973E7,"fa_agreement_hansen20_gte_2":2.0343393597355947E7,"fa_agreement_hansen20_gte_3":1.9549753420676343E7,"fa_agreement_hansen20_gte_4":1.8609117266956862E7,"fa_agreement_hansen20_gte_5":1.7437576967025224E7,"fa_agreement_hansen20_gte_6":1.5886826166819407E7,"fa_agreement_hansen20_gte_7":1.3919271273857217E7,"fa_agreement_hansen20_gte_8":1.0968646302564226E7,"fa_agreement_hansen30_gte_1":2.180079831739927E7,"fa_agreement_hansen30_gte_2":2.03208031684801E7,"fa_agreement_hansen30_gte_3":1.9521313146381263E7,"fa_agreement_hansen30_gte_4":1.8572616922005653E7,"fa_agreement_hansen30_gte_5":1.7390083949758694E7,"fa_agreement_hansen30_gte_6":1.583224300262761E7,"fa_agreement_hansen30_gte_7":1.3870407937516062E7,"fa_agreement_hansen30_gte_8":1.0941866489045953E7,"fa_copernicus":1.9037498158484653E7,"fa_esa_2009":1.0514832964391764E7,"fa_esa_2020":1.795012371503131E7,"fa_esri":1.6997677507859983E7,"fa_globeland":1.8328371299682762E7,"fa_hansen10":1.6068381925754774E7,"fa_hansen20":1.5782520251626289E7,"fa_hansen30":1.5483973430714438E7,"fa_jaxa":1.768338857632749E7,"fa_tandemx":1.5003166971190494E7,"fa_jrc_2020":1.5351270791373018E7,"fra_1a_forestArea":16595.5,"fra_1a_landArea":23080.0,"fra_3b_protected":null,"iso3":"LAO","total_area_ha":2.311013667238106E7,"year":2020,"fa_copernicus_protected":1129653.2835688752,"fa_esa_2009_protected":814151.6946254903,"fa_esa_2020_protected":1120770.1103125524,"fa_esri_protected":1084893.9542417605,"fa_globeland_protected":1191962.2020876482,"fa_hansen10_protected":1122056.6833340966,"fa_hansen20_protected":1110854.5066759386,"fa_hansen30_protected":1096528.0086704572,"fa_jaxa_protected":1130026.9950093245,"fa_tandemx_protected":1092152.022099257,"fa_jrc_2020_protected":1094154.629152388,"ba_MODIS_2001":138922.47224654988,"ba_MODIS_2002":358962.5438744298,"ba_MODIS_2003":445350.02477075846,"ba_MODIS_2004":1404846.5170605886,"ba_MODIS_2005":931777.4539471631,"ba_MODIS_2006":414540.4857659213,"ba_MODIS_2007":1640878.6510001656,"ba_MODIS_2008":348227.23656295764,"ba_MODIS_2009":562485.7096738896,"ba_MODIS_2010":1533939.848101038,"ba_MODIS_2011":321963.856415263,"ba_MODIS_2012":688645.7912406183,"ba_MODIS_2013":809601.6252679406,"ba_MODIS_2014":618865.6818309752,"ba_MODIS_2015":732723.3325253011,"ba_MODIS_2016":1111169.3213651604,"ba_MODIS_2017":400760.46006380196,"ba_MODIS_2018":331437.3419373052,"ba_MODIS_2019":686553.8050588011,"ba_MODIS_2020":1355397.690415824,"ba_MODIS_2021":391380.532401818,"ba_MODIS_2022":86602.11911734054,"ba_MODIS_2001_Hansen10":89364.73703525278,"ba_MODIS_2002_Hansen10":280968.4731818504,"ba_MODIS_2003_Hansen10":345173.0732822037,"ba_MODIS_2004_Hansen10":1229766.423678874,"ba_MODIS_2005_Hansen10":731374.1036463884,"ba_MODIS_2006_Hansen10":314328.41908272443,"ba_MODIS_2007_Hansen10":1394394.3723553407,"ba_MODIS_2008_Hansen10":252315.25369641196,"ba_MODIS_2009_Hansen10":415171.0177459778,"ba_MODIS_2010_Hansen10":1246733.6349320516,"ba_MODIS_2011_Hansen10":226553.1983577912,"ba_MODIS_2012_Hansen10":524068.22088782536,"ba_MODIS_2013_Hansen10":605121.765823612,"ba_MODIS_2014_Hansen10":466282.5789169622,"ba_MODIS_2015_Hansen10":517386.1784884406,"ba_MODIS_2016_Hansen10":788215.8862392294,"ba_MODIS_2017_Hansen10":247554.10069250036,"ba_MODIS_2018_Hansen10":204322.82499257833,"ba_MODIS_2019_Hansen10":435518.48334113084,"ba_MODIS_2020_Hansen10":874269.8855949536,"ba_MODIS_2021_Hansen10":223062.11121835007,"ba_MODIS_2022_Hansen10":53225.7584859697}},{"type":"Feature","geometry":{"type":"MultiPoint","coordinates":[]},"properties":{"fa_agreement_esri_esa_glo_hansen10_gte_1":3135773.0191701255,"fa_agreement_esri_esa_glo_hansen10_gte_2":2397255.7034477796,"fa_agreement_esri_esa_glo_hansen10_gte_3":1923545.788549884,"fa_agreement_esri_esa_glo_hansen10_gte_4":1293753.0406210038,"fa_agreement_esri_esa_gte_1":2841775.5639708578,"fa_agreement_esri_esa_gte_2":1999833.1033664236,"fa_agreement_hansen10_gte_1":3683781.390672949,"fa_agreement_hansen10_gte_2":2823577.2424198138,"fa_agreement_hansen10_gte_3":2454128.9533052077,"fa_agreement_hansen10_gte_4":2220129.8933852254,"fa_agreement_hansen10_gte_5":2001687.461315238,"fa_agreement_hansen10_gte_6":1759219.0875507835,"fa_agreement_hansen10_gte_7":1463283.5120551332,"fa_agreement_hansen10_gte_8":1065563.0967679054,"fa_agreement_hansen30_gte_9":497327.2830543084,"fa_agreement_hansen20_gte_1":3655477.993837048,"fa_agreement_hansen20_gte_2":2806559.45556541,"fa_agreement_hansen20_gte_3":2439038.9153624093,"fa_agreement_hansen20_gte_4":2208274.6586169577,"fa_agreement_hansen20_gte_5":1990502.9922665139,"fa_agreement_hansen20_gte_6":1749591.7679307277,"fa_agreement_hansen20_gte_7":1456825.1669526205,"fa_agreement_hansen20_gte_8":1062644.9431012205,"fa_agreement_hansen30_gte_1":3711667.8439561515,"fa_agreement_hansen30_gte_2":2786165.891197729,"fa_agreement_hansen30_gte_3":2418186.528236645,"fa_agreement_hansen30_gte_4":2193591.8774982747,"fa_agreement_hansen30_gte_5":1977531.032138395,"fa_agreement_hansen30_gte_6":1738161.3854192342,"fa_agreement_hansen30_gte_7":1448667.1547164489,"fa_agreement_hansen30_gte_8":1058885.1935932988,"fa_copernicus":1652039.7831421173,"fa_esa_2009":1100105.333467709,"fa_esa_2020":2758305.3850404015,"fa_esri":2083353.9457805387,"fa_globeland":1788229.2334745042,"fa_hansen10":2118205.1251843884,"fa_hansen20":2009649.6854182486,"fa_hansen30":1885639.6849800968,"fa_jaxa":2684449.190503674,"fa_tandemx":1810380.182723114,"fa_jrc_2020":2267367.3856360903,"fra_1a_forestArea":2053.010009765625,"fra_1a_landArea":9053.0,"fra_3b_protected":464.4599914550781,"iso3":"HUN","total_area_ha":9275578.501568545,"year":2020,"fa_copernicus_protected":754527.5511687358,"fa_esa_2009_protected":550351.6787850668,"fa_esa_2020_protected":963006.3895180228,"fa_esri_protected":873702.245973638,"fa_globeland_protected":801574.1874240064,"fa_hansen10_protected":880033.472797995,"fa_hansen20_protected":850021.3700297337,"fa_hansen30_protected":820609.0836254699,"fa_jaxa_protected":938925.9809946496,"fa_tandemx_protected":706566.6004724371,"fa_jrc_2020_protected":952721.2091213355,"ba_MODIS_2001":64962.965704681745,"ba_MODIS_2002":20512.25220004912,"ba_MODIS_2003":33762.11392615807,"ba_MODIS_2004":19205.29052032478,"ba_MODIS_2005":7439.532891862736,"ba_MODIS_2006":29404.566654907994,"ba_MODIS_2007":29211.35393366433,"ba_MODIS_2008":16069.34672023899,"ba_MODIS_2009":9369.3404014277,"ba_MODIS_2010":2581.108881250001,"ba_MODIS_2011":12415.13672237742,"ba_MODIS_2012":17002.144881666714,"ba_MODIS_2013":2464.7356780330897,"ba_MODIS_2014":27175.68675215075,"ba_MODIS_2015":3236.6029114828398,"ba_MODIS_2016":152.5890078125,"ba_MODIS_2017":3303.5246112499967,"ba_MODIS_2018":321.2289700551471,"ba_MODIS_2019":2776.491709374999,"ba_MODIS_2020":1258.6378374999993,"ba_MODIS_2021":219.94253281250002,"ba_MODIS_2022":450.4273312500001,"ba_MODIS_2001_Hansen10":1601.4191063354479,"ba_MODIS_2002_Hansen10":1304.713500864229,"ba_MODIS_2003_Hansen10":1050.3781961260117,"ba_MODIS_2004_Hansen10":1447.4328467433447,"ba_MODIS_2005_Hansen10":391.5241744628907,"ba_MODIS_2006_Hansen10":5055.1957376342325,"ba_MODIS_2007_Hansen10":4556.681984128679,"ba_MODIS_2008_Hansen10":469.9858628086462,"ba_MODIS_2009_Hansen10":870.282863324908,"ba_MODIS_2010_Hansen10":52.133280426025784,"ba_MODIS_2011_Hansen10":597.9904145666985,"ba_MODIS_2012_Hansen10":1502.5123717980234,"ba_MODIS_2013_Hansen10":373.636231587416,"ba_MODIS_2014_Hansen10":4318.041394130511,"ba_MODIS_2015_Hansen10":324.66053120117186,"ba_MODIS_2016_Hansen10":6.381991699218752,"ba_MODIS_2017_Hansen10":658.5373213638571,"ba_MODIS_2018_Hansen10":10.699468053648696,"ba_MODIS_2019_Hansen10":246.18161302490225,"ba_MODIS_2020_Hansen10":56.255976531982434,"ba_MODIS_2021_Hansen10":12.543244848632813,"ba_MODIS_2022_Hansen10":78.81969512329115}},{"type":"Feature","geometry":{"type":"MultiPoint","coordinates":[]},"properties":{"fa_agreement_esri_esa_glo_hansen10_gte_1":1262729.849290724,"fa_agreement_esri_esa_glo_hansen10_gte_2":897105.718683868,"fa_agreement_esri_esa_glo_hansen10_gte_3":671443.7034561557,"fa_agreement_esri_esa_glo_hansen10_gte_4":470303.3677030939,"fa_agreement_esri_esa_gte_1":1107448.304163526,"fa_agreement_esri_esa_gte_2":665656.5739428904,"fa_agreement_hansen10_gte_1":1881615.4168152865,"fa_agreement_hansen10_gte_2":1305998.6046904353,"fa_agreement_hansen10_gte_3":1045942.3219312796,"fa_agreement_hansen10_gte_4":897501.9638885421,"fa_agreement_hansen10_gte_5":794036.0844119686,"fa_agreement_hansen10_gte_6":707679.6428659958,"fa_agreement_hansen10_gte_7":620429.20681988,"fa_agreement_hansen10_gte_8":509492.3672912087,"fa_agreement_hansen30_gte_9":337737.8050836854,"fa_agreement_hansen20_gte_1":1869210.553927458,"fa_agreement_hansen20_gte_2":1289668.4808779336,"fa_agreement_hansen20_gte_3":1032868.0344322865,"fa_agreement_hansen20_gte_4":889883.6719621209,"fa_agreement_hansen20_gte_5":789789.2000176413,"fa_agreement_hansen20_gte_6":705354.581092197,"fa_agreement_hansen20_gte_7":619107.9088811725,"fa_agreement_hansen20_gte_8":508567.7409478924,"fa_agreement_hansen30_gte_1":1899994.6008305417,"fa_agreement_hansen30_gte_2":1278404.9680698267,"fa_agreement_hansen30_gte_3":1021599.703190457,"fa_agreement_hansen30_gte_4":882460.1305546666,"fa_agreement_hansen30_gte_5":785329.7878710453,"fa_agreement_hansen30_gte_6":702736.2636230993,"fa_agreement_hansen30_gte_7":617565.9522730416,"fa_agreement_hansen30_gte_8":507438.15779635945,"fa_copernicus":787479.7869248234,"fa_esa_2009":926541.3973283737,"fa_esa_2020":1084776.0440813142,"fa_esri":688381.256800888,"fa_globeland":622999.6379428703,"fa_hansen10":904522.8314294155,"fa_hansen20":844360.8056534877,"fa_hansen30":796100.6005588489,"fa_jaxa":1283006.6104110111,"fa_tandemx":1121927.7565602309,"fa_jrc_2020":824572.7464717408,"fra_1a_forestArea":689.2999877929688,"fra_1a_landArea":3028.0,"fra_3b_protected":null,"iso3":"BEL","total_area_ha":3055432.133584322,"year":2020,"fa_copernicus_protected":270437.4286439844,"fa_esa_2009_protected":278267.85612697806,"fa_esa_2020_protected":308946.71012998384,"fa_esri_protected":267219.8317741857,"fa_globeland_protected":241476.65912619547,"fa_hansen10_protected":288451.48804937606,"fa_hansen20_protected":282128.5626940998,"fa_hansen30_protected":276608.3588656437,"fa_jaxa_protected":321658.70187943435,"fa_tandemx_protected":318636.63546456967,"fa_jrc_2020_protected":309905.3058194158,"ba_MODIS_2001":0.0,"ba_MODIS_2002":0.0,"ba_MODIS_2003":62.79926875,"ba_MODIS_2004":254.88254531250004,"ba_MODIS_2005":0.0,"ba_MODIS_2006":354.8176911887256,"ba_MODIS_2007":1094.2602585477941,"ba_MODIS_2008":0.0,"ba_MODIS_2009":188.88741093749996,"ba_MODIS_2010":0.0,"ba_MODIS_2011":809.6120156250005,"ba_MODIS_2012":110.3544078125,"ba_MODIS_2013":0.0,"ba_MODIS_2014":64.394378125,"ba_MODIS_2015":0.0,"ba_MODIS_2016":109.941815625,"ba_MODIS_2017":0.0,"ba_MODIS_2018":0.0,"ba_MODIS_2019":0.0,"ba_MODIS_2020":1240.8869499999994,"ba_MODIS_2021":0.0,"ba_MODIS_2022":0.0,"ba_MODIS_2001_Hansen10":0.0,"ba_MODIS_2002_Hansen10":0.0,"ba_MODIS_2003_Hansen10":37.868435412597655,"ba_MODIS_2004_Hansen10":163.5029641357438,"ba_MODIS_2005_Hansen10":0.0,"ba_MODIS_2006_Hansen10":14.518057587244368,"ba_MODIS_2007_Hansen10":209.4675278359582,"ba_MODIS_2008_Hansen10":0.0,"ba_MODIS_2009_Hansen10":5.721873333740235,"ba_MODIS_2010_Hansen10":0.0,"ba_MODIS_2011_Hansen10":216.2544073730465,"ba_MODIS_2012_Hansen10":54.02630753173804,"ba_MODIS_2013_Hansen10":0.0,"ba_MODIS_2014_Hansen10":63.28695078125001,"ba_MODIS_2015_Hansen10":0.0,"ba_MODIS_2016_Hansen10":85.09458889160108,"ba_MODIS_2017_Hansen10":0.0,"ba_MODIS_2018_Hansen10":0.0,"ba_MODIS_2019_Hansen10":0.0,"ba_MODIS_2020_Hansen10":79.05549563598645,"ba_MODIS_2021_Hansen10":24.239711047363308,"ba_MODIS_2022_Hansen10":0.0}},{"type":"Feature","geometry":{"type":"MultiPoint","coordinates":[]},"properties":{"fa_agreement_esri_esa_glo_hansen10_gte_1":3.4097612543682404E7,"fa_agreement_esri_esa_glo_hansen10_gte_2":2.979984729854246E7,"fa_agreement_esri_esa_glo_hansen10_gte_3":2.5142787475928366E7,"fa_agreement_esri_esa_glo_hansen10_gte_4":1.636174634999934E7,"fa_agreement_esri_esa_gte_1":3.04425682287458E7,"fa_agreement_esri_esa_gte_2":2.4550676490163274E7,"fa_agreement_hansen10_gte_1":3.666862878297529E7,"fa_agreement_hansen10_gte_2":3.3436092453771885E7,"fa_agreement_hansen10_gte_3":3.1720035886043876E7,"fa_agreement_hansen10_gte_4":3.021761451185263E7,"fa_agreement_hansen10_gte_5":2.842382322315823E7,"fa_agreement_hansen10_gte_6":2.604403962602543E7,"fa_agreement_hansen10_gte_7":2.2347608789517127E7,"fa_agreement_hansen10_gte_8":1.5941795371179108E7,"fa_agreement_hansen30_gte_9":8098471.459284924,"fa_agreement_hansen20_gte_1":3.657554038285499E7,"fa_agreement_hansen20_gte_2":3.334427484187487E7,"fa_agreement_hansen20_gte_3":3.164444242383961E7,"fa_agreement_hansen20_gte_4":3.0145933502370365E7,"fa_agreement_hansen20_gte_5":2.8341289705569632E7,"fa_agreement_hansen20_gte_6":2.5941386951239266E7,"fa_agreement_hansen20_gte_7":2.2244097201617286E7,"fa_agreement_hansen20_gte_8":1.588046543139989E7,"fa_agreement_hansen30_gte_1":3.7039810101085626E7,"fa_agreement_hansen30_gte_2":3.327798585980151E7,"fa_agreement_hansen30_gte_3":3.15823602424489E7,"fa_agreement_hansen30_gte_4":3.0084690083827987E7,"fa_agreement_hansen30_gte_5":2.826934162111775E7,"fa_agreement_hansen30_gte_6":2.584239214456851E7,"fa_agreement_hansen30_gte_7":2.212775525348947E7,"fa_agreement_hansen30_gte_8":1.581450521136739E7,"fa_copernicus":2.5094736726556037E7,"fa_esa_2009":2.853292713179636E7,"fa_esa_2020":2.846304421956565E7,"fa_esri":2.653046541127465E7,"fa_globeland":2.522362782443062E7,"fa_hansen10":2.5144922230077878E7,"fa_hansen20":2.441032892720629E7,"fa_hansen30":2.3769016838697303E7,"fa_jaxa":3.157231468107165E7,"fa_tandemx":1.4648594959218383E7,"fa_jrc_2020":3.01564772682175E7,"fra_1a_forestArea":27980.0,"fra_1a_landArea":40731.0,"fra_3b_protected":2165.929931640625,"iso3":"SWE","total_area_ha":4.4653392542042434E7,"year":2020,"fa_copernicus_protected":1872427.7262305634,"fa_esa_2009_protected":3007414.2752303476,"fa_esa_2020_protected":2830263.783575707,"fa_esri_protected":2920877.2050059983,"fa_globeland_protected":3081901.8556986437,"fa_hansen10_protected":3029925.1008964186,"fa_hansen20_protected":2870116.7652566703,"fa_hansen30_protected":2764056.560635867,"fa_jaxa_protected":3322831.093737383,"fa_tandemx_protected":1095481.3128774967,"fa_jrc_2020_protected":3270791.7175835455,"ba_MODIS_2001":0.0,"ba_MODIS_2002":329.52522656250005,"ba_MODIS_2003":0.0,"ba_MODIS_2004":27.563715625,"ba_MODIS_2005":105.17047968750002,"ba_MODIS_2006":3502.184162500001,"ba_MODIS_2007":341.23022031249997,"ba_MODIS_2008":226.62039062499994,"ba_MODIS_2009":42.1768171875,"ba_MODIS_2010":0.0,"ba_MODIS_2011":0.0,"ba_MODIS_2012":77.3356765625,"ba_MODIS_2013":0.0,"ba_MODIS_2014":11973.473566406214,"ba_MODIS_2015":591.8162875000002,"ba_MODIS_2016":0.0,"ba_MODIS_2017":0.0,"ba_MODIS_2018":14853.454642187522,"ba_MODIS_2019":0.0,"ba_MODIS_2020":0.0,"ba_MODIS_2021":0.0,"ba_MODIS_2022":0.0,"ba_MODIS_2001_Hansen10":0.0,"ba_MODIS_2002_Hansen10":40.813781591797174,"ba_MODIS_2003_Hansen10":0.0,"ba_MODIS_2004_Hansen10":1.19077448425293,"ba_MODIS_2005_Hansen10":7.382646078491217,"ba_MODIS_2006_Hansen10":2630.4310689148547,"ba_MODIS_2007_Hansen10":76.45608687744132,"ba_MODIS_2008_Hansen10":85.4599428466791,"ba_MODIS_2009_Hansen10":0.3542770233154297,"ba_MODIS_2010_Hansen10":0.0,"ba_MODIS_2011_Hansen10":0.0,"ba_MODIS_2012_Hansen10":17.36227381591798,"ba_MODIS_2013_Hansen10":0.0,"ba_MODIS_2014_Hansen10":1954.141193899486,"ba_MODIS_2015_Hansen10":19.03031277465815,"ba_MODIS_2016_Hansen10":0.0,"ba_MODIS_2017_Hansen10":0.0,"ba_MODIS_2018_Hansen10":6978.672244775356,"ba_MODIS_2019_Hansen10":0.0,"ba_MODIS_2020_Hansen10":0.0,"ba_MODIS_2021_Hansen10":0.0,"ba_MODIS_2022_Hansen10":0.0}},{"type":"Feature","geometry":{"type":"MultiPoint","coordinates":[]},"properties":{"fa_agreement_esri_esa_glo_hansen10_gte_1":8779.019110733761,"fa_agreement_esri_esa_glo_hansen10_gte_2":1781.3998579220806,"fa_agreement_esri_esa_glo_hansen10_gte_3":204.55341958529607,"fa_agreement_esri_esa_glo_hansen10_gte_4":0.0,"fa_agreement_esri_esa_gte_1":2948.1243033633978,"fa_agreement_esri_esa_gte_2":239.25895959720606,"fa_agreement_hansen10_gte_1":18166.437012290757,"fa_agreement_hansen10_gte_2":7904.987918817805,"fa_agreement_hansen10_gte_3":2234.3476042560565,"fa_agreement_hansen10_gte_4":411.1407187544527,"fa_agreement_hansen10_gte_5":75.23711971083696,"fa_agreement_hansen10_gte_6":0.8738313720703126,"fa_agreement_hansen10_gte_7":0.0,"fa_agreement_hansen10_gte_8":0.0,"fa_agreement_hansen30_gte_9":0.0,"fa_agreement_hansen20_gte_1":17982.692909828562,"fa_agreement_hansen20_gte_2":7147.624838750405,"fa_agreement_hansen20_gte_3":2088.8087619428,"fa_agreement_hansen20_gte_4":392.4262594163369,"fa_agreement_hansen20_gte_5":73.90420596916648,"fa_agreement_hansen20_gte_6":0.8738313720703126,"fa_agreement_hansen20_gte_7":0.0,"fa_agreement_hansen20_gte_8":0.0,"fa_agreement_hansen30_gte_1":10024.90251481542,"fa_agreement_hansen30_gte_2":6451.127310291213,"fa_agreement_hansen30_gte_3":1943.8869674431187,"fa_agreement_hansen30_gte_4":374.4387194249775,"fa_agreement_hansen30_gte_5":71.01941188167797,"fa_agreement_hansen30_gte_6":0.7864485168457032,"fa_agreement_hansen30_gte_7":0.0,"fa_agreement_hansen30_gte_8":0.0,"fa_copernicus":18.450366015625,"fa_esa_2009":708.5622344301471,"fa_esa_2020":2860.025743894868,"fa_esri":332.6152764968234,"fa_globeland":78.01577674761609,"fa_hansen10":7540.988501597923,"fa_hansen20":6372.92781650726,"fa_hansen30":5300.067873931119,"fa_jaxa":100.8614693903906,"fa_tandemx":3417.8310055210086,"fa_jrc_2020":14219.110538910863,"fra_1a_forestArea":0.07000000029802322,"fra_1a_landArea":44.400001525878906,"fra_3b_protected":null,"iso3":"CUW","total_area_ha":44897.51140571582,"year":2020,"fa_copernicus_protected":14.594228314208983,"fa_esa_2009_protected":387.01927838711396,"fa_esa_2020_protected":715.2220273065052,"fa_esri_protected":56.72804287109378,"fa_globeland_protected":4.28370739746094,"fa_hansen10_protected":2273.802367500686,"fa_hansen20_protected":1992.8761377496478,"fa_hansen30_protected":1720.4509441528537,"fa_jaxa_protected":0.0,"fa_tandemx_protected":496.63625588477123,"fa_jrc_2020_protected":3633.921225851256,"ba_MODIS_2001":0.0,"ba_MODIS_2002":0.0,"ba_MODIS_2003":0.0,"ba_MODIS_2004":0.0,"ba_MODIS_2005":0.0,"ba_MODIS_2006":0.0,"ba_MODIS_2007":0.0,"ba_MODIS_2008":0.0,"ba_MODIS_2009":0.0,"ba_MODIS_2010":0.0,"ba_MODIS_2011":0.0,"ba_MODIS_2012":0.0,"ba_MODIS_2013":0.0,"ba_MODIS_2014":0.0952258762254902,"ba_MODIS_2015":0.0,"ba_MODIS_2016":0.0,"ba_MODIS_2017":0.0,"ba_MODIS_2018":0.0,"ba_MODIS_2019":0.0,"ba_MODIS_2020":0.0,"ba_MODIS_2021":0.0,"ba_MODIS_2022":0.0,"ba_MODIS_2001_Hansen10":0.0,"ba_MODIS_2002_Hansen10":0.0,"ba_MODIS_2003_Hansen10":0.0,"ba_MODIS_2004_Hansen10":0.0,"ba_MODIS_2005_Hansen10":0.0,"ba_MODIS_2006_Hansen10":0.0,"ba_MODIS_2007_Hansen10":0.0,"ba_MODIS_2008_Hansen10":0.0,"ba_MODIS_2009_Hansen10":0.0,"ba_MODIS_2010_Hansen10":0.0,"ba_MODIS_2011_Hansen10":0.0,"ba_MODIS_2012_Hansen10":0.0,"ba_MODIS_2013_Hansen10":0.0,"ba_MODIS_2014_Hansen10":0.0,"ba_MODIS_2015_Hansen10":0.0,"ba_MODIS_2016_Hansen10":0.0,"ba_MODIS_2017_Hansen10":0.0,"ba_MODIS_2018_Hansen10":0.0,"ba_MODIS_2019_Hansen10":0.0,"ba_MODIS_2020_Hansen10":0.0,"ba_MODIS_2021_Hansen10":0.0,"ba_MODIS_2022_Hansen10":0.0}},{"type":"Feature","geometry":{"type":"MultiPoint","coordinates":[]},"properties":{"fa_agreement_esri_esa_glo_hansen10_gte_1":7384.719509161358,"fa_agreement_esri_esa_glo_hansen10_gte_2":300.1399930277267,"fa_agreement_esri_esa_glo_hansen10_gte_3":0.0,"fa_agreement_esri_esa_glo_hansen10_gte_4":0.0,"fa_agreement_esri_esa_gte_1":7494.887186871605,"fa_agreement_esri_esa_gte_2":304.7760088702003,"fa_agreement_hansen10_gte_1":38817.676981658245,"fa_agreement_hansen10_gte_2":7680.767025916901,"fa_agreement_hansen10_gte_3":1814.1102109176784,"fa_agreement_hansen10_gte_4":457.43415069500986,"fa_agreement_hansen10_gte_5":54.67711685868808,"fa_agreement_hansen10_gte_6":4.705245601411711,"fa_agreement_hansen10_gte_7":0.0,"fa_agreement_hansen10_gte_8":0.0,"fa_agreement_hansen30_gte_9":0.0,"fa_agreement_hansen20_gte_1":38817.676981658245,"fa_agreement_hansen20_gte_2":7680.767025926056,"fa_agreement_hansen20_gte_3":1814.1102109176784,"fa_agreement_hansen20_gte_4":457.43415069500986,"fa_agreement_hansen20_gte_5":54.67711685868808,"fa_agreement_hansen20_gte_6":4.705245601411711,"fa_agreement_hansen20_gte_7":0.0,"fa_agreement_hansen20_gte_8":0.0,"fa_agreement_hansen30_gte_1":38804.73813507868,"fa_agreement_hansen30_gte_2":7680.7670259169,"fa_agreement_hansen30_gte_3":1814.110210917678,"fa_agreement_hansen30_gte_4":457.43415069500986,"fa_agreement_hansen30_gte_5":54.67711685868808,"fa_agreement_hansen30_gte_6":4.705245601411711,"fa_agreement_hansen30_gte_7":0.0,"fa_agreement_hansen30_gte_8":0.0,"fa_copernicus":0.0,"fa_esa_2009":11611.220712954975,"fa_esa_2020":2826.273353311811,"fa_esri":4972.389749880997,"fa_globeland":0.0,"fa_hansen10":0.0,"fa_hansen20":0.0,"fa_hansen30":0.0,"fa_jaxa":1984.0042644958053,"fa_tandemx":25087.41272951685,"fa_jrc_2020":3494.3501575862406,"fra_1a_forestArea":0.07999999821186066,"fra_1a_landArea":140.0,"fra_3b_protected":0.0,"iso3":"FRO","total_area_ha":140794.1537013096,"year":2020,"fa_copernicus_protected":0.0,"fa_esa_2009_protected":439.0398773785035,"fa_esa_2020_protected":159.9847585717545,"fa_esri_protected":59.87751117988123,"fa_globeland_protected":0.0,"fa_hansen10_protected":0.0,"fa_hansen20_protected":0.0,"fa_hansen30_protected":0.0,"fa_jaxa_protected":74.45558756329783,"fa_tandemx_protected":754.6934725082635,"fa_jrc_2020_protected":187.16847795161084,"ba_MODIS_2001":0.0,"ba_MODIS_2002":0.0,"ba_MODIS_2003":0.0,"ba_MODIS_2004":0.0,"ba_MODIS_2005":0.0,"ba_MODIS_2006":0.0,"ba_MODIS_2007":0.0,"ba_MODIS_2008":0.0,"ba_MODIS_2009":0.0,"ba_MODIS_2010":0.0,"ba_MODIS_2011":0.0,"ba_MODIS_2012":0.0,"ba_MODIS_2013":0.0,"ba_MODIS_2014":0.0,"ba_MODIS_2015":0.0,"ba_MODIS_2016":0.0,"ba_MODIS_2017":0.0,"ba_MODIS_2018":0.0,"ba_MODIS_2019":0.0,"ba_MODIS_2020":0.0,"ba_MODIS_2021":0.0,"ba_MODIS_2022":0.0,"ba_MODIS_2001_Hansen10":0.0,"ba_MODIS_2002_Hansen10":0.0,"ba_MODIS_2003_Hansen10":0.0,"ba_MODIS_2004_Hansen10":0.0,"ba_MODIS_2005_Hansen10":0.0,"ba_MODIS_2006_Hansen10":0.0,"ba_MODIS_2007_Hansen10":0.0,"ba_MODIS_2008_Hansen10":0.0,"ba_MODIS_2009_Hansen10":0.0,"ba_MODIS_2010_Hansen10":0.0,"ba_MODIS_2011_Hansen10":0.0,"ba_MODIS_2012_Hansen10":0.0,"ba_MODIS_2013_Hansen10":0.0,"ba_MODIS_2014_Hansen10":0.0,"ba_MODIS_2015_Hansen10":0.0,"ba_MODIS_2016_Hansen10":0.0,"ba_MODIS_2017_Hansen10":0.0,"ba_MODIS_2018_Hansen10":0.0,"ba_MODIS_2019_Hansen10":0.0,"ba_MODIS_2020_Hansen10":0.0,"ba_MODIS_2021_Hansen10":0.0,"ba_MODIS_2022_Hansen10":0.0}},{"type":"Feature","geometry":{"type":"MultiPoint","coordinates":[]},"properties":{"fa_agreement_esri_esa_glo_hansen10_gte_1":158.1342913998353,"fa_agreement_esri_esa_glo_hansen10_gte_2":101.35198724197694,"fa_agreement_esri_esa_glo_hansen10_gte_3":19.00484858398438,"fa_agreement_esri_esa_glo_hansen10_gte_4":0.0,"fa_agreement_esri_esa_gte_1":123.82105519668748,"fa_agreement_esri_esa_gte_2":19.464262789154027,"fa_agreement_hansen10_gte_1":299.37988556906504,"fa_agreement_hansen10_gte_2":152.05502890849948,"fa_agreement_hansen10_gte_3":102.46687487570367,"fa_agreement_hansen10_gte_4":40.562408009416174,"fa_agreement_hansen10_gte_5":3.464374159103095,"fa_agreement_hansen10_gte_6":0.07281639093137254,"fa_agreement_hansen10_gte_7":0.0,"fa_agreement_hansen10_gte_8":0.0,"fa_agreement_hansen30_gte_9":0.0,"fa_agreement_hansen20_gte_1":298.12983656331573,"fa_agreement_hansen20_gte_2":145.9614920859902,"fa_agreement_hansen20_gte_3":99.11161079944081,"fa_agreement_hansen20_gte_4":40.01824091763367,"fa_agreement_hansen20_gte_5":3.3918464918667675,"fa_agreement_hansen20_gte_6":0.07281639093137254,"fa_agreement_hansen20_gte_7":0.0,"fa_agreement_hansen20_gte_8":0.0,"fa_agreement_hansen30_gte_1":301.36553067682223,"fa_agreement_hansen30_gte_2":142.63778363329095,"fa_agreement_hansen30_gte_3":97.33403972467148,"fa_agreement_hansen30_gte_4":39.85497514325313,"fa_agreement_hansen30_gte_5":3.0291711683804388,"fa_agreement_hansen30_gte_6":0.07281639093137254,"fa_agreement_hansen30_gte_7":0.0,"fa_agreement_hansen30_gte_8":0.0,"fa_copernicus":0.80595126953125,"fa_esa_2009":0.0,"fa_esa_2020":122.86890585797498,"fa_esri":20.34276162643425,"fa_globeland":0.0,"fa_hansen10":133.74330949647188,"fa_hansen20":122.14905514387505,"fa_hansen30":115.60896891630262,"fa_jaxa":52.19298950815236,"fa_tandemx":249.38047588656514,"fa_jrc_2020":26.19603162750236,"fra_1a_forestArea":0.0,"fra_1a_landArea":1.0,"fra_3b_protected":0.0,"iso3":"GIB","total_area_ha":571.0687831920185,"year":2020,"fa_copernicus_protected":0.0,"fa_esa_2009_protected":0.0,"fa_esa_2020_protected":0.0,"fa_esri_protected":0.0,"fa_globeland_protected":0.0,"fa_hansen10_protected":0.0,"fa_hansen20_protected":0.0,"fa_hansen30_protected":0.0,"fa_jaxa_protected":0.0,"fa_tandemx_protected":0.0,"fa_jrc_2020_protected":0.0,"ba_MODIS_2001":0.0,"ba_MODIS_2002":0.0,"ba_MODIS_2003":0.0,"ba_MODIS_2004":0.0,"ba_MODIS_2005":0.0,"ba_MODIS_2006":0.0,"ba_MODIS_2007":0.0,"ba_MODIS_2008":0.0,"ba_MODIS_2009":0.0,"ba_MODIS_2010":0.0,"ba_MODIS_2011":0.0,"ba_MODIS_2012":0.0,"ba_MODIS_2013":0.0,"ba_MODIS_2014":0.0,"ba_MODIS_2015":0.0,"ba_MODIS_2016":0.0,"ba_MODIS_2017":0.0,"ba_MODIS_2018":0.0,"ba_MODIS_2019":0.0,"ba_MODIS_2020":0.0,"ba_MODIS_2021":0.0,"ba_MODIS_2022":0.0,"ba_MODIS_2001_Hansen10":0.0,"ba_MODIS_2002_Hansen10":0.0,"ba_MODIS_2003_Hansen10":0.0,"ba_MODIS_2004_Hansen10":0.0,"ba_MODIS_2005_Hansen10":0.0,"ba_MODIS_2006_Hansen10":0.0,"ba_MODIS_2007_Hansen10":0.0,"ba_MODIS_2008_Hansen10":0.0,"ba_MODIS_2009_Hansen10":0.0,"ba_MODIS_2010_Hansen10":0.0,"ba_MODIS_2011_Hansen10":0.0,"ba_MODIS_2012_Hansen10":0.0,"ba_MODIS_2013_Hansen10":0.0,"ba_MODIS_2014_Hansen10":0.0,"ba_MODIS_2015_Hansen10":0.0,"ba_MODIS_2016_Hansen10":0.0,"ba_MODIS_2017_Hansen10":0.0,"ba_MODIS_2018_Hansen10":0.0,"ba_MODIS_2019_Hansen10":0.0,"ba_MODIS_2020_Hansen10":0.0,"ba_MODIS_2021_Hansen10":0.0,"ba_MODIS_2022_Hansen10":0.0}},{"type":"Feature","geometry":{"type":"MultiPoint","coordinates":[]},"properties":{"fa_agreement_esri_esa_glo_hansen10_gte_1":870305.613423758,"fa_agreement_esri_esa_glo_hansen10_gte_2":103974.40796254085,"fa_agreement_esri_esa_glo_hansen10_gte_3":5358.99545086488,"fa_agreement_esri_esa_glo_hansen10_gte_4":0.0,"fa_agreement_esri_esa_gte_1":357956.7650033167,"fa_agreement_esri_esa_gte_2":12544.689177941491,"fa_agreement_hansen10_gte_1":1263245.5476431265,"fa_agreement_hansen10_gte_2":175594.9168699681,"fa_agreement_hansen10_gte_3":37334.3609884516,"fa_agreement_hansen10_gte_4":13774.147854230923,"fa_agreement_hansen10_gte_5":3845.319589474703,"fa_agreement_hansen10_gte_6":100.68927365595808,"fa_agreement_hansen10_gte_7":0.0,"fa_agreement_hansen10_gte_8":0.0,"fa_agreement_hansen30_gte_9":0.0,"fa_agreement_hansen20_gte_1":1263245.5476436021,"fa_agreement_hansen20_gte_2":175594.9168682669,"fa_agreement_hansen20_gte_3":37334.36098845163,"fa_agreement_hansen20_gte_4":13774.147854230921,"fa_agreement_hansen20_gte_5":3845.3195894747037,"fa_agreement_hansen20_gte_6":100.68927365595808,"fa_agreement_hansen20_gte_7":0.0,"fa_agreement_hansen20_gte_8":0.0,"fa_agreement_hansen30_gte_1":1261345.8488347898,"fa_agreement_hansen30_gte_2":175594.91686976654,"fa_agreement_hansen30_gte_3":37334.36098843786,"fa_agreement_hansen30_gte_4":13774.147854227873,"fa_agreement_hansen30_gte_5":3845.319589474703,"fa_agreement_hansen30_gte_6":100.68927365595806,"fa_agreement_hansen30_gte_7":0.0,"fa_agreement_hansen30_gte_8":0.0,"fa_copernicus":0.0,"fa_esa_2009":0.0,"fa_esa_2020":26732.85906420431,"fa_esri":343784.54645348,"fa_globeland":610169.2140407122,"fa_hansen10":0.0,"fa_hansen20":0.0,"fa_hansen30":0.0,"fa_jaxa":339600.8103877318,"fa_tandemx":149038.51812530338,"fa_jrc_2020":44626.245027570374,"fra_1a_forestArea":51.349998474121094,"fra_1a_landArea":10025.0,"fra_3b_protected":null,"iso3":"ISL","total_area_ha":1.0201492540542142E7,"year":2020,"fa_copernicus_protected":0.0,"fa_esa_2009_protected":0.0,"fa_esa_2020_protected":1798.9232918673054,"fa_esri_protected":17270.408707305138,"fa_globeland_protected":27414.90523685596,"fa_hansen10_protected":0.0,"fa_hansen20_protected":0.0,"fa_hansen30_protected":0.0,"fa_jaxa_protected":21896.31550855987,"fa_tandemx_protected":11214.496022207533,"fa_jrc_2020_protected":3666.4157676482623,"ba_MODIS_2001":0.0,"ba_MODIS_2002":0.0,"ba_MODIS_2003":0.0,"ba_MODIS_2004":0.0,"ba_MODIS_2005":0.0,"ba_MODIS_2006":2011.2604734375025,"ba_MODIS_2007":0.0,"ba_MODIS_2008":0.0,"ba_MODIS_2009":0.0,"ba_MODIS_2010":0.0,"ba_MODIS_2011":0.0,"ba_MODIS_2012":0.0,"ba_MODIS_2013":0.0,"ba_MODIS_2014":0.0,"ba_MODIS_2015":0.0,"ba_MODIS_2016":0.0,"ba_MODIS_2017":0.0,"ba_MODIS_2018":0.0,"ba_MODIS_2019":0.0,"ba_MODIS_2020":0.0,"ba_MODIS_2021":0.0,"ba_MODIS_2022":0.0,"ba_MODIS_2001_Hansen10":0.0,"ba_MODIS_2002_Hansen10":0.0,"ba_MODIS_2003_Hansen10":0.0,"ba_MODIS_2004_Hansen10":0.0,"ba_MODIS_2005_Hansen10":0.0,"ba_MODIS_2006_Hansen10":0.0,"ba_MODIS_2007_Hansen10":0.0,"ba_MODIS_2008_Hansen10":0.0,"ba_MODIS_2009_Hansen10":0.0,"ba_MODIS_2010_Hansen10":0.0,"ba_MODIS_2011_Hansen10":0.0,"ba_MODIS_2012_Hansen10":0.0,"ba_MODIS_2013_Hansen10":0.0,"ba_MODIS_2014_Hansen10":0.0,"ba_MODIS_2015_Hansen10":0.0,"ba_MODIS_2016_Hansen10":0.0,"ba_MODIS_2017_Hansen10":0.0,"ba_MODIS_2018_Hansen10":0.0,"ba_MODIS_2019_Hansen10":0.0,"ba_MODIS_2020_Hansen10":0.0,"ba_MODIS_2021_Hansen10":0.0,"ba_MODIS_2022_Hansen10":0.0}},{"type":"Feature","geometry":{"type":"MultiPoint","coordinates":[]},"properties":{"fa_agreement_esri_esa_glo_hansen10_gte_1":27.97803109552122,"fa_agreement_esri_esa_glo_hansen10_gte_2":1.7956103230076206,"fa_agreement_esri_esa_glo_hansen10_gte_3":0.0,"fa_agreement_esri_esa_glo_hansen10_gte_4":0.0,"fa_agreement_esri_esa_gte_1":27.53738744280646,"fa_agreement_esri_esa_gte_2":0.0,"fa_agreement_hansen10_gte_1":123.68044685403295,"fa_agreement_hansen10_gte_2":18.179853295204328,"fa_agreement_hansen10_gte_3":1.6002382430970437,"fa_agreement_hansen10_gte_4":0.0,"fa_agreement_hansen10_gte_5":0.0,"fa_agreement_hansen10_gte_6":0.0,"fa_agreement_hansen10_gte_7":0.0,"fa_agreement_hansen10_gte_8":0.0,"fa_agreement_hansen30_gte_9":0.0,"fa_agreement_hansen20_gte_1":123.6154331638474,"fa_agreement_hansen20_gte_2":17.634523510909766,"fa_agreement_hansen20_gte_3":0.9878627239391852,"fa_agreement_hansen20_gte_4":0.0,"fa_agreement_hansen20_gte_5":0.0,"fa_agreement_hansen20_gte_6":0.0,"fa_agreement_hansen20_gte_7":0.0,"fa_agreement_hansen20_gte_8":0.0,"fa_agreement_hansen30_gte_1":123.55042033425755,"fa_agreement_hansen30_gte_2":17.24444828507968,"fa_agreement_hansen30_gte_3":0.7928251079723881,"fa_agreement_hansen30_gte_4":0.0,"fa_agreement_hansen30_gte_5":0.0,"fa_agreement_hansen30_gte_6":0.0,"fa_agreement_hansen30_gte_7":0.0,"fa_agreement_hansen30_gte_8":0.0,"fa_copernicus":0.0,"fa_esa_2009":0.0,"fa_esa_2020":27.76095438895733,"fa_esri":0.0,"fa_globeland":0.0,"fa_hansen10":2.3269142601342288,"fa_hansen20":1.2430968933105464,"fa_hansen30":0.34530643310546877,"fa_jaxa":2.1921946452660652,"fa_tandemx":111.54008984126065,"fa_jrc_2020":0.0,"fra_1a_forestArea":0.0,"fra_1a_landArea":0.0,"fra_3b_protected":0.0,"iso3":"MCO","total_area_ha":247.63609197151274,"year":2020,"fa_copernicus_protected":0.0,"fa_esa_2009_protected":0.0,"fa_esa_2020_protected":0.44245754815793503,"fa_esri_protected":0.0,"fa_globeland_protected":0.0,"fa_hansen10_protected":0.0,"fa_hansen20_protected":0.0,"fa_hansen30_protected":0.0,"fa_jaxa_protected":0.0,"fa_tandemx_protected":0.8352149349197686,"fa_jrc_2020_protected":0.0,"ba_MODIS_2001":0.0,"ba_MODIS_2002":0.0,"ba_MODIS_2003":0.0,"ba_MODIS_2004":0.0,"ba_MODIS_2005":0.0,"ba_MODIS_2006":0.0,"ba_MODIS_2007":0.0,"ba_MODIS_2008":0.0,"ba_MODIS_2009":0.0,"ba_MODIS_2010":0.0,"ba_MODIS_2011":0.0,"ba_MODIS_2012":0.0,"ba_MODIS_2013":0.0,"ba_MODIS_2014":0.0,"ba_MODIS_2015":0.0,"ba_MODIS_2016":0.0,"ba_MODIS_2017":0.0,"ba_MODIS_2018":0.0,"ba_MODIS_2019":0.0,"ba_MODIS_2020":0.0,"ba_MODIS_2021":0.0,"ba_MODIS_2022":0.0,"ba_MODIS_2001_Hansen10":0.0,"ba_MODIS_2002_Hansen10":0.0,"ba_MODIS_2003_Hansen10":0.0,"ba_MODIS_2004_Hansen10":0.0,"ba_MODIS_2005_Hansen10":0.0,"ba_MODIS_2006_Hansen10":0.0,"ba_MODIS_2007_Hansen10":0.0,"ba_MODIS_2008_Hansen10":0.0,"ba_MODIS_2009_Hansen10":0.0,"ba_MODIS_2010_Hansen10":0.0,"ba_MODIS_2011_Hansen10":0.0,"ba_MODIS_2012_Hansen10":0.0,"ba_MODIS_2013_Hansen10":0.0,"ba_MODIS_2014_Hansen10":0.0,"ba_MODIS_2015_Hansen10":0.0,"ba_MODIS_2016_Hansen10":0.0,"ba_MODIS_2017_Hansen10":0.0,"ba_MODIS_2018_Hansen10":0.0,"ba_MODIS_2019_Hansen10":0.0,"ba_MODIS_2020_Hansen10":0.0,"ba_MODIS_2021_Hansen10":0.0,"ba_MODIS_2022_Hansen10":0.0}},{"type":"Feature","geometry":{"type":"MultiPoint","coordinates":[]},"properties":{"fa_agreement_esri_esa_glo_hansen10_gte_1":2212.115732558173,"fa_agreement_esri_esa_glo_hansen10_gte_2":86.97223653564437,"fa_agreement_esri_esa_glo_hansen10_gte_3":6.620142614746105,"fa_agreement_esri_esa_glo_hansen10_gte_4":0.0,"fa_agreement_esri_esa_gte_1":2045.8767801911117,"fa_agreement_esri_esa_gte_2":17.155082717132625,"fa_agreement_hansen10_gte_1":10078.846351798442,"fa_agreement_hansen10_gte_2":2415.4120512945224,"fa_agreement_hansen10_gte_3":561.4666499847534,"fa_agreement_hansen10_gte_4":88.25253102543869,"fa_agreement_hansen10_gte_5":18.95164434146658,"fa_agreement_hansen10_gte_6":4.6376372760129465,"fa_agreement_hansen10_gte_7":0.0,"fa_agreement_hansen10_gte_8":0.0,"fa_agreement_hansen30_gte_9":0.0,"fa_agreement_hansen20_gte_1":10064.436347159532,"fa_agreement_hansen20_gte_2":2411.240947887633,"fa_agreement_hansen20_gte_3":555.906353986386,"fa_agreement_hansen20_gte_4":85.10685666882092,"fa_agreement_hansen20_gte_5":17.551273760627303,"fa_agreement_hansen20_gte_6":3.6378804382324232,"fa_agreement_hansen20_gte_7":0.0,"fa_agreement_hansen20_gte_8":0.0,"fa_agreement_hansen30_gte_1":10028.565662671237,"fa_agreement_hansen30_gte_2":2407.4621463285553,"fa_agreement_hansen30_gte_3":550.0204689213533,"fa_agreement_hansen30_gte_4":81.19799725765459,"fa_agreement_hansen30_gte_5":16.295854922593065,"fa_agreement_hansen30_gte_6":2.8378579223632814,"fa_agreement_hansen30_gte_7":0.0,"fa_agreement_hansen30_gte_8":0.0,"fa_copernicus":0.0,"fa_esa_2009":34.73060878982843,"fa_esa_2020":2043.992699267796,"fa_esri":18.14046806793216,"fa_globeland":136.19948801587915,"fa_hansen10":138.88768291561388,"fa_hansen20":109.39933503631006,"fa_hansen30":84.82283598144528,"fa_jaxa":6135.956876565346,"fa_tandemx":3768.9944510741743,"fa_jrc_2020":1115.2510115322996,"fra_1a_forestArea":0.46000000834465027,"fra_1a_landArea":32.0,"fra_3b_protected":0.03999999910593033,"iso3":"MLT","total_area_ha":31486.585819655407,"year":2020,"fa_copernicus_protected":0.0,"fa_esa_2009_protected":4.639876289852366,"fa_esa_2020_protected":706.9071359900128,"fa_esri_protected":10.910189556884758,"fa_globeland_protected":68.11367473462883,"fa_hansen10_protected":54.84205413437787,"fa_hansen20_protected":47.308959175809946,"fa_hansen30_protected":37.32077300230738,"fa_jaxa_protected":1126.667475367976,"fa_tandemx_protected":854.3693148166027,"fa_jrc_2020_protected":562.7403183547833,"ba_MODIS_2001":0.0,"ba_MODIS_2002":0.0,"ba_MODIS_2003":0.0,"ba_MODIS_2004":0.0,"ba_MODIS_2005":0.0,"ba_MODIS_2006":0.0,"ba_MODIS_2007":0.0,"ba_MODIS_2008":0.0,"ba_MODIS_2009":0.0,"ba_MODIS_2010":0.0,"ba_MODIS_2011":0.0,"ba_MODIS_2012":0.0,"ba_MODIS_2013":0.0,"ba_MODIS_2014":0.0,"ba_MODIS_2015":0.0,"ba_MODIS_2016":0.0,"ba_MODIS_2017":0.0,"ba_MODIS_2018":0.0,"ba_MODIS_2019":0.0,"ba_MODIS_2020":0.0,"ba_MODIS_2021":0.0,"ba_MODIS_2022":0.0,"ba_MODIS_2001_Hansen10":0.0,"ba_MODIS_2002_Hansen10":0.0,"ba_MODIS_2003_Hansen10":0.0,"ba_MODIS_2004_Hansen10":0.0,"ba_MODIS_2005_Hansen10":0.0,"ba_MODIS_2006_Hansen10":0.0,"ba_MODIS_2007_Hansen10":0.0,"ba_MODIS_2008_Hansen10":0.0,"ba_MODIS_2009_Hansen10":0.0,"ba_MODIS_2010_Hansen10":0.0,"ba_MODIS_2011_Hansen10":0.0,"ba_MODIS_2012_Hansen10":0.0,"ba_MODIS_2013_Hansen10":0.0,"ba_MODIS_2014_Hansen10":0.0,"ba_MODIS_2015_Hansen10":0.0,"ba_MODIS_2016_Hansen10":0.0,"ba_MODIS_2017_Hansen10":0.0,"ba_MODIS_2018_Hansen10":0.0,"ba_MODIS_2019_Hansen10":0.0,"ba_MODIS_2020_Hansen10":0.0,"ba_MODIS_2021_Hansen10":0.0,"ba_MODIS_2022_Hansen10":0.0}},{"type":"Feature","geometry":{"type":"MultiPoint","coordinates":[]},"properties":{"fa_agreement_esri_esa_glo_hansen10_gte_1":5707.909822549304,"fa_agreement_esri_esa_glo_hansen10_gte_2":28.55293059561339,"fa_agreement_esri_esa_glo_hansen10_gte_3":0.0,"fa_agreement_esri_esa_glo_hansen10_gte_4":0.0,"fa_agreement_esri_esa_gte_1":5738.951486371602,"fa_agreement_esri_esa_gte_2":29.185467206432737,"fa_agreement_hansen10_gte_1":490723.68106309156,"fa_agreement_hansen10_gte_2":629.1308237277942,"fa_agreement_hansen10_gte_3":35.37164130651136,"fa_agreement_hansen10_gte_4":2.1836450078388294,"fa_agreement_hansen10_gte_5":0.0,"fa_agreement_hansen10_gte_6":0.0,"fa_agreement_hansen10_gte_7":0.0,"fa_agreement_hansen10_gte_8":0.0,"fa_agreement_hansen30_gte_9":0.0,"fa_agreement_hansen20_gte_1":490723.68106309144,"fa_agreement_hansen20_gte_2":629.1308237277941,"fa_agreement_hansen20_gte_3":35.37164130651136,"fa_agreement_hansen20_gte_4":2.18364500783883,"fa_agreement_hansen20_gte_5":0.0,"fa_agreement_hansen20_gte_6":0.0,"fa_agreement_hansen20_gte_7":0.0,"fa_agreement_hansen20_gte_8":0.0,"fa_agreement_hansen30_gte_1":490608.7539540514,"fa_agreement_hansen30_gte_2":629.130823727794,"fa_agreement_hansen30_gte_3":35.37164130651135,"fa_agreement_hansen30_gte_4":2.18364500783883,"fa_agreement_hansen30_gte_5":0.0,"fa_agreement_hansen30_gte_6":0.0,"fa_agreement_hansen30_gte_7":0.0,"fa_agreement_hansen30_gte_8":0.0,"fa_copernicus":0.0,"fa_esa_2009":0.0,"fa_esa_2020":1926.9092425946405,"fa_esri":3840.623316904934,"fa_globeland":0.0,"fa_hansen10":0.0,"fa_hansen20":0.0,"fa_hansen30":0.0,"fa_jaxa":482308.24101955607,"fa_tandemx":3154.739474396445,"fa_jrc_2020":397.9214022976437,"fra_1a_forestArea":0.0,"fra_1a_landArea":6100.0,"fra_3b_protected":0.0,"iso3":"SJM","total_area_ha":6163297.450524389,"year":2020,"fa_copernicus_protected":0.0,"fa_esa_2009_protected":0.0,"fa_esa_2020_protected":1301.9320964108128,"fa_esri_protected":2531.851793207536,"fa_globeland_protected":0.0,"fa_hansen10_protected":0.0,"fa_hansen20_protected":0.0,"fa_hansen30_protected":0.0,"fa_jaxa_protected":326765.1888946299,"fa_tandemx_protected":0.0,"fa_jrc_2020_protected":0.0,"ba_MODIS_2001":0.0,"ba_MODIS_2002":0.0,"ba_MODIS_2003":0.0,"ba_MODIS_2004":0.0,"ba_MODIS_2005":0.0,"ba_MODIS_2006":0.0,"ba_MODIS_2007":0.0,"ba_MODIS_2008":0.0,"ba_MODIS_2009":0.0,"ba_MODIS_2010":0.0,"ba_MODIS_2011":0.0,"ba_MODIS_2012":0.0,"ba_MODIS_2013":0.0,"ba_MODIS_2014":0.0,"ba_MODIS_2015":0.0,"ba_MODIS_2016":0.0,"ba_MODIS_2017":0.0,"ba_MODIS_2018":0.0,"ba_MODIS_2019":0.0,"ba_MODIS_2020":0.0,"ba_MODIS_2021":0.0,"ba_MODIS_2022":0.0,"ba_MODIS_2001_Hansen10":0.0,"ba_MODIS_2002_Hansen10":0.0,"ba_MODIS_2003_Hansen10":0.0,"ba_MODIS_2004_Hansen10":0.0,"ba_MODIS_2005_Hansen10":0.0,"ba_MODIS_2006_Hansen10":0.0,"ba_MODIS_2007_Hansen10":0.0,"ba_MODIS_2008_Hansen10":0.0,"ba_MODIS_2009_Hansen10":0.0,"ba_MODIS_2010_Hansen10":0.0,"ba_MODIS_2011_Hansen10":0.0,"ba_MODIS_2012_Hansen10":0.0,"ba_MODIS_2013_Hansen10":0.0,"ba_MODIS_2014_Hansen10":0.0,"ba_MODIS_2015_Hansen10":0.0,"ba_MODIS_2016_Hansen10":0.0,"ba_MODIS_2017_Hansen10":0.0,"ba_MODIS_2018_Hansen10":0.0,"ba_MODIS_2019_Hansen10":0.0,"ba_MODIS_2020_Hansen10":0.0,"ba_MODIS_2021_Hansen10":0.0,"ba_MODIS_2022_Hansen10":0.0}},{"type":"Feature","geometry":{"type":"MultiPoint","coordinates":[]},"properties":{"fa_agreement_esri_esa_glo_hansen10_gte_1":19.800273884253418,"fa_agreement_esri_esa_glo_hansen10_gte_2":7.793354053021595,"fa_agreement_esri_esa_glo_hansen10_gte_3":0.0,"fa_agreement_esri_esa_glo_hansen10_gte_4":0.0,"fa_agreement_esri_esa_gte_1":18.930652503186476,"fa_agreement_esri_esa_gte_2":0.0,"fa_agreement_hansen10_gte_1":27.175774106971847,"fa_agreement_hansen10_gte_2":18.575772275246987,"fa_agreement_hansen10_gte_3":9.734471936896819,"fa_agreement_hansen10_gte_4":1.604070350700827,"fa_agreement_hansen10_gte_5":0.0,"fa_agreement_hansen10_gte_6":0.0,"fa_agreement_hansen10_gte_7":0.0,"fa_agreement_hansen10_gte_8":0.0,"fa_agreement_hansen30_gte_9":0.0,"fa_agreement_hansen20_gte_1":26.974962058632002,"fa_agreement_hansen20_gte_2":18.096454413416218,"fa_agreement_hansen20_gte_3":8.48946075535194,"fa_agreement_hansen20_gte_4":1.4415865496945846,"fa_agreement_hansen20_gte_5":0.0,"fa_agreement_hansen20_gte_6":0.0,"fa_agreement_hansen20_gte_7":0.0,"fa_agreement_hansen20_gte_8":0.0,"fa_agreement_hansen30_gte_1":26.908028879921066,"fa_agreement_hansen30_gte_2":17.721617607996304,"fa_agreement_hansen30_gte_3":6.828673467323451,"fa_agreement_hansen30_gte_4":1.2121722551652494,"fa_agreement_hansen30_gte_5":0.0,"fa_agreement_hansen30_gte_6":0.0,"fa_agreement_hansen30_gte_7":0.0,"fa_agreement_hansen30_gte_8":0.0,"fa_copernicus":0.0,"fa_esa_2009":0.0,"fa_esa_2020":18.93057016900738,"fa_esri":0.0,"fa_globeland":0.0,"fa_hansen10":9.292796801111548,"fa_hansen20":7.088832859245743,"fa_hansen30":5.1475693947945365,"fa_jaxa":20.947171668162593,"fa_tandemx":6.883191237649354,"fa_jrc_2020":0.0,"fra_1a_forestArea":0.0,"fra_1a_landArea":0.0,"fra_3b_protected":0.0,"iso3":"VAT","total_area_ha":55.306607726514144,"year":2020,"fa_copernicus_protected":0.0,"fa_esa_2009_protected":0.0,"fa_esa_2020_protected":0.0,"fa_esri_protected":0.0,"fa_globeland_protected":0.0,"fa_hansen10_protected":0.0,"fa_hansen20_protected":0.0,"fa_hansen30_protected":0.0,"fa_jaxa_protected":0.0,"fa_tandemx_protected":0.0,"fa_jrc_2020_protected":0.0,"ba_MODIS_2001":0.0,"ba_MODIS_2002":0.0,"ba_MODIS_2003":0.0,"ba_MODIS_2004":0.0,"ba_MODIS_2005":0.0,"ba_MODIS_2006":0.0,"ba_MODIS_2007":0.0,"ba_MODIS_2008":0.0,"ba_MODIS_2009":0.0,"ba_MODIS_2010":0.0,"ba_MODIS_2011":0.0,"ba_MODIS_2012":0.0,"ba_MODIS_2013":0.0,"ba_MODIS_2014":0.0,"ba_MODIS_2015":0.0,"ba_MODIS_2016":0.0,"ba_MODIS_2017":0.0,"ba_MODIS_2018":0.0,"ba_MODIS_2019":0.0,"ba_MODIS_2020":0.0,"ba_MODIS_2021":0.0,"ba_MODIS_2022":0.0,"ba_MODIS_2001_Hansen10":0.0,"ba_MODIS_2002_Hansen10":0.0,"ba_MODIS_2003_Hansen10":0.0,"ba_MODIS_2004_Hansen10":0.0,"ba_MODIS_2005_Hansen10":0.0,"ba_MODIS_2006_Hansen10":0.0,"ba_MODIS_2007_Hansen10":0.0,"ba_MODIS_2008_Hansen10":0.0,"ba_MODIS_2009_Hansen10":0.0,"ba_MODIS_2010_Hansen10":0.0,"ba_MODIS_2011_Hansen10":0.0,"ba_MODIS_2012_Hansen10":0.0,"ba_MODIS_2013_Hansen10":0.0,"ba_MODIS_2014_Hansen10":0.0,"ba_MODIS_2015_Hansen10":0.0,"ba_MODIS_2016_Hansen10":0.0,"ba_MODIS_2017_Hansen10":0.0,"ba_MODIS_2018_Hansen10":0.0,"ba_MODIS_2019_Hansen10":0.0,"ba_MODIS_2020_Hansen10":0.0,"ba_MODIS_2021_Hansen10":0.0,"ba_MODIS_2022_Hansen10":0.0}},{"type":"Feature","geometry":{"type":"MultiPoint","coordinates":[]},"properties":{"fa_agreement_esri_esa_glo_hansen10_gte_1":1052845.9063617857,"fa_agreement_esri_esa_glo_hansen10_gte_2":855401.7398292645,"fa_agreement_esri_esa_glo_hansen10_gte_3":688788.4908701848,"fa_agreement_esri_esa_glo_hansen10_gte_4":477998.6402263505,"fa_agreement_esri_esa_gte_1":882404.7625817346,"fa_agreement_esri_esa_gte_2":587370.6794147607,"fa_agreement_hansen10_gte_1":1167523.0625071467,"fa_agreement_hansen10_gte_2":1027969.6579537388,"fa_agreement_hansen10_gte_3":925550.6983270051,"fa_agreement_hansen10_gte_4":847233.5922617762,"fa_agreement_hansen10_gte_5":759679.7521298738,"fa_agreement_hansen10_gte_6":650568.3896986329,"fa_agreement_hansen10_gte_7":515695.6370625164,"fa_agreement_hansen10_gte_8":355551.63473753235,"fa_agreement_hansen30_gte_9":169283.12541776616,"fa_agreement_hansen20_gte_1":1166754.671767334,"fa_agreement_hansen20_gte_2":1026352.069098473,"fa_agreement_hansen20_gte_3":922719.4246308123,"fa_agreement_hansen20_gte_4":842899.5425269506,"fa_agreement_hansen20_gte_5":752502.4824525625,"fa_agreement_hansen20_gte_6":641869.5036220801,"fa_agreement_hansen20_gte_7":509226.62082534947,"fa_agreement_hansen20_gte_8":352219.0693415861,"fa_agreement_hansen30_gte_1":1196069.3968037425,"fa_agreement_hansen30_gte_2":1024716.8764478741,"fa_agreement_hansen30_gte_3":919841.8335213305,"fa_agreement_hansen30_gte_4":838442.2421004537,"fa_agreement_hansen30_gte_5":745130.9707053554,"fa_agreement_hansen30_gte_6":633226.2142855708,"fa_agreement_hansen30_gte_7":502771.4482019288,"fa_agreement_hansen30_gte_8":349036.1573718483,"fa_copernicus":467081.2200315873,"fa_esa_2009":516369.820887431,"fa_esa_2020":814017.3466331925,"fa_esri":655772.1001649399,"fa_globeland":898143.2348518752,"fa_hansen10":705657.9342030515,"fa_hansen20":667706.7705747777,"fa_hansen30":629598.349469928,"fa_jaxa":1004419.251212492,"fa_tandemx":590791.570564498,"fa_jrc_2020":866766.6604228647,"fra_1a_forestArea":827.0,"fra_1a_landArea":1345.0,"fra_3b_protected":83.9000015258789,"iso3":"MNE","total_area_ha":1387437.0966627877,"year":2020,"fa_copernicus_protected":31911.635539226794,"fa_esa_2009_protected":36915.75695980573,"fa_esa_2020_protected":48654.51370959498,"fa_esri_protected":42753.82393179595,"fa_globeland_protected":53897.40346807067,"fa_hansen10_protected":47792.770902806114,"fa_hansen20_protected":45746.932834709034,"fa_hansen30_protected":43749.6371028518,"fa_jaxa_protected":52458.25558241794,"fa_tandemx_protected":43601.87217426566,"fa_jrc_2020_protected":53056.39337944544,"ba_MODIS_2001":2563.6167640625013,"ba_MODIS_2002":0.0,"ba_MODIS_2003":3264.5403656495096,"ba_MODIS_2004":0.0,"ba_MODIS_2005":0.0,"ba_MODIS_2006":2630.1545796875002,"ba_MODIS_2007":33266.94478234682,"ba_MODIS_2008":5901.237102297791,"ba_MODIS_2009":146.15950468749998,"ba_MODIS_2010":402.00440625,"ba_MODIS_2011":13001.360686256145,"ba_MODIS_2012":30841.56143193634,"ba_MODIS_2013":808.4208937500001,"ba_MODIS_2014":238.4833078125,"ba_MODIS_2015":13709.465859375048,"ba_MODIS_2016":735.4324671874997,"ba_MODIS_2017":31780.423388204752,"ba_MODIS_2018":2913.7158605208333,"ba_MODIS_2019":2299.4302884926465,"ba_MODIS_2020":6675.8857515625,"ba_MODIS_2021":23907.292562500086,"ba_MODIS_2022":0.0,"ba_MODIS_2001_Hansen10":720.0024666870146,"ba_MODIS_2002_Hansen10":0.0,"ba_MODIS_2003_Hansen10":953.7367382261777,"ba_MODIS_2004_Hansen10":0.0,"ba_MODIS_2005_Hansen10":0.0,"ba_MODIS_2006_Hansen10":679.7890920288121,"ba_MODIS_2007_Hansen10":10181.76392014793,"ba_MODIS_2008_Hansen10":2152.8095684783275,"ba_MODIS_2009_Hansen10":8.682031060791015,"ba_MODIS_2010_Hansen10":133.9406245605466,"ba_MODIS_2011_Hansen10":4094.2453098084907,"ba_MODIS_2012_Hansen10":12635.435787691405,"ba_MODIS_2013_Hansen10":280.9751995849591,"ba_MODIS_2014_Hansen10":155.1341595886221,"ba_MODIS_2015_Hansen10":4710.59238236082,"ba_MODIS_2016_Hansen10":137.78378422241184,"ba_MODIS_2017_Hansen10":12875.886766985739,"ba_MODIS_2018_Hansen10":834.5294644470217,"ba_MODIS_2019_Hansen10":1240.289671819164,"ba_MODIS_2020_Hansen10":2396.6185573669577,"ba_MODIS_2021_Hansen10":10999.884733245757,"ba_MODIS_2022_Hansen10":0.0}},{"type":"Feature","geometry":{"type":"MultiPoint","coordinates":[]},"properties":{"fa_agreement_esri_esa_glo_hansen10_gte_1":1856118.613867212,"fa_agreement_esri_esa_glo_hansen10_gte_2":846455.3709352612,"fa_agreement_esri_esa_glo_hansen10_gte_3":469878.11995473056,"fa_agreement_esri_esa_glo_hansen10_gte_4":124942.55859858617,"fa_agreement_esri_esa_gte_1":1274545.1892526452,"fa_agreement_esri_esa_gte_2":670261.0301105843,"fa_agreement_hansen10_gte_1":2946861.9569610124,"fa_agreement_hansen10_gte_2":1449848.9777499544,"fa_agreement_hansen10_gte_3":1014890.1137074099,"fa_agreement_hansen10_gte_4":783600.2926544164,"fa_agreement_hansen10_gte_5":531686.1822178056,"fa_agreement_hansen10_gte_6":293958.7515437691,"fa_agreement_hansen10_gte_7":126712.41429900542,"fa_agreement_hansen10_gte_8":41697.19913797599,"fa_agreement_hansen30_gte_9":8073.539939587601,"fa_agreement_hansen20_gte_1":2860750.561013508,"fa_agreement_hansen20_gte_2":1418377.661507345,"fa_agreement_hansen20_gte_3":1001083.7544760384,"fa_agreement_hansen20_gte_4":774040.0600951376,"fa_agreement_hansen20_gte_5":521960.8575900968,"fa_agreement_hansen20_gte_6":289195.0581650698,"fa_agreement_hansen20_gte_7":125347.104921107,"fa_agreement_hansen20_gte_8":41350.256735700204,"fa_agreement_hansen30_gte_1":2855798.2696871804,"fa_agreement_hansen30_gte_2":1400926.5101983934,"fa_agreement_hansen30_gte_3":992537.2890316516,"fa_agreement_hansen30_gte_4":767532.1597486665,"fa_agreement_hansen30_gte_5":513526.4735852863,"fa_agreement_hansen30_gte_6":284022.64874718897,"fa_agreement_hansen30_gte_7":123353.04203162214,"fa_agreement_hansen30_gte_8":40690.65114703871,"fa_copernicus":175886.97483316303,"fa_esa_2009":147665.1569202055,"fa_esa_2020":878470.3815264149,"fa_esri":1066332.6131222167,"fa_globeland":299658.7377286517,"fa_hansen10":1058175.3469112816,"fa_hansen20":896493.7191706441,"fa_hansen30":802277.1104129561,"fa_jaxa":1924673.3204386723,"fa_tandemx":723204.587447047,"fa_jrc_2020":1101912.6821665864,"fra_1a_forestArea":782.02001953125,"fra_1a_landArea":6889.0,"fra_3b_protected":145.1699981689453,"iso3":"IRL","total_area_ha":6957583.847839795,"year":2020,"fa_copernicus_protected":42129.08383121858,"fa_esa_2009_protected":43015.81332772734,"fa_esa_2020_protected":143871.6855258788,"fa_esri_protected":182401.1960116729,"fa_globeland_protected":75450.39339655147,"fa_hansen10_protected":155501.95170207316,"fa_hansen20_protected":140513.3430539195,"fa_hansen30_protected":129398.60525324503,"fa_jaxa_protected":278359.7714981373,"fa_tandemx_protected":94636.97320874177,"fa_jrc_2020_protected":204402.65939140916,"ba_MODIS_2001":0.0,"ba_MODIS_2002":0.0,"ba_MODIS_2003":1013.4338406250002,"ba_MODIS_2004":0.0,"ba_MODIS_2005":569.3175890624999,"ba_MODIS_2006":839.9842265625002,"ba_MODIS_2007":3478.8663983762276,"ba_MODIS_2008":0.0,"ba_MODIS_2009":0.0,"ba_MODIS_2010":7189.330512499974,"ba_MODIS_2011":5334.714884356603,"ba_MODIS_2012":121.48398702205881,"ba_MODIS_2013":0.0,"ba_MODIS_2014":0.0,"ba_MODIS_2015":4445.252387500005,"ba_MODIS_2016":134.826059375,"ba_MODIS_2017":4553.475159197304,"ba_MODIS_2018":1337.6729395894604,"ba_MODIS_2019":1069.5518365196083,"ba_MODIS_2020":585.8836937499999,"ba_MODIS_2021":0.0,"ba_MODIS_2022":0.0,"ba_MODIS_2001_Hansen10":0.0,"ba_MODIS_2002_Hansen10":0.0,"ba_MODIS_2003_Hansen10":238.6861172851563,"ba_MODIS_2004_Hansen10":0.0,"ba_MODIS_2005_Hansen10":184.39756124267433,"ba_MODIS_2006_Hansen10":155.9056375610362,"ba_MODIS_2007_Hansen10":553.7536176972975,"ba_MODIS_2008_Hansen10":0.0,"ba_MODIS_2009_Hansen10":0.0,"ba_MODIS_2010_Hansen10":446.0962127014152,"ba_MODIS_2011_Hansen10":561.4309898315433,"ba_MODIS_2012_Hansen10":10.075181488037112,"ba_MODIS_2013_Hansen10":0.0,"ba_MODIS_2014_Hansen10":0.0,"ba_MODIS_2015_Hansen10":596.6178896850593,"ba_MODIS_2016_Hansen10":9.487693646240242,"ba_MODIS_2017_Hansen10":451.8789497641169,"ba_MODIS_2018_Hansen10":263.354641346339,"ba_MODIS_2019_Hansen10":26.011878356933607,"ba_MODIS_2020_Hansen10":220.26057879028338,"ba_MODIS_2021_Hansen10":0.0,"ba_MODIS_2022_Hansen10":0.0}},{"type":"Feature","geometry":{"type":"MultiPoint","coordinates":[]},"properties":{"fa_agreement_esri_esa_glo_hansen10_gte_1":2146.545273091088,"fa_agreement_esri_esa_glo_hansen10_gte_2":1366.6753905199575,"fa_agreement_esri_esa_glo_hansen10_gte_3":975.5620488022973,"fa_agreement_esri_esa_glo_hansen10_gte_4":421.7978779463943,"fa_agreement_esri_esa_gte_1":1699.6563376831486,"fa_agreement_esri_esa_gte_2":478.80597334821096,"fa_agreement_hansen10_gte_1":2960.7621055035765,"fa_agreement_hansen10_gte_2":1897.4587712472662,"fa_agreement_hansen10_gte_3":1357.4971839570958,"fa_agreement_hansen10_gte_4":1098.0629806501515,"fa_agreement_hansen10_gte_5":834.6850834469329,"fa_agreement_hansen10_gte_6":550.9481370399584,"fa_agreement_hansen10_gte_7":265.739256139202,"fa_agreement_hansen10_gte_8":62.31591592833279,"fa_agreement_hansen30_gte_9":1.2284608290010341,"fa_agreement_hansen20_gte_1":2959.825864994544,"fa_agreement_hansen20_gte_2":1886.915522737602,"fa_agreement_hansen20_gte_3":1340.1267908871862,"fa_agreement_hansen20_gte_4":1082.048929309941,"fa_agreement_hansen20_gte_5":819.4691362771212,"fa_agreement_hansen20_gte_6":543.9188769389035,"fa_agreement_hansen20_gte_7":263.9002930852419,"fa_agreement_hansen20_gte_8":62.31591592833279,"fa_agreement_hansen30_gte_1":3014.0955544322946,"fa_agreement_hansen30_gte_2":1881.2981961140677,"fa_agreement_hansen30_gte_3":1328.3380346844187,"fa_agreement_hansen30_gte_4":1073.6203337837742,"fa_agreement_hansen30_gte_5":810.6343969377135,"fa_agreement_hansen30_gte_6":539.2243440964828,"fa_agreement_hansen30_gte_7":262.34691713898184,"fa_agreement_hansen30_gte_8":61.63505702940701,"fa_copernicus":449.3366617639392,"fa_esa_2009":63.83091522365196,"fa_esa_2020":1691.2235091058255,"fa_esri":486.1635178207202,"fa_globeland":1590.618205715612,"fa_hansen10":1135.9960469889816,"fa_hansen20":1067.839454336197,"fa_hansen30":1023.0857039928869,"fa_jaxa":2238.9575899779397,"fa_tandemx":590.5666521406714,"fa_jrc_2020":945.6217381636676,"fra_1a_forestArea":0.3700000047683716,"fra_1a_landArea":3.4000000953674316,"fra_3b_protected":0.0,"iso3":"SXM","total_area_ha":3826.4711849548517,"year":2020,"fa_copernicus_protected":0.0,"fa_esa_2009_protected":0.0,"fa_esa_2020_protected":1.6610825000239349,"fa_esri_protected":0.008677612017463235,"fa_globeland_protected":3.423662755390243,"fa_hansen10_protected":0.3697919008023131,"fa_hansen20_protected":0.19958118302887562,"fa_hansen30_protected":0.19958118302887562,"fa_jaxa_protected":5.014187962526809,"fa_tandemx_protected":8.815836755777987,"fa_jrc_2020_protected":0.0,"ba_MODIS_2001":0.0,"ba_MODIS_2002":0.0,"ba_MODIS_2003":0.0,"ba_MODIS_2004":0.0,"ba_MODIS_2005":0.0,"ba_MODIS_2006":0.0,"ba_MODIS_2007":0.0,"ba_MODIS_2008":11.12489705882353,"ba_MODIS_2009":0.0,"ba_MODIS_2010":0.0,"ba_MODIS_2011":0.0,"ba_MODIS_2012":0.0,"ba_MODIS_2013":0.0,"ba_MODIS_2014":0.0,"ba_MODIS_2015":0.0,"ba_MODIS_2016":0.0,"ba_MODIS_2017":0.0,"ba_MODIS_2018":0.0,"ba_MODIS_2019":0.0,"ba_MODIS_2020":0.0,"ba_MODIS_2021":0.0,"ba_MODIS_2022":0.0,"ba_MODIS_2001_Hansen10":0.0,"ba_MODIS_2002_Hansen10":0.0,"ba_MODIS_2003_Hansen10":0.0,"ba_MODIS_2004_Hansen10":0.0,"ba_MODIS_2005_Hansen10":0.0,"ba_MODIS_2006_Hansen10":0.0,"ba_MODIS_2007_Hansen10":0.0,"ba_MODIS_2008_Hansen10":0.0,"ba_MODIS_2009_Hansen10":0.0,"ba_MODIS_2010_Hansen10":0.0,"ba_MODIS_2011_Hansen10":0.0,"ba_MODIS_2012_Hansen10":0.0,"ba_MODIS_2013_Hansen10":0.0,"ba_MODIS_2014_Hansen10":0.0,"ba_MODIS_2015_Hansen10":0.0,"ba_MODIS_2016_Hansen10":0.0,"ba_MODIS_2017_Hansen10":0.0,"ba_MODIS_2018_Hansen10":0.0,"ba_MODIS_2019_Hansen10":0.0,"ba_MODIS_2020_Hansen10":0.0,"ba_MODIS_2021_Hansen10":0.0,"ba_MODIS_2022_Hansen10":0.0}},{"type":"Feature","geometry":{"type":"MultiPoint","coordinates":[]},"properties":{"fa_agreement_esri_esa_glo_hansen10_gte_1":3776.5694316651616,"fa_agreement_esri_esa_glo_hansen10_gte_2":1605.3441213394735,"fa_agreement_esri_esa_glo_hansen10_gte_3":629.761305551005,"fa_agreement_esri_esa_glo_hansen10_gte_4":0.0,"fa_agreement_esri_esa_gte_1":3155.976783393843,"fa_agreement_esri_esa_gte_2":790.1942769420951,"fa_agreement_hansen10_gte_1":7327.550504947813,"fa_agreement_hansen10_gte_2":3955.7997611103024,"fa_agreement_hansen10_gte_3":2388.114961320368,"fa_agreement_hansen10_gte_4":1609.0545714852037,"fa_agreement_hansen10_gte_5":1094.7245649432627,"fa_agreement_hansen10_gte_6":686.108213916058,"fa_agreement_hansen10_gte_7":331.1941413238706,"fa_agreement_hansen10_gte_8":31.40028966409123,"fa_agreement_hansen30_gte_9":0.0,"fa_agreement_hansen20_gte_1":7264.61957564023,"fa_agreement_hansen20_gte_2":3859.9934987472743,"fa_agreement_hansen20_gte_3":2324.1220481225614,"fa_agreement_hansen20_gte_4":1573.4234614529655,"fa_agreement_hansen20_gte_5":1075.1494837056355,"fa_agreement_hansen20_gte_6":676.3235528157969,"fa_agreement_hansen20_gte_7":327.27964092977413,"fa_agreement_hansen20_gte_8":31.017831386838438,"fa_agreement_hansen30_gte_1":7448.306166743308,"fa_agreement_hansen30_gte_2":3816.2653758916526,"fa_agreement_hansen30_gte_3":2271.396835791895,"fa_agreement_hansen30_gte_4":1528.3959955593793,"fa_agreement_hansen30_gte_5":1047.7309211849933,"fa_agreement_hansen30_gte_6":658.0873812824954,"fa_agreement_hansen30_gte_7":319.93689544676,"fa_agreement_hansen30_gte_8":30.26774857704313,"fa_copernicus":1832.3785095484832,"fa_esa_2009":784.5924822686891,"fa_esa_2020":3037.736069493835,"fa_esri":907.3885400376178,"fa_globeland":73.62634329834032,"fa_hansen10":2000.3099556454229,"fa_hansen20":1694.4794474093655,"fa_hansen30":1465.8215128267248,"fa_jaxa":4721.6469783993525,"fa_tandemx":2911.401024562461,"fa_jrc_2020":1800.6130825294676,"fra_1a_forestArea":0.6000000238418579,"fra_1a_landArea":12.0,"fra_3b_protected":null,"iso3":"JEY","total_area_ha":11948.416432928858,"year":2020,"fa_copernicus_protected":671.8749047455378,"fa_esa_2009_protected":216.30646752170915,"fa_esa_2020_protected":715.9088682485658,"fa_esri_protected":413.06056138844366,"fa_globeland_protected":73.62634329834032,"fa_hansen10_protected":697.608679095731,"fa_hansen20_protected":640.1373889479773,"fa_hansen30_protected":575.214295925444,"fa_jaxa_protected":800.8145123030969,"fa_tandemx_protected":558.8267396310493,"fa_jrc_2020_protected":863.1177489762091,"ba_MODIS_2001":0.0,"ba_MODIS_2002":0.0,"ba_MODIS_2003":0.0,"ba_MODIS_2004":0.0,"ba_MODIS_2005":0.0,"ba_MODIS_2006":0.0,"ba_MODIS_2007":0.0,"ba_MODIS_2008":0.0,"ba_MODIS_2009":0.0,"ba_MODIS_2010":0.0,"ba_MODIS_2011":0.0,"ba_MODIS_2012":0.0,"ba_MODIS_2013":0.0,"ba_MODIS_2014":0.0,"ba_MODIS_2015":0.0,"ba_MODIS_2016":0.0,"ba_MODIS_2017":0.0,"ba_MODIS_2018":0.0,"ba_MODIS_2019":0.0,"ba_MODIS_2020":0.0,"ba_MODIS_2021":0.0,"ba_MODIS_2022":0.0,"ba_MODIS_2001_Hansen10":0.0,"ba_MODIS_2002_Hansen10":0.0,"ba_MODIS_2003_Hansen10":0.0,"ba_MODIS_2004_Hansen10":0.0,"ba_MODIS_2005_Hansen10":0.0,"ba_MODIS_2006_Hansen10":0.0,"ba_MODIS_2007_Hansen10":0.0,"ba_MODIS_2008_Hansen10":0.0,"ba_MODIS_2009_Hansen10":0.0,"ba_MODIS_2010_Hansen10":0.0,"ba_MODIS_2011_Hansen10":0.0,"ba_MODIS_2012_Hansen10":0.0,"ba_MODIS_2013_Hansen10":0.0,"ba_MODIS_2014_Hansen10":0.0,"ba_MODIS_2015_Hansen10":0.0,"ba_MODIS_2016_Hansen10":0.0,"ba_MODIS_2017_Hansen10":0.0,"ba_MODIS_2018_Hansen10":0.0,"ba_MODIS_2019_Hansen10":0.0,"ba_MODIS_2020_Hansen10":0.0,"ba_MODIS_2021_Hansen10":0.0,"ba_MODIS_2022_Hansen10":0.0}},{"type":"Feature","geometry":{"type":"MultiPoint","coordinates":[]},"properties":{"fa_agreement_esri_esa_glo_hansen10_gte_1":2978.3141931020723,"fa_agreement_esri_esa_glo_hansen10_gte_2":1266.0000561533573,"fa_agreement_esri_esa_glo_hansen10_gte_3":286.72058628990146,"fa_agreement_esri_esa_glo_hansen10_gte_4":0.0,"fa_agreement_esri_esa_gte_1":2172.039378931787,"fa_agreement_esri_esa_gte_2":331.2038870526879,"fa_agreement_hansen10_gte_1":5345.58225193748,"fa_agreement_hansen10_gte_2":3281.808387888861,"fa_agreement_hansen10_gte_3":2036.601298259294,"fa_agreement_hansen10_gte_4":1216.2226512913353,"fa_agreement_hansen10_gte_5":638.9877358721816,"fa_agreement_hansen10_gte_6":289.7806613018925,"fa_agreement_hansen10_gte_7":101.6622914745377,"fa_agreement_hansen10_gte_8":6.489339164488545,"fa_agreement_hansen30_gte_9":0.0,"fa_agreement_hansen20_gte_1":5283.318089745635,"fa_agreement_hansen20_gte_2":3201.6612497151173,"fa_agreement_hansen20_gte_3":1964.6001721503058,"fa_agreement_hansen20_gte_4":1165.7560734705057,"fa_agreement_hansen20_gte_5":616.1945251341633,"fa_agreement_hansen20_gte_6":284.8744458502562,"fa_agreement_hansen20_gte_7":100.89120500469147,"fa_agreement_hansen20_gte_8":6.489339164488545,"fa_agreement_hansen30_gte_1":5303.64494851679,"fa_agreement_hansen30_gte_2":3134.1764474584816,"fa_agreement_hansen30_gte_3":1887.3281482082612,"fa_agreement_hansen30_gte_4":1104.381113419354,"fa_agreement_hansen30_gte_5":586.2077005651009,"fa_agreement_hansen30_gte_6":277.7622088230273,"fa_agreement_hansen30_gte_7":99.55838144538444,"fa_agreement_hansen30_gte_8":6.430743967955342,"fa_copernicus":2141.8214568451426,"fa_esa_2009":526.2862534865195,"fa_esa_2020":2111.683008086985,"fa_esri":392.8705187198852,"fa_globeland":6.556680651855471,"fa_hansen10":2021.083475019844,"fa_hansen20":1721.5436552300082,"fa_hansen30":1425.7921531268298,"fa_jaxa":3331.299751181259,"fa_tandemx":1635.5547678114963,"fa_jrc_2020":1062.812056183406,"fra_1a_forestArea":0.41999998688697815,"fra_1a_landArea":8.0,"fra_3b_protected":null,"iso3":"GGY","total_area_ha":7985.96727576083,"year":2020,"fa_copernicus_protected":52.52315614032819,"fa_esa_2009_protected":1.5776286219458484,"fa_esa_2020_protected":35.91204962780525,"fa_esri_protected":35.580798631974794,"fa_globeland_protected":0.0,"fa_hansen10_protected":50.18042426236022,"fa_hansen20_protected":47.41713591777724,"fa_hansen30_protected":41.94194286726413,"fa_jaxa_protected":19.988771139969163,"fa_tandemx_protected":30.292786422765424,"fa_jrc_2020_protected":56.14060968297629,"ba_MODIS_2001":0.0,"ba_MODIS_2002":0.0,"ba_MODIS_2003":0.0,"ba_MODIS_2004":0.0,"ba_MODIS_2005":42.768432996323526,"ba_MODIS_2006":0.0,"ba_MODIS_2007":0.0,"ba_MODIS_2008":0.0,"ba_MODIS_2009":0.0,"ba_MODIS_2010":0.0,"ba_MODIS_2011":0.0,"ba_MODIS_2012":0.0,"ba_MODIS_2013":0.0,"ba_MODIS_2014":0.0,"ba_MODIS_2015":0.0,"ba_MODIS_2016":0.0,"ba_MODIS_2017":0.0,"ba_MODIS_2018":0.0,"ba_MODIS_2019":0.0,"ba_MODIS_2020":0.0,"ba_MODIS_2021":0.0,"ba_MODIS_2022":0.0,"ba_MODIS_2001_Hansen10":0.0,"ba_MODIS_2002_Hansen10":0.0,"ba_MODIS_2003_Hansen10":0.0,"ba_MODIS_2004_Hansen10":0.0,"ba_MODIS_2005_Hansen10":14.020756298852053,"ba_MODIS_2006_Hansen10":0.0,"ba_MODIS_2007_Hansen10":0.0,"ba_MODIS_2008_Hansen10":0.0,"ba_MODIS_2009_Hansen10":0.0,"ba_MODIS_2010_Hansen10":0.0,"ba_MODIS_2011_Hansen10":0.0,"ba_MODIS_2012_Hansen10":0.0,"ba_MODIS_2013_Hansen10":0.0,"ba_MODIS_2014_Hansen10":0.0,"ba_MODIS_2015_Hansen10":0.0,"ba_MODIS_2016_Hansen10":0.0,"ba_MODIS_2017_Hansen10":0.0,"ba_MODIS_2018_Hansen10":0.0,"ba_MODIS_2019_Hansen10":0.0,"ba_MODIS_2020_Hansen10":0.0,"ba_MODIS_2021_Hansen10":0.0,"ba_MODIS_2022_Hansen10":0.0}},{"type":"Feature","geometry":{"type":"MultiPoint","coordinates":[]},"properties":{"fa_agreement_esri_esa_glo_hansen10_gte_1":2551.506538683576,"fa_agreement_esri_esa_glo_hansen10_gte_2":1391.7408138335481,"fa_agreement_esri_esa_glo_hansen10_gte_3":844.9079966370057,"fa_agreement_esri_esa_glo_hansen10_gte_4":427.6845833054976,"fa_agreement_esri_esa_gte_1":2246.7552735606655,"fa_agreement_esri_esa_gte_2":839.7950200011603,"fa_agreement_hansen10_gte_1":4070.708973611271,"fa_agreement_hansen10_gte_2":2461.061848132646,"fa_agreement_hansen10_gte_3":1730.9884175870857,"fa_agreement_hansen10_gte_4":1301.2030971300123,"fa_agreement_hansen10_gte_5":945.2448827622761,"fa_agreement_hansen10_gte_6":637.6390639533001,"fa_agreement_hansen10_gte_7":380.5887821815876,"fa_agreement_hansen10_gte_8":185.70658032923177,"fa_agreement_hansen30_gte_9":62.39365628978035,"fa_agreement_hansen20_gte_1":4065.3306780546236,"fa_agreement_hansen20_gte_2":2448.8799965690328,"fa_agreement_hansen20_gte_3":1713.652113319767,"fa_agreement_hansen20_gte_4":1279.3060967991037,"fa_agreement_hansen20_gte_5":926.865589408787,"fa_agreement_hansen20_gte_6":627.1562917702735,"fa_agreement_hansen20_gte_7":377.0107065780817,"fa_agreement_hansen20_gte_8":184.70997368817592,"fa_agreement_hansen30_gte_1":4200.630240860508,"fa_agreement_hansen30_gte_2":2434.3460483517338,"fa_agreement_hansen30_gte_3":1684.4110614392437,"fa_agreement_hansen30_gte_4":1239.0381136028607,"fa_agreement_hansen30_gte_5":886.1653103702695,"fa_agreement_hansen30_gte_6":602.7732024313013,"fa_agreement_hansen30_gte_7":367.02944072485866,"fa_agreement_hansen30_gte_8":182.69259402564046,"fa_copernicus":307.31515372395785,"fa_esa_2009":277.57879388480376,"fa_esa_2020":2188.837623274764,"fa_esri":899.8280778287212,"fa_globeland":986.9807398806391,"fa_hansen10":1135.4784715031706,"fa_hansen20":1034.6674022153502,"fa_hansen30":859.6957890231356,"fa_jaxa":3190.2772232765806,"fa_tandemx":1521.1428050670181,"fa_jrc_2020":1695.219468448564,"fra_1a_forestArea":1.0,"fra_1a_landArea":6.0,"fra_3b_protected":null,"iso3":"SMR","total_area_ha":6081.81598513313,"year":2020,"fa_copernicus_protected":0.0,"fa_esa_2009_protected":0.0,"fa_esa_2020_protected":0.0,"fa_esri_protected":0.0,"fa_globeland_protected":0.0,"fa_hansen10_protected":0.0,"fa_hansen20_protected":0.0,"fa_hansen30_protected":0.0,"fa_jaxa_protected":0.0,"fa_tandemx_protected":0.0,"fa_jrc_2020_protected":0.0,"ba_MODIS_2001":0.0,"ba_MODIS_2002":0.0,"ba_MODIS_2003":0.0,"ba_MODIS_2004":0.0,"ba_MODIS_2005":0.0,"ba_MODIS_2006":0.0,"ba_MODIS_2007":0.0,"ba_MODIS_2008":0.0,"ba_MODIS_2009":0.0,"ba_MODIS_2010":0.0,"ba_MODIS_2011":0.0,"ba_MODIS_2012":0.0,"ba_MODIS_2013":0.0,"ba_MODIS_2014":0.0,"ba_MODIS_2015":0.0,"ba_MODIS_2016":0.0,"ba_MODIS_2017":0.0,"ba_MODIS_2018":0.0,"ba_MODIS_2019":0.0,"ba_MODIS_2020":0.0,"ba_MODIS_2021":0.0,"ba_MODIS_2022":0.0,"ba_MODIS_2001_Hansen10":0.0,"ba_MODIS_2002_Hansen10":0.0,"ba_MODIS_2003_Hansen10":0.0,"ba_MODIS_2004_Hansen10":0.0,"ba_MODIS_2005_Hansen10":0.0,"ba_MODIS_2006_Hansen10":0.0,"ba_MODIS_2007_Hansen10":0.0,"ba_MODIS_2008_Hansen10":0.0,"ba_MODIS_2009_Hansen10":0.0,"ba_MODIS_2010_Hansen10":0.0,"ba_MODIS_2011_Hansen10":0.0,"ba_MODIS_2012_Hansen10":0.0,"ba_MODIS_2013_Hansen10":0.0,"ba_MODIS_2014_Hansen10":0.0,"ba_MODIS_2015_Hansen10":0.0,"ba_MODIS_2016_Hansen10":0.0,"ba_MODIS_2017_Hansen10":0.0,"ba_MODIS_2018_Hansen10":0.0,"ba_MODIS_2019_Hansen10":0.0,"ba_MODIS_2020_Hansen10":0.0,"ba_MODIS_2021_Hansen10":0.0,"ba_MODIS_2022_Hansen10":0.0}},{"type":"Feature","geometry":{"type":"MultiPoint","coordinates":[]},"properties":{"fa_agreement_esri_esa_glo_hansen10_gte_1":11386.001869522699,"fa_agreement_esri_esa_glo_hansen10_gte_2":8527.75377961015,"fa_agreement_esri_esa_glo_hansen10_gte_3":6797.592844535859,"fa_agreement_esri_esa_glo_hansen10_gte_4":4671.42137518814,"fa_agreement_esri_esa_gte_1":9449.983076448176,"fa_agreement_esri_esa_gte_2":6750.42287829004,"fa_agreement_hansen10_gte_1":13962.976396317412,"fa_agreement_hansen10_gte_2":11623.201508897906,"fa_agreement_hansen10_gte_3":9825.346871289998,"fa_agreement_hansen10_gte_4":8652.021353793516,"fa_agreement_hansen10_gte_5":7710.882914406679,"fa_agreement_hansen10_gte_6":6721.863675649441,"fa_agreement_hansen10_gte_7":5527.417829411983,"fa_agreement_hansen10_gte_8":3851.817972205036,"fa_agreement_hansen30_gte_9":827.1253024876625,"fa_agreement_hansen20_gte_1":13860.96229475328,"fa_agreement_hansen20_gte_2":11487.474359512416,"fa_agreement_hansen20_gte_3":9712.051849786229,"fa_agreement_hansen20_gte_4":8582.05898474633,"fa_agreement_hansen20_gte_5":7674.758318604244,"fa_agreement_hansen20_gte_6":6701.7957885619835,"fa_agreement_hansen20_gte_7":5515.023624226903,"fa_agreement_hansen20_gte_8":3843.074583163994,"fa_agreement_hansen30_gte_1":14142.638700815072,"fa_agreement_hansen30_gte_2":11401.463199675125,"fa_agreement_hansen30_gte_3":9633.707105832604,"fa_agreement_hansen30_gte_4":8521.704011418688,"fa_agreement_hansen30_gte_5":7643.07216529574,"fa_agreement_hansen30_gte_6":6680.386526852743,"fa_agreement_hansen30_gte_7":5501.953601287262,"fa_agreement_hansen30_gte_8":3836.575710314488,"fa_copernicus":6543.743587416325,"fa_esa_2009":10014.6169088649,"fa_esa_2020":8413.737777819153,"fa_esri":7788.017013593583,"fa_globeland":5479.96586812799,"fa_hansen10":9695.547065897288,"fa_hansen20":9180.078264483047,"fa_hansen30":8815.906519338923,"fa_jaxa":4867.548473037069,"fa_tandemx":8746.177270914202,"fa_jrc_2020":8358.100413101345,"fra_1a_forestArea":6.699999809265137,"fra_1a_landArea":16.0,"fra_3b_protected":1.75,"iso3":"LIE","total_area_ha":15955.825806845329,"year":2020,"fa_copernicus_protected":1254.7257715985563,"fa_esa_2009_protected":1705.60482076154,"fa_esa_2020_protected":1611.7192133652338,"fa_esri_protected":1614.0797082564018,"fa_globeland_protected":1133.8011671642992,"fa_hansen10_protected":1594.857264007553,"fa_hansen20_protected":1562.0543266636942,"fa_hansen30_protected":1536.1815940035976,"fa_jaxa_protected":417.6919333317045,"fa_tandemx_protected":1578.3845854339706,"fa_jrc_2020_protected":1706.4307779714422,"ba_MODIS_2001":0.0,"ba_MODIS_2002":0.0,"ba_MODIS_2003":0.0,"ba_MODIS_2004":0.0,"ba_MODIS_2005":0.0,"ba_MODIS_2006":0.0,"ba_MODIS_2007":0.0,"ba_MODIS_2008":0.0,"ba_MODIS_2009":0.0,"ba_MODIS_2010":0.0,"ba_MODIS_2011":0.0,"ba_MODIS_2012":0.0,"ba_MODIS_2013":0.0,"ba_MODIS_2014":0.0,"ba_MODIS_2015":0.0,"ba_MODIS_2016":0.0,"ba_MODIS_2017":0.0,"ba_MODIS_2018":0.0,"ba_MODIS_2019":0.0,"ba_MODIS_2020":0.0,"ba_MODIS_2021":0.0,"ba_MODIS_2022":0.0,"ba_MODIS_2001_Hansen10":0.0,"ba_MODIS_2002_Hansen10":0.0,"ba_MODIS_2003_Hansen10":0.0,"ba_MODIS_2004_Hansen10":0.0,"ba_MODIS_2005_Hansen10":0.0,"ba_MODIS_2006_Hansen10":0.0,"ba_MODIS_2007_Hansen10":0.0,"ba_MODIS_2008_Hansen10":0.0,"ba_MODIS_2009_Hansen10":0.0,"ba_MODIS_2010_Hansen10":0.0,"ba_MODIS_2011_Hansen10":0.0,"ba_MODIS_2012_Hansen10":0.0,"ba_MODIS_2013_Hansen10":0.0,"ba_MODIS_2014_Hansen10":0.0,"ba_MODIS_2015_Hansen10":0.0,"ba_MODIS_2016_Hansen10":0.0,"ba_MODIS_2017_Hansen10":0.0,"ba_MODIS_2018_Hansen10":0.0,"ba_MODIS_2019_Hansen10":0.0,"ba_MODIS_2020_Hansen10":0.0,"ba_MODIS_2021_Hansen10":0.0,"ba_MODIS_2022_Hansen10":0.0}},{"type":"Feature","geometry":{"type":"MultiPoint","coordinates":[]},"properties":{"fa_agreement_esri_esa_glo_hansen10_gte_1":303011.8635906391,"fa_agreement_esri_esa_glo_hansen10_gte_2":192406.33234213098,"fa_agreement_esri_esa_glo_hansen10_gte_3":125000.48225214431,"fa_agreement_esri_esa_glo_hansen10_gte_4":64693.077934899506,"fa_agreement_esri_esa_gte_1":210649.92664034336,"fa_agreement_esri_esa_gte_2":85868.57691767589,"fa_agreement_hansen10_gte_1":358171.85013919603,"fa_agreement_hansen10_gte_2":266039.97852896695,"fa_agreement_hansen10_gte_3":221688.19308471674,"fa_agreement_hansen10_gte_4":189718.93379915252,"fa_agreement_hansen10_gte_5":162928.26543967827,"fa_agreement_hansen10_gte_6":137254.07141866485,"fa_agreement_hansen10_gte_7":111589.88847186115,"fa_agreement_hansen10_gte_8":80904.25628254384,"fa_agreement_hansen30_gte_9":37108.62225804223,"fa_agreement_hansen20_gte_1":354285.365315389,"fa_agreement_hansen20_gte_2":262571.45987305813,"fa_agreement_hansen20_gte_3":217750.93485263988,"fa_agreement_hansen20_gte_4":185648.37088732,"fa_agreement_hansen20_gte_5":159166.99795228324,"fa_agreement_hansen20_gte_6":133859.98653252653,"fa_agreement_hansen20_gte_7":108852.88539221711,"fa_agreement_hansen20_gte_8":78724.64549061461,"fa_agreement_hansen30_gte_1":355357.5963811747,"fa_agreement_hansen30_gte_2":260800.097340586,"fa_agreement_hansen30_gte_3":214477.15350946147,"fa_agreement_hansen30_gte_4":181178.26514963555,"fa_agreement_hansen30_gte_5":153375.5788676336,"fa_agreement_hansen30_gte_6":126622.0619947233,"fa_agreement_hansen30_gte_7":100277.1397163156,"fa_agreement_hansen30_gte_8":68965.16198698046,"fa_copernicus":180479.43240879558,"fa_esa_2009":147816.65541267447,"fa_esa_2020":198754.8264989281,"fa_esri":97745.06760976408,"fa_globeland":210753.3458119811,"fa_hansen10":177527.23263515858,"fa_hansen20":147773.84257893125,"fa_hansen30":99207.8644546662,"fa_jaxa":231454.4836017863,"fa_tandemx":141168.98089730195,"fa_jrc_2020":225293.81994976528,"fra_1a_forestArea":172.52999877929688,"fra_1a_landArea":924.0,"fra_3b_protected":17.350000381469727,"iso3":"CYP","total_area_ha":899282.9946650087,"year":2020,"fa_copernicus_protected":102517.63136999035,"fa_esa_2009_protected":90232.29383659817,"fa_esa_2020_protected":88593.13908345948,"fa_esri_protected":47677.451636618585,"fa_globeland_protected":115974.87782000304,"fa_hansen10_protected":93613.91340541132,"fa_hansen20_protected":82607.32044132406,"fa_hansen30_protected":60005.517745840545,"fa_jaxa_protected":107581.3856373479,"fa_tandemx_protected":81277.28092775306,"fa_jrc_2020_protected":107366.77568251331,"ba_MODIS_2001":470.710396875,"ba_MODIS_2002":1575.0744703125004,"ba_MODIS_2003":3550.179454687499,"ba_MODIS_2004":1387.6251515624997,"ba_MODIS_2005":3720.206743382351,"ba_MODIS_2006":0.0,"ba_MODIS_2007":2538.353874999999,"ba_MODIS_2008":1699.407075000001,"ba_MODIS_2009":0.0,"ba_MODIS_2010":960.5294546875004,"ba_MODIS_2011":1145.3940328125007,"ba_MODIS_2012":2005.7658984374996,"ba_MODIS_2013":2087.5472703124988,"ba_MODIS_2014":430.00768750000003,"ba_MODIS_2015":551.5760281249998,"ba_MODIS_2016":2226.613210937501,"ba_MODIS_2017":0.0,"ba_MODIS_2018":0.0,"ba_MODIS_2019":40.865115625,"ba_MODIS_2020":1368.3987375,"ba_MODIS_2021":5545.429720312508,"ba_MODIS_2022":0.0,"ba_MODIS_2001_Hansen10":42.844773846435544,"ba_MODIS_2002_Hansen10":19.028712158203124,"ba_MODIS_2003_Hansen10":0.22044935302734375,"ba_MODIS_2004_Hansen10":0.0,"ba_MODIS_2005_Hansen10":28.712380529785158,"ba_MODIS_2006_Hansen10":0.0,"ba_MODIS_2007_Hansen10":604.6943832641645,"ba_MODIS_2008_Hansen10":750.5445684692447,"ba_MODIS_2009_Hansen10":0.0,"ba_MODIS_2010_Hansen10":29.619450396728517,"ba_MODIS_2011_Hansen10":3.9111030029296874,"ba_MODIS_2012_Hansen10":63.22803043823244,"ba_MODIS_2013_Hansen10":104.44884175415065,"ba_MODIS_2014_Hansen10":31.698668109130875,"ba_MODIS_2015_Hansen10":14.211210113525391,"ba_MODIS_2016_Hansen10":1438.0265194885362,"ba_MODIS_2017_Hansen10":0.0,"ba_MODIS_2018_Hansen10":0.0,"ba_MODIS_2019_Hansen10":46.41433126220708,"ba_MODIS_2020_Hansen10":182.08154425659131,"ba_MODIS_2021_Hansen10":1763.708325372326,"ba_MODIS_2022_Hansen10":0.0}},{"type":"Feature","geometry":{"type":"MultiPoint","coordinates":[]},"properties":{"fa_agreement_esri_esa_glo_hansen10_gte_1":4304289.259398931,"fa_agreement_esri_esa_glo_hansen10_gte_2":3600263.190048929,"fa_agreement_esri_esa_glo_hansen10_gte_3":3148455.248552012,"fa_agreement_esri_esa_glo_hansen10_gte_4":2608907.124731359,"fa_agreement_esri_esa_gte_1":3856717.054782425,"fa_agreement_esri_esa_gte_2":3213543.480978066,"fa_agreement_hansen10_gte_1":4925187.866707335,"fa_agreement_hansen10_gte_2":4166756.9293845505,"fa_agreement_hansen10_gte_3":3795087.8356016087,"fa_agreement_hansen10_gte_4":3552243.526456982,"fa_agreement_hansen10_gte_5":3334406.618800044,"fa_agreement_hansen10_gte_6":3100026.67727899,"fa_agreement_hansen10_gte_7":2780209.3183330097,"fa_agreement_hansen10_gte_8":2252501.3417697027,"fa_agreement_hansen30_gte_9":1215728.5671142475,"fa_agreement_hansen20_gte_1":4914855.147248985,"fa_agreement_hansen20_gte_2":4155108.455194718,"fa_agreement_hansen20_gte_3":3782025.0698081227,"fa_agreement_hansen20_gte_4":3539308.881238613,"fa_agreement_hansen20_gte_5":3321644.8204393853,"fa_agreement_hansen20_gte_6":3085231.098630096,"fa_agreement_hansen20_gte_7":2765253.3445072733,"fa_agreement_hansen20_gte_8":2241911.352325459,"fa_agreement_hansen30_gte_1":4985510.782708423,"fa_agreement_hansen30_gte_2":4142687.957879513,"fa_agreement_hansen30_gte_3":3765030.8385535395,"fa_agreement_hansen30_gte_4":3523184.8975233873,"fa_agreement_hansen30_gte_5":3308168.4508013465,"fa_agreement_hansen30_gte_6":3071987.995434037,"fa_agreement_hansen30_gte_7":2752978.2554921475,"fa_agreement_hansen30_gte_8":2232842.8070626315,"fa_copernicus":2797402.584535121,"fa_esa_2009":2873723.69762848,"fa_esa_2020":3619346.082796095,"fa_esri":3450940.5547105274,"fa_globeland":3222124.49732847,"fa_hansen10":3364642.4431933453,"fa_hansen20":3254102.2078382936,"fa_hansen30":3141763.2007107083,"fa_jaxa":3508482.6679818947,"fa_tandemx":2932477.644863046,"fa_jrc_2020":3645678.6391066955,"fra_1a_forestArea":2822.39990234375,"fra_1a_landArea":6949.0,"fra_3b_protected":315.8599853515625,"iso3":"GEO","total_area_ha":6957066.51771463,"year":2020,"fa_copernicus_protected":248480.85984604643,"fa_esa_2009_protected":276198.0461423159,"fa_esa_2020_protected":303219.41514203115,"fa_esri_protected":317377.21443639934,"fa_globeland_protected":340504.4761318664,"fa_hansen10_protected":333552.16246854496,"fa_hansen20_protected":326819.8149312986,"fa_hansen30_protected":318685.43468110566,"fa_jaxa_protected":265441.0615973311,"fa_tandemx_protected":319960.5148608194,"fa_jrc_2020_protected":343662.9533101286,"ba_MODIS_2001":45571.91146962597,"ba_MODIS_2002":2703.5919484375,"ba_MODIS_2003":7641.183091580881,"ba_MODIS_2004":17905.86450378673,"ba_MODIS_2005":30578.869620404334,"ba_MODIS_2006":31258.746567892165,"ba_MODIS_2007":12121.274773272067,"ba_MODIS_2008":10501.515160667894,"ba_MODIS_2009":1693.2839140624997,"ba_MODIS_2010":32636.875613370008,"ba_MODIS_2011":8360.201650459556,"ba_MODIS_2012":4387.887875134805,"ba_MODIS_2013":6800.40427163603,"ba_MODIS_2014":4505.100076856621,"ba_MODIS_2015":48880.35960841889,"ba_MODIS_2016":27588.52498560035,"ba_MODIS_2017":22558.704518664188,"ba_MODIS_2018":14049.676571636031,"ba_MODIS_2019":46346.158243743754,"ba_MODIS_2020":27155.945305796515,"ba_MODIS_2021":11948.22529531252,"ba_MODIS_2022":111.16734375,"ba_MODIS_2001_Hansen10":664.7959745822996,"ba_MODIS_2002_Hansen10":493.97951770629606,"ba_MODIS_2003_Hansen10":1313.8940273351752,"ba_MODIS_2004_Hansen10":1753.1253848897124,"ba_MODIS_2005_Hansen10":2920.367568778362,"ba_MODIS_2006_Hansen10":1845.9075775683116,"ba_MODIS_2007_Hansen10":1439.297306831474,"ba_MODIS_2008_Hansen10":1391.353753242518,"ba_MODIS_2009_Hansen10":720.654100250242,"ba_MODIS_2010_Hansen10":4978.660908548515,"ba_MODIS_2011_Hansen10":169.61746345597834,"ba_MODIS_2012_Hansen10":297.40697600516523,"ba_MODIS_2013_Hansen10":1943.2813008453197,"ba_MODIS_2014_Hansen10":1741.7503257070202,"ba_MODIS_2015_Hansen10":4749.21363125466,"ba_MODIS_2016_Hansen10":1903.327370074504,"ba_MODIS_2017_Hansen10":2574.144292065081,"ba_MODIS_2018_Hansen10":88.92011719324451,"ba_MODIS_2019_Hansen10":7297.770553539916,"ba_MODIS_2020_Hansen10":5354.228184453754,"ba_MODIS_2021_Hansen10":630.6842404235862,"ba_MODIS_2022_Hansen10":105.98933795776496}},{"type":"Feature","geometry":{"type":"MultiPoint","coordinates":[]},"properties":{"fa_agreement_esri_esa_glo_hansen10_gte_1":738825.0445538256,"fa_agreement_esri_esa_glo_hansen10_gte_2":470953.3082793352,"fa_agreement_esri_esa_glo_hansen10_gte_3":348435.7841112763,"fa_agreement_esri_esa_glo_hansen10_gte_4":219493.37077221315,"fa_agreement_esri_esa_gte_1":674994.6911900468,"fa_agreement_esri_esa_gte_2":388240.52250565327,"fa_agreement_hansen10_gte_1":899338.3219502664,"fa_agreement_hansen10_gte_2":609002.2005052334,"fa_agreement_hansen10_gte_3":473892.1654562557,"fa_agreement_hansen10_gte_4":395719.2580413152,"fa_agreement_hansen10_gte_5":337053.3748647542,"fa_agreement_hansen10_gte_6":285971.3347898343,"fa_agreement_hansen10_gte_7":235988.5647875463,"fa_agreement_hansen10_gte_8":177164.62304820356,"fa_agreement_hansen30_gte_9":103362.88951884845,"fa_agreement_hansen20_gte_1":884320.4362244374,"fa_agreement_hansen20_gte_2":598965.7467657925,"fa_agreement_hansen20_gte_3":464027.78507739026,"fa_agreement_hansen20_gte_4":390338.97941846383,"fa_agreement_hansen20_gte_5":334266.01789749047,"fa_agreement_hansen20_gte_6":284458.7143578362,"fa_agreement_hansen20_gte_7":235271.45314092338,"fa_agreement_hansen20_gte_8":176923.76008436256,"fa_agreement_hansen30_gte_1":882526.6910736747,"fa_agreement_hansen30_gte_2":591048.1944616411,"fa_agreement_hansen30_gte_3":452873.8251540748,"fa_agreement_hansen30_gte_4":382458.3853254423,"fa_agreement_hansen30_gte_5":329852.7796758417,"fa_agreement_hansen30_gte_6":282055.1075005381,"fa_agreement_hansen30_gte_7":234123.7380556476,"fa_agreement_hansen30_gte_8":176534.7561293163,"fa_copernicus":231451.59791580113,"fa_esa_2009":228571.1920288785,"fa_esa_2020":649464.3203551848,"fa_esri":413784.1331973081,"fa_globeland":266413.5936775198,"fa_hansen10":447287.91835752333,"fa_hansen20":399992.56523424643,"fa_hansen30":353867.6687285212,"fa_jaxa":517540.0337825938,"fa_tandemx":319978.3459218437,"fa_jrc_2020":491987.3352567793,"fra_1a_forestArea":386.5,"fra_1a_landArea":3288.0,"fra_3b_protected":75.8499984741211,"iso3":"MDA","total_area_ha":3376119.8761143023,"year":2020,"fa_copernicus_protected":111858.66961517233,"fa_esa_2009_protected":103478.40600547654,"fa_esa_2020_protected":160156.73751476477,"fa_esri_protected":147226.73464533495,"fa_globeland_protected":118546.32328050106,"fa_hansen10_protected":145360.43561476812,"fa_hansen20_protected":141280.59603321512,"fa_hansen30_protected":136624.57537786016,"fa_jaxa_protected":142955.32835976448,"fa_tandemx_protected":124453.1763960235,"fa_jrc_2020_protected":160068.68411761906,"ba_MODIS_2001":82008.50784661734,"ba_MODIS_2002":12418.839322175265,"ba_MODIS_2003":993.2267460477946,"ba_MODIS_2004":17502.440662567362,"ba_MODIS_2005":35258.8595919852,"ba_MODIS_2006":36180.11339307594,"ba_MODIS_2007":34481.58820617638,"ba_MODIS_2008":128524.27789756171,"ba_MODIS_2009":24534.75666937505,"ba_MODIS_2010":37754.05734442423,"ba_MODIS_2011":37131.75542289245,"ba_MODIS_2012":9803.934025355396,"ba_MODIS_2013":37192.22223478551,"ba_MODIS_2014":67839.41269607285,"ba_MODIS_2015":38034.26776196086,"ba_MODIS_2016":59473.26167798422,"ba_MODIS_2017":32252.0449997673,"ba_MODIS_2018":13166.090155275759,"ba_MODIS_2019":13967.299671476721,"ba_MODIS_2020":3241.350998406862,"ba_MODIS_2021":21594.377899883577,"ba_MODIS_2022":1134.4946140625002,"ba_MODIS_2001_Hansen10":1866.7979367674584,"ba_MODIS_2002_Hansen10":399.5113558333105,"ba_MODIS_2003_Hansen10":144.8507907692586,"ba_MODIS_2004_Hansen10":450.10212941365575,"ba_MODIS_2005_Hansen10":1214.887866315014,"ba_MODIS_2006_Hansen10":1482.8973153326535,"ba_MODIS_2007_Hansen10":2340.637000740003,"ba_MODIS_2008_Hansen10":2866.71643292768,"ba_MODIS_2009_Hansen10":766.078786513002,"ba_MODIS_2010_Hansen10":2189.8723431645476,"ba_MODIS_2011_Hansen10":3446.0946402191084,"ba_MODIS_2012_Hansen10":1005.8216139031622,"ba_MODIS_2013_Hansen10":2721.5556880414215,"ba_MODIS_2014_Hansen10":6730.912916575715,"ba_MODIS_2015_Hansen10":1806.1229499490544,"ba_MODIS_2016_Hansen10":1930.9537297873117,"ba_MODIS_2017_Hansen10":1118.7335714080957,"ba_MODIS_2018_Hansen10":1332.5632197157977,"ba_MODIS_2019_Hansen10":1661.3310789455272,"ba_MODIS_2020_Hansen10":528.9720966272652,"ba_MODIS_2021_Hansen10":1137.3590498528222,"ba_MODIS_2022_Hansen10":144.24294958496088}},{"type":"Feature","geometry":{"type":"MultiPoint","coordinates":[]},"properties":{"fa_agreement_esri_esa_glo_hansen10_gte_1":1845577.9364322133,"fa_agreement_esri_esa_glo_hansen10_gte_2":1199497.700736147,"fa_agreement_esri_esa_glo_hansen10_gte_3":823145.2385911685,"fa_agreement_esri_esa_glo_hansen10_gte_4":434505.30555680714,"fa_agreement_esri_esa_gte_1":1344165.0793478244,"fa_agreement_esri_esa_gte_2":673053.5683505263,"fa_agreement_hansen10_gte_1":2079627.85621499,"fa_agreement_hansen10_gte_2":1677594.535995961,"fa_agreement_hansen10_gte_3":1397169.405442327,"fa_agreement_hansen10_gte_4":1177127.9460255676,"fa_agreement_hansen10_gte_5":960923.4713449416,"fa_agreement_hansen10_gte_6":744822.3087846187,"fa_agreement_hansen10_gte_7":520420.8536836681,"fa_agreement_hansen10_gte_8":291012.8299568202,"fa_agreement_hansen30_gte_9":87257.1500361947,"fa_agreement_hansen20_gte_1":2077483.7640311576,"fa_agreement_hansen20_gte_2":1673341.3047985993,"fa_agreement_hansen20_gte_3":1389553.9837192448,"fa_agreement_hansen20_gte_4":1165509.4285155414,"fa_agreement_hansen20_gte_5":944459.5399951929,"fa_agreement_hansen20_gte_6":726668.1166068639,"fa_agreement_hansen20_gte_7":505746.1161627743,"fa_agreement_hansen20_gte_8":282602.862948674,"fa_agreement_hansen30_gte_1":2130285.90674174,"fa_agreement_hansen30_gte_2":1669810.4637868665,"fa_agreement_hansen30_gte_3":1382388.5048431451,"fa_agreement_hansen30_gte_4":1152621.8194671262,"fa_agreement_hansen30_gte_5":924466.0676680368,"fa_agreement_hansen30_gte_6":703175.0930250302,"fa_agreement_hansen30_gte_7":486646.7100504238,"fa_agreement_hansen30_gte_8":271328.55343007087,"fa_copernicus":566839.7815842357,"fa_esa_2009":670287.5946584622,"fa_esa_2020":1283724.7293603718,"fa_esri":733465.693326102,"fa_globeland":1467520.8898092106,"fa_hansen10":813459.8280028275,"fa_hansen20":724324.6122168637,"fa_hansen30":618197.7392332592,"fa_jaxa":1545907.6742282894,"fa_tandemx":682149.5057036714,"fa_jrc_2020":1360628.9612671076,"fra_1a_forestArea":788.9000244140625,"fra_1a_landArea":2740.0,"fra_3b_protected":null,"iso3":"ALB","total_area_ha":2862831.426372579,"year":2020,"fa_copernicus_protected":98374.76846598508,"fa_esa_2009_protected":106338.37507985337,"fa_esa_2020_protected":187570.90691129048,"fa_esri_protected":127300.37074753873,"fa_globeland_protected":228379.54618890016,"fa_hansen10_protected":133895.02579005095,"fa_hansen20_protected":121998.04153113696,"fa_hansen30_protected":109617.13818444328,"fa_jaxa_protected":219980.95468344638,"fa_tandemx_protected":126553.96418685977,"fa_jrc_2020_protected":207483.72777582504,"ba_MODIS_2001":11083.839949626223,"ba_MODIS_2002":0.0,"ba_MODIS_2003":15910.274521881141,"ba_MODIS_2004":1415.9792281250009,"ba_MODIS_2005":9130.411354068618,"ba_MODIS_2006":1402.7467390625004,"ba_MODIS_2007":112806.23395806944,"ba_MODIS_2008":14484.145127089485,"ba_MODIS_2009":6757.447377346807,"ba_MODIS_2010":9407.141406207085,"ba_MODIS_2011":42040.16920573535,"ba_MODIS_2012":42724.72453966303,"ba_MODIS_2013":914.4630000000002,"ba_MODIS_2014":284.804165625,"ba_MODIS_2015":4394.49889502451,"ba_MODIS_2016":2757.9373209007344,"ba_MODIS_2017":26717.037776856676,"ba_MODIS_2018":4033.7498044730423,"ba_MODIS_2019":3580.7313064399505,"ba_MODIS_2020":5959.702476556373,"ba_MODIS_2021":18425.44399153799,"ba_MODIS_2022":0.0,"ba_MODIS_2001_Hansen10":494.6284066779398,"ba_MODIS_2002_Hansen10":0.0,"ba_MODIS_2003_Hansen10":2582.106098341665,"ba_MODIS_2004_Hansen10":54.81616066894526,"ba_MODIS_2005_Hansen10":393.0122924731203,"ba_MODIS_2006_Hansen10":166.39020661010755,"ba_MODIS_2007_Hansen10":33989.451511196756,"ba_MODIS_2008_Hansen10":1387.290811517111,"ba_MODIS_2009_Hansen10":842.0997009995438,"ba_MODIS_2010_Hansen10":843.2738142872014,"ba_MODIS_2011_Hansen10":5575.93457153923,"ba_MODIS_2012_Hansen10":17151.871285132747,"ba_MODIS_2013_Hansen10":128.4449742980948,"ba_MODIS_2014_Hansen10":26.74401157226564,"ba_MODIS_2015_Hansen10":1624.90573528423,"ba_MODIS_2016_Hansen10":581.2847293964403,"ba_MODIS_2017_Hansen10":5862.1868564835895,"ba_MODIS_2018_Hansen10":889.4090187405475,"ba_MODIS_2019_Hansen10":662.5404616977572,"ba_MODIS_2020_Hansen10":1377.9066663479937,"ba_MODIS_2021_Hansen10":5624.363496585024,"ba_MODIS_2022_Hansen10":0.0}},{"type":"Feature","geometry":{"type":"MultiPoint","coordinates":[]},"properties":{"fa_agreement_esri_esa_glo_hansen10_gte_1":29214.086494574352,"fa_agreement_esri_esa_glo_hansen10_gte_2":22619.991818190214,"fa_agreement_esri_esa_glo_hansen10_gte_3":19637.5047129354,"fa_agreement_esri_esa_glo_hansen10_gte_4":15487.629102637826,"fa_agreement_esri_esa_gte_1":23235.663428916872,"fa_agreement_esri_esa_gte_2":17870.61411905329,"fa_agreement_hansen10_gte_1":34345.72172872282,"fa_agreement_hansen10_gte_2":27781.102227561016,"fa_agreement_hansen10_gte_3":24470.251127587842,"fa_agreement_hansen10_gte_4":22431.497980132295,"fa_agreement_hansen10_gte_5":20642.64056402179,"fa_agreement_hansen10_gte_6":18331.124577346116,"fa_agreement_hansen10_gte_7":14887.719872196876,"fa_agreement_hansen10_gte_8":9503.447827691229,"fa_agreement_hansen30_gte_9":2151.402410463476,"fa_agreement_hansen20_gte_1":34274.74591807699,"fa_agreement_hansen20_gte_2":27698.758086891314,"fa_agreement_hansen20_gte_3":24390.666021186753,"fa_agreement_hansen20_gte_4":22326.540210999,"fa_agreement_hansen20_gte_5":20478.11263089988,"fa_agreement_hansen20_gte_6":18128.53173312897,"fa_agreement_hansen20_gte_7":14753.679591204265,"fa_agreement_hansen20_gte_8":9431.926907004086,"fa_agreement_hansen30_gte_1":34862.73725321778,"fa_agreement_hansen30_gte_2":27665.3495011364,"fa_agreement_hansen30_gte_3":24340.72664414643,"fa_agreement_hansen30_gte_4":22238.496206959,"fa_agreement_hansen30_gte_5":20320.29640520619,"fa_agreement_hansen30_gte_6":17934.4711355965,"fa_agreement_hansen30_gte_7":14615.681567231697,"fa_agreement_hansen30_gte_8":9362.48753042248,"fa_copernicus":13530.787666124786,"fa_esa_2009":19037.64233064945,"fa_esa_2020":20601.434967933677,"fa_esri":20511.492393584183,"fa_globeland":25088.980125733433,"fa_hansen10":20718.862277774868,"fa_hansen20":19755.88205567052,"fa_hansen30":18964.57119351517,"fa_jaxa":17256.223737105818,"fa_tandemx":17377.79372729406,"fa_jrc_2020":22798.270410704536,"fra_1a_forestArea":16.0,"fra_1a_landArea":47.0,"fra_3b_protected":null,"iso3":"AND","total_area_ha":46368.853781464895,"year":2020,"fa_copernicus_protected":1723.7255200621737,"fa_esa_2009_protected":3515.687010137114,"fa_esa_2020_protected":3705.031403511048,"fa_esri_protected":3249.2418407180116,"fa_globeland_protected":5168.849350049504,"fa_hansen10_protected":3590.7354620220085,"fa_hansen20_protected":3333.712064495197,"fa_hansen30_protected":3109.7515485427575,"fa_jaxa_protected":3726.3999773673845,"fa_tandemx_protected":3401.3620759117007,"fa_jrc_2020_protected":4327.81937364101,"ba_MODIS_2001":0.0,"ba_MODIS_2002":0.0,"ba_MODIS_2003":0.0,"ba_MODIS_2004":0.0,"ba_MODIS_2005":0.0,"ba_MODIS_2006":0.0,"ba_MODIS_2007":0.0,"ba_MODIS_2008":0.0,"ba_MODIS_2009":0.0,"ba_MODIS_2010":0.0,"ba_MODIS_2011":0.0,"ba_MODIS_2012":0.0,"ba_MODIS_2013":0.0,"ba_MODIS_2014":0.0,"ba_MODIS_2015":0.0,"ba_MODIS_2016":0.0,"ba_MODIS_2017":0.0,"ba_MODIS_2018":0.0,"ba_MODIS_2019":0.0,"ba_MODIS_2020":0.0,"ba_MODIS_2021":0.0,"ba_MODIS_2022":0.0,"ba_MODIS_2001_Hansen10":0.0,"ba_MODIS_2002_Hansen10":0.0,"ba_MODIS_2003_Hansen10":0.0,"ba_MODIS_2004_Hansen10":0.0,"ba_MODIS_2005_Hansen10":0.0,"ba_MODIS_2006_Hansen10":0.0,"ba_MODIS_2007_Hansen10":0.0,"ba_MODIS_2008_Hansen10":0.0,"ba_MODIS_2009_Hansen10":0.0,"ba_MODIS_2010_Hansen10":0.0,"ba_MODIS_2011_Hansen10":0.0,"ba_MODIS_2012_Hansen10":0.0,"ba_MODIS_2013_Hansen10":0.0,"ba_MODIS_2014_Hansen10":0.0,"ba_MODIS_2015_Hansen10":0.0,"ba_MODIS_2016_Hansen10":0.0,"ba_MODIS_2017_Hansen10":0.0,"ba_MODIS_2018_Hansen10":0.0,"ba_MODIS_2019_Hansen10":0.0,"ba_MODIS_2020_Hansen10":0.0,"ba_MODIS_2021_Hansen10":0.0,"ba_MODIS_2022_Hansen10":0.0}},{"type":"Feature","geometry":{"type":"MultiPoint","coordinates":[]},"properties":{"fa_agreement_esri_esa_glo_hansen10_gte_1":20208.512067512835,"fa_agreement_esri_esa_glo_hansen10_gte_2":8068.564374860454,"fa_agreement_esri_esa_glo_hansen10_gte_3":4209.8708571595835,"fa_agreement_esri_esa_glo_hansen10_gte_4":2008.8775747415918,"fa_agreement_esri_esa_gte_1":10990.82639733993,"fa_agreement_esri_esa_gte_2":4406.001149200823,"fa_agreement_hansen10_gte_1":23255.494368558364,"fa_agreement_hansen10_gte_2":12777.498281485474,"fa_agreement_hansen10_gte_3":8374.429027457852,"fa_agreement_hansen10_gte_4":5907.350010947828,"fa_agreement_hansen10_gte_5":4275.127490450188,"fa_agreement_hansen10_gte_6":2839.330823779278,"fa_agreement_hansen10_gte_7":1692.5299356756277,"fa_agreement_hansen10_gte_8":773.6383063343994,"fa_agreement_hansen30_gte_9":144.05008780577415,"fa_agreement_hansen20_gte_1":22202.27156207496,"fa_agreement_hansen20_gte_2":12387.888477195645,"fa_agreement_hansen20_gte_3":8166.0822718305835,"fa_agreement_hansen20_gte_4":5802.9388494606865,"fa_agreement_hansen20_gte_5":4206.257002284869,"fa_agreement_hansen20_gte_6":2804.3889774207933,"fa_agreement_hansen20_gte_7":1681.390600137846,"fa_agreement_hansen20_gte_8":771.2131057273036,"fa_agreement_hansen30_gte_1":21553.879410221845,"fa_agreement_hansen30_gte_2":12115.055987917942,"fa_agreement_hansen30_gte_3":8030.886537857561,"fa_agreement_hansen30_gte_4":5750.432814235088,"fa_agreement_hansen30_gte_5":4168.28920293504,"fa_agreement_hansen30_gte_6":2788.9128433635983,"fa_agreement_hansen30_gte_7":1676.3664243957762,"fa_agreement_hansen30_gte_8":768.6294439536225,"fa_copernicus":1437.9286474527034,"fa_esa_2009":1581.5840529442467,"fa_esa_2020":8125.030010903656,"fa_esri":7264.156544510507,"fa_globeland":3062.9586781280636,"fa_hansen10":16034.633406405512,"fa_hansen20":14101.755457620531,"fa_hansen30":12907.362566042237,"fa_jaxa":9539.900839438256,"fa_tandemx":4186.674019020613,"fa_jrc_2020":10159.676250695353,"fra_1a_forestArea":3.4600000381469727,"fra_1a_landArea":57.0,"fra_3b_protected":null,"iso3":"IMN","total_area_ha":57084.45080718902,"year":2020,"fa_copernicus_protected":2.2148902465820313,"fa_esa_2009_protected":55.768767545836184,"fa_esa_2020_protected":299.18253667892213,"fa_esri_protected":704.5607243496299,"fa_globeland_protected":25.685485400390615,"fa_hansen10_protected":1031.7665508867797,"fa_hansen20_protected":942.3734203639357,"fa_hansen30_protected":880.2242795844822,"fa_jaxa_protected":340.07090827797003,"fa_tandemx_protected":85.10065906822074,"fa_jrc_2020_protected":679.0955495629652,"ba_MODIS_2001":0.0,"ba_MODIS_2002":0.0,"ba_MODIS_2003":0.0,"ba_MODIS_2004":0.0,"ba_MODIS_2005":0.0,"ba_MODIS_2006":0.0,"ba_MODIS_2007":0.0,"ba_MODIS_2008":0.0,"ba_MODIS_2009":0.0,"ba_MODIS_2010":0.0,"ba_MODIS_2011":0.0,"ba_MODIS_2012":0.0,"ba_MODIS_2013":0.0,"ba_MODIS_2014":0.0,"ba_MODIS_2015":0.0,"ba_MODIS_2016":0.0,"ba_MODIS_2017":0.0,"ba_MODIS_2018":0.0,"ba_MODIS_2019":0.0,"ba_MODIS_2020":0.0,"ba_MODIS_2021":0.0,"ba_MODIS_2022":0.0,"ba_MODIS_2001_Hansen10":0.0,"ba_MODIS_2002_Hansen10":0.0,"ba_MODIS_2003_Hansen10":0.0,"ba_MODIS_2004_Hansen10":0.0,"ba_MODIS_2005_Hansen10":0.0,"ba_MODIS_2006_Hansen10":0.0,"ba_MODIS_2007_Hansen10":0.0,"ba_MODIS_2008_Hansen10":0.0,"ba_MODIS_2009_Hansen10":0.0,"ba_MODIS_2010_Hansen10":0.0,"ba_MODIS_2011_Hansen10":0.0,"ba_MODIS_2012_Hansen10":0.0,"ba_MODIS_2013_Hansen10":0.0,"ba_MODIS_2014_Hansen10":0.0,"ba_MODIS_2015_Hansen10":0.0,"ba_MODIS_2016_Hansen10":0.0,"ba_MODIS_2017_Hansen10":0.0,"ba_MODIS_2018_Hansen10":0.0,"ba_MODIS_2019_Hansen10":0.0,"ba_MODIS_2020_Hansen10":0.0,"ba_MODIS_2021_Hansen10":0.0,"ba_MODIS_2022_Hansen10":0.0}},{"type":"Feature","geometry":{"type":"MultiPoint","coordinates":[]},"properties":{"fa_agreement_esri_esa_glo_hansen10_gte_1":132398.80049061202,"fa_agreement_esri_esa_glo_hansen10_gte_2":108255.52181839924,"fa_agreement_esri_esa_glo_hansen10_gte_3":93833.58837758895,"fa_agreement_esri_esa_glo_hansen10_gte_4":71625.00691354202,"fa_agreement_esri_esa_gte_1":121262.62947506894,"fa_agreement_esri_esa_gte_2":93407.17496099217,"fa_agreement_hansen10_gte_1":179246.09332999034,"fa_agreement_hansen10_gte_2":138651.8269885687,"fa_agreement_hansen10_gte_3":119952.19033162651,"fa_agreement_hansen10_gte_4":109509.41614792083,"fa_agreement_hansen10_gte_5":101845.25617635724,"fa_agreement_hansen10_gte_6":94824.29788869404,"fa_agreement_hansen10_gte_7":85946.57463802904,"fa_agreement_hansen10_gte_8":71174.4321921181,"fa_agreement_hansen30_gte_9":42353.66198379299,"fa_agreement_hansen20_gte_1":178885.2145430292,"fa_agreement_hansen20_gte_2":138161.6470016459,"fa_agreement_hansen20_gte_3":119484.83863615029,"fa_agreement_hansen20_gte_4":109162.24381412375,"fa_agreement_hansen20_gte_5":101603.04648224391,"fa_agreement_hansen20_gte_6":94651.02989361522,"fa_agreement_hansen20_gte_7":85806.40986914554,"fa_agreement_hansen20_gte_8":71062.92416804573,"fa_agreement_hansen30_gte_1":182563.78769140952,"fa_agreement_hansen30_gte_2":137774.37072524818,"fa_agreement_hansen30_gte_3":119048.10322838515,"fa_agreement_hansen30_gte_4":108836.31225741208,"fa_agreement_hansen30_gte_5":101380.62498510232,"fa_agreement_hansen30_gte_6":94481.82646824277,"fa_agreement_hansen30_gte_7":85666.7519630072,"fa_agreement_hansen30_gte_8":70944.12508136727,"fa_copernicus":100640.39958980225,"fa_esa_2009":96922.40668153894,"fa_esa_2020":117932.59722509593,"fa_esri":96734.88448147192,"fa_globeland":90674.98050622402,"fa_hansen10":100611.20087574236,"fa_hansen20":98114.12411228805,"fa_hansen30":95946.62700064482,"fa_jaxa":142716.8060268785,"fa_tandemx":109306.24334690259,"fa_jrc_2020":103985.37969478051,"fra_1a_forestArea":88.69999694824219,"fra_1a_landArea":243.0,"fra_3b_protected":null,"iso3":"LUX","total_area_ha":258724.89406884223,"year":2020,"fa_copernicus_protected":48006.52942981635,"fa_esa_2009_protected":45331.14662176909,"fa_esa_2020_protected":52742.31631492013,"fa_esri_protected":47753.19706372918,"fa_globeland_protected":44448.76166136008,"fa_hansen10_protected":47919.61081845776,"fa_hansen20_protected":47196.638729406004,"fa_hansen30_protected":46605.73107052325,"fa_jaxa_protected":57009.753076084264,"fa_tandemx_protected":48662.77280082475,"fa_jrc_2020_protected":52706.267097496995,"ba_MODIS_2001":0.0,"ba_MODIS_2002":0.0,"ba_MODIS_2003":0.0,"ba_MODIS_2004":0.0,"ba_MODIS_2005":0.0,"ba_MODIS_2006":163.38046049019607,"ba_MODIS_2007":0.0,"ba_MODIS_2008":0.0,"ba_MODIS_2009":2.0418476470588236,"ba_MODIS_2010":0.0,"ba_MODIS_2011":0.0,"ba_MODIS_2012":0.0,"ba_MODIS_2013":0.0,"ba_MODIS_2014":0.0,"ba_MODIS_2015":0.0,"ba_MODIS_2016":0.0,"ba_MODIS_2017":0.0,"ba_MODIS_2018":0.0,"ba_MODIS_2019":0.0,"ba_MODIS_2020":0.0,"ba_MODIS_2021":0.0,"ba_MODIS_2022":0.0,"ba_MODIS_2001_Hansen10":0.0,"ba_MODIS_2002_Hansen10":0.0,"ba_MODIS_2003_Hansen10":0.0,"ba_MODIS_2004_Hansen10":0.0,"ba_MODIS_2005_Hansen10":0.0,"ba_MODIS_2006_Hansen10":13.690459380672676,"ba_MODIS_2007_Hansen10":0.0,"ba_MODIS_2008_Hansen10":0.0,"ba_MODIS_2009_Hansen10":0.0,"ba_MODIS_2010_Hansen10":0.0,"ba_MODIS_2011_Hansen10":0.0,"ba_MODIS_2012_Hansen10":0.0,"ba_MODIS_2013_Hansen10":0.0,"ba_MODIS_2014_Hansen10":0.0,"ba_MODIS_2015_Hansen10":0.0,"ba_MODIS_2016_Hansen10":0.0,"ba_MODIS_2017_Hansen10":0.0,"ba_MODIS_2018_Hansen10":0.0,"ba_MODIS_2019_Hansen10":0.0,"ba_MODIS_2020_Hansen10":0.0,"ba_MODIS_2021_Hansen10":0.0,"ba_MODIS_2022_Hansen10":0.0}},{"type":"Feature","geometry":{"type":"MultiPoint","coordinates":[]},"properties":{"fa_agreement_esri_esa_glo_hansen10_gte_1":7473608.393235909,"fa_agreement_esri_esa_glo_hansen10_gte_2":5363553.7135334,"fa_agreement_esri_esa_glo_hansen10_gte_3":3946771.754531144,"fa_agreement_esri_esa_glo_hansen10_gte_4":2085207.0308528824,"fa_agreement_esri_esa_gte_1":6879455.774878383,"fa_agreement_esri_esa_gte_2":4355726.364006181,"fa_agreement_hansen10_gte_1":8970307.114106894,"fa_agreement_hansen10_gte_2":7245635.422373483,"fa_agreement_hansen10_gte_3":6295788.560544256,"fa_agreement_hansen10_gte_4":5417308.645949184,"fa_agreement_hansen10_gte_5":4606883.121561672,"fa_agreement_hansen10_gte_6":3799533.1464826954,"fa_agreement_hansen10_gte_7":2898983.932193372,"fa_agreement_hansen10_gte_8":1918173.4684161383,"fa_agreement_hansen30_gte_9":831813.7276939512,"fa_agreement_hansen20_gte_1":8938963.8444613,"fa_agreement_hansen20_gte_2":7202373.832714325,"fa_agreement_hansen20_gte_3":6238234.824750044,"fa_agreement_hansen20_gte_4":5336326.118095358,"fa_agreement_hansen20_gte_5":4528741.452286456,"fa_agreement_hansen20_gte_6":3733895.664206619,"fa_agreement_hansen20_gte_7":2855537.156989767,"fa_agreement_hansen20_gte_8":1894370.4412909956,"fa_agreement_hansen30_gte_1":9068576.057355389,"fa_agreement_hansen30_gte_2":7170603.867400176,"fa_agreement_hansen30_gte_3":6177615.701711851,"fa_agreement_hansen30_gte_4":5229142.238962943,"fa_agreement_hansen30_gte_5":4396004.370741755,"fa_agreement_hansen30_gte_6":3599557.9067205125,"fa_agreement_hansen30_gte_7":2763407.8027992765,"fa_agreement_hansen30_gte_8":1849486.5108627444,"fa_copernicus":4087693.061086247,"fa_esa_2009":3241455.106754842,"fa_esa_2020":6488413.570272125,"fa_esri":4746780.894318773,"fa_globeland":3008511.487418185,"fa_hansen10":4604039.198041325,"fa_hansen20":4153003.138044289,"fa_hansen30":3501117.74533157,"fa_jaxa":7297011.551417402,"fa_tandemx":2578262.1089971196,"fa_jrc_2020":6576069.14255342,"fra_1a_forestArea":3901.800048828125,"fra_1a_landArea":12890.0,"fra_3b_protected":null,"iso3":"GRC","total_area_ha":1.322229141206595E7,"year":2020,"fa_copernicus_protected":1568989.6003718562,"fa_esa_2009_protected":1438619.7519329346,"fa_esa_2020_protected":2321790.183985532,"fa_esri_protected":1825462.191047329,"fa_globeland_protected":1449867.8914948765,"fa_hansen10_protected":1805487.2495001764,"fa_hansen20_protected":1657231.1245709553,"fa_hansen30_protected":1457065.9249833974,"fa_jaxa_protected":2727358.303223484,"fa_tandemx_protected":1197839.4348939771,"fa_jrc_2020_protected":2484053.8245837274,"ba_MODIS_2001":95294.19667481544,"ba_MODIS_2002":21064.18317307575,"ba_MODIS_2003":11463.319954178905,"ba_MODIS_2004":54443.825075729714,"ba_MODIS_2005":32105.72049255514,"ba_MODIS_2006":34125.00925420963,"ba_MODIS_2007":311919.06064372376,"ba_MODIS_2008":111700.64372806999,"ba_MODIS_2009":50483.372990250704,"ba_MODIS_2010":19797.752449840587,"ba_MODIS_2011":69846.78507304557,"ba_MODIS_2012":90906.53104360246,"ba_MODIS_2013":65967.54657273245,"ba_MODIS_2014":46902.76755338267,"ba_MODIS_2015":27109.07423076589,"ba_MODIS_2016":55909.34275915462,"ba_MODIS_2017":39635.97371375005,"ba_MODIS_2018":27702.54523851109,"ba_MODIS_2019":19966.315094515936,"ba_MODIS_2020":15342.446386231582,"ba_MODIS_2021":128866.06292315568,"ba_MODIS_2022":0.0,"ba_MODIS_2001_Hansen10":6800.052499318965,"ba_MODIS_2002_Hansen10":1089.584846698115,"ba_MODIS_2003_Hansen10":349.390158047235,"ba_MODIS_2004_Hansen10":3284.8089352954935,"ba_MODIS_2005_Hansen10":1810.0825413665889,"ba_MODIS_2006_Hansen10":5950.471123411185,"ba_MODIS_2007_Hansen10":75958.79040436035,"ba_MODIS_2008_Hansen10":9927.247605755963,"ba_MODIS_2009_Hansen10":8391.59449387847,"ba_MODIS_2010_Hansen10":2418.397080636765,"ba_MODIS_2011_Hansen10":12876.080928258858,"ba_MODIS_2012_Hansen10":13505.950467107834,"ba_MODIS_2013_Hansen10":5401.258952484038,"ba_MODIS_2014_Hansen10":2774.6310461891876,"ba_MODIS_2015_Hansen10":2425.136070855681,"ba_MODIS_2016_Hansen10":7021.236908193182,"ba_MODIS_2017_Hansen10":5657.1571043140175,"ba_MODIS_2018_Hansen10":3061.0376956225855,"ba_MODIS_2019_Hansen10":2292.6956834551256,"ba_MODIS_2020_Hansen10":2900.416065598122,"ba_MODIS_2021_Hansen10":23886.90874974943,"ba_MODIS_2022_Hansen10":0.0}},{"type":"Feature","geometry":{"type":"MultiPoint","coordinates":[]},"properties":{"fa_agreement_esri_esa_glo_hansen10_gte_1":2093166.0819549656,"fa_agreement_esri_esa_glo_hansen10_gte_2":1596148.2368870818,"fa_agreement_esri_esa_glo_hansen10_gte_3":1294615.0102239572,"fa_agreement_esri_esa_glo_hansen10_gte_4":916689.7588407912,"fa_agreement_esri_esa_gte_1":1731280.8758809285,"fa_agreement_esri_esa_gte_2":1238605.9604937336,"fa_agreement_hansen10_gte_1":2824893.466664262,"fa_agreement_hansen10_gte_2":2097807.2511047414,"fa_agreement_hansen10_gte_3":1782466.7500800674,"fa_agreement_hansen10_gte_4":1591109.9952168632,"fa_agreement_hansen10_gte_5":1437455.2404333297,"fa_agreement_hansen10_gte_6":1277202.2758731025,"fa_agreement_hansen10_gte_7":1076840.9806614337,"fa_agreement_hansen10_gte_8":790640.0976009875,"fa_agreement_hansen30_gte_9":370257.6404104519,"fa_agreement_hansen20_gte_1":2813980.712642897,"fa_agreement_hansen20_gte_2":2084062.1156785989,"fa_agreement_hansen20_gte_3":1770607.3780400786,"fa_agreement_hansen20_gte_4":1583937.3682847111,"fa_agreement_hansen20_gte_5":1432460.8005027762,"fa_agreement_hansen20_gte_6":1273166.9501364005,"fa_agreement_hansen20_gte_7":1073932.9222751656,"fa_agreement_hansen20_gte_8":788962.1356740902,"fa_agreement_hansen30_gte_1":2873845.114675153,"fa_agreement_hansen30_gte_2":2075441.8712737141,"fa_agreement_hansen30_gte_3":1761373.245178919,"fa_agreement_hansen30_gte_4":1577572.4546512389,"fa_agreement_hansen30_gte_5":1427673.36823078,"fa_agreement_hansen30_gte_6":1269153.149073267,"fa_agreement_hansen30_gte_7":1070956.2272714449,"fa_agreement_hansen30_gte_8":787221.9178396644,"fa_copernicus":1153961.2305892056,"fa_esa_2009":1399352.7958177088,"fa_esa_2020":1557120.5209734403,"fa_esri":1412684.5245223572,"fa_globeland":1311074.0162056775,"fa_hansen10":1618649.778901143,"fa_hansen20":1558328.2885917742,"fa_hansen30":1511929.380311492,"fa_jaxa":1778865.0620828315,"fa_tandemx":1679839.4052819053,"fa_jrc_2020":1581446.9350775054,"fra_1a_forestArea":1269.1099853515625,"fra_1a_landArea":3952.0,"fra_3b_protected":222.0,"iso3":"CHE","total_area_ha":4118170.9396119574,"year":2020,"fa_copernicus_protected":143042.0523479141,"fa_esa_2009_protected":184993.53121896068,"fa_esa_2020_protected":194766.88681918936,"fa_esri_protected":199259.1011535245,"fa_globeland_protected":187445.84069199522,"fa_hansen10_protected":216750.3683407329,"fa_hansen20_protected":210882.5422458388,"fa_hansen30_protected":205638.0879955145,"fa_jaxa_protected":237776.62609781564,"fa_tandemx_protected":238582.58208479005,"fa_jrc_2020_protected":229272.4020997793,"ba_MODIS_2001":51.827267187500006,"ba_MODIS_2002":311.2377328125,"ba_MODIS_2003":345.4161171875,"ba_MODIS_2004":0.0,"ba_MODIS_2005":102.33885625000002,"ba_MODIS_2006":0.0,"ba_MODIS_2007":119.5609484375,"ba_MODIS_2008":0.0,"ba_MODIS_2009":153.15231406249998,"ba_MODIS_2010":0.0,"ba_MODIS_2011":34.634434375,"ba_MODIS_2012":17.220634375,"ba_MODIS_2013":0.0,"ba_MODIS_2014":599.1437671875001,"ba_MODIS_2015":0.0,"ba_MODIS_2016":206.094675,"ba_MODIS_2017":154.3589484375,"ba_MODIS_2018":16.959128125,"ba_MODIS_2019":0.0,"ba_MODIS_2020":0.0,"ba_MODIS_2021":0.0,"ba_MODIS_2022":0.0,"ba_MODIS_2001_Hansen10":1.1194766540527343,"ba_MODIS_2002_Hansen10":232.49586829833606,"ba_MODIS_2003_Hansen10":268.61366702881537,"ba_MODIS_2004_Hansen10":0.0,"ba_MODIS_2005_Hansen10":17.578456658935536,"ba_MODIS_2006_Hansen10":0.0,"ba_MODIS_2007_Hansen10":54.40297523193374,"ba_MODIS_2008_Hansen10":0.0,"ba_MODIS_2009_Hansen10":170.7655031677244,"ba_MODIS_2010_Hansen10":0.0,"ba_MODIS_2011_Hansen10":2.9299763793945317,"ba_MODIS_2012_Hansen10":0.0,"ba_MODIS_2013_Hansen10":0.0,"ba_MODIS_2014_Hansen10":460.05274618530314,"ba_MODIS_2015_Hansen10":0.0,"ba_MODIS_2016_Hansen10":113.35707836303696,"ba_MODIS_2017_Hansen10":75.41493897705095,"ba_MODIS_2018_Hansen10":18.072216540527304,"ba_MODIS_2019_Hansen10":0.0,"ba_MODIS_2020_Hansen10":0.0,"ba_MODIS_2021_Hansen10":0.0,"ba_MODIS_2022_Hansen10":0.0}},{"type":"Feature","geometry":{"type":"MultiPoint","coordinates":[]},"properties":{"fa_agreement_esri_esa_glo_hansen10_gte_1":987195.9787709498,"fa_agreement_esri_esa_glo_hansen10_gte_2":566405.4985259522,"fa_agreement_esri_esa_glo_hansen10_gte_3":353174.38883111306,"fa_agreement_esri_esa_glo_hansen10_gte_4":231482.21597965792,"fa_agreement_esri_esa_gte_1":738041.3548896497,"fa_agreement_esri_esa_gte_2":344981.48573808785,"fa_agreement_hansen10_gte_1":1880158.8100273323,"fa_agreement_hansen10_gte_2":1043812.2692816725,"fa_agreement_hansen10_gte_3":696479.163132595,"fa_agreement_hansen10_gte_4":534360.2911314596,"fa_agreement_hansen10_gte_5":437614.0103868994,"fa_agreement_hansen10_gte_6":368647.50860358815,"fa_agreement_hansen10_gte_7":309818.4309620947,"fa_agreement_hansen10_gte_8":247569.61651276043,"fa_agreement_hansen30_gte_9":151838.0657628468,"fa_agreement_hansen20_gte_1":1853040.0835550067,"fa_agreement_hansen20_gte_2":1014481.0415811068,"fa_agreement_hansen20_gte_3":680473.5366680233,"fa_agreement_hansen20_gte_4":527153.8732658867,"fa_agreement_hansen20_gte_5":434086.8946255808,"fa_agreement_hansen20_gte_6":366707.1303217718,"fa_agreement_hansen20_gte_7":308665.78375842125,"fa_agreement_hansen20_gte_8":246863.61812133534,"fa_agreement_hansen30_gte_1":1871384.1384698825,"fa_agreement_hansen30_gte_2":994478.7838858954,"fa_agreement_hansen30_gte_3":665805.6250970148,"fa_agreement_hansen30_gte_4":519252.35307790345,"fa_agreement_hansen30_gte_5":429992.9693585403,"fa_agreement_hansen30_gte_6":364298.3983554496,"fa_agreement_hansen30_gte_7":307170.9985129626,"fa_agreement_hansen30_gte_8":245938.00282778015,"fa_copernicus":417339.0650120251,"fa_esa_2009":791247.7019545706,"fa_esa_2020":707826.5735959206,"fa_esri":375216.94564143434,"fa_globeland":323391.39298341685,"fa_hansen10":732304.4055786876,"fa_hansen20":643004.3214485862,"fa_hansen30":573561.248883037,"fa_jaxa":1049204.826816117,"fa_tandemx":917129.660266717,"fa_jrc_2020":484065.3189680721,"fra_1a_forestArea":369.5,"fra_1a_landArea":3369.0,"fra_3b_protected":217.0,"iso3":"NLD","total_area_ha":3504813.3827096643,"year":2020,"fa_copernicus_protected":318003.3932472725,"fa_esa_2009_protected":411324.00851975597,"fa_esa_2020_protected":398843.3703140858,"fa_esri_protected":325762.54697458073,"fa_globeland_protected":283401.30217620084,"fa_hansen10_protected":421394.689034494,"fa_hansen20_protected":402735.0497581722,"fa_hansen30_protected":385739.85371981375,"fa_jaxa_protected":383395.91213666595,"fa_tandemx_protected":434574.73851114855,"fa_jrc_2020_protected":403931.6397281419,"ba_MODIS_2001":0.0,"ba_MODIS_2002":0.0,"ba_MODIS_2003":30.549415625,"ba_MODIS_2004":0.0,"ba_MODIS_2005":30.026075,"ba_MODIS_2006":422.14441327205884,"ba_MODIS_2007":584.0566007843136,"ba_MODIS_2008":0.0,"ba_MODIS_2009":0.0,"ba_MODIS_2010":0.0,"ba_MODIS_2011":0.0,"ba_MODIS_2012":0.0,"ba_MODIS_2013":0.0,"ba_MODIS_2014":0.0,"ba_MODIS_2015":0.0,"ba_MODIS_2016":0.0,"ba_MODIS_2017":0.0,"ba_MODIS_2018":0.0,"ba_MODIS_2019":0.0,"ba_MODIS_2020":31.21928125,"ba_MODIS_2021":0.0,"ba_MODIS_2022":0.0,"ba_MODIS_2001_Hansen10":0.0,"ba_MODIS_2002_Hansen10":0.0,"ba_MODIS_2003_Hansen10":19.411135241699178,"ba_MODIS_2004_Hansen10":0.0,"ba_MODIS_2005_Hansen10":3.2969437622070306,"ba_MODIS_2006_Hansen10":9.92113681611902,"ba_MODIS_2007_Hansen10":57.409559940711915,"ba_MODIS_2008_Hansen10":0.0,"ba_MODIS_2009_Hansen10":0.0,"ba_MODIS_2010_Hansen10":0.0,"ba_MODIS_2011_Hansen10":0.0,"ba_MODIS_2012_Hansen10":0.0,"ba_MODIS_2013_Hansen10":0.0,"ba_MODIS_2014_Hansen10":0.0,"ba_MODIS_2015_Hansen10":0.0,"ba_MODIS_2016_Hansen10":0.0,"ba_MODIS_2017_Hansen10":0.0,"ba_MODIS_2018_Hansen10":0.0,"ba_MODIS_2019_Hansen10":0.0,"ba_MODIS_2020_Hansen10":16.35251038208011,"ba_MODIS_2021_Hansen10":0.0,"ba_MODIS_2022_Hansen10":0.0}},{"type":"Feature","geometry":{"type":"MultiPoint","coordinates":[]},"properties":{"fa_agreement_esri_esa_glo_hansen10_gte_1":1.4052436760151371E7,"fa_agreement_esri_esa_glo_hansen10_gte_2":1.1772422793370644E7,"fa_agreement_esri_esa_glo_hansen10_gte_3":1.0191349952113356E7,"fa_agreement_esri_esa_glo_hansen10_gte_4":7436788.589263671,"fa_agreement_esri_esa_gte_1":1.3082471871429488E7,"fa_agreement_esri_esa_gte_2":1.0611581525166143E7,"fa_agreement_hansen10_gte_1":1.7080901389629208E7,"fa_agreement_hansen10_gte_2":1.3750465100762425E7,"fa_agreement_hansen10_gte_3":1.2370334358467314E7,"fa_agreement_hansen10_gte_4":1.1553710703748928E7,"fa_agreement_hansen10_gte_5":1.0871569062223667E7,"fa_agreement_hansen10_gte_6":1.0159821030673353E7,"fa_agreement_hansen10_gte_7":9243547.025725296,"fa_agreement_hansen10_gte_8":7859570.784784099,"fa_agreement_hansen30_gte_9":5394216.434458356,"fa_agreement_hansen20_gte_1":1.702667829921182E7,"fa_agreement_hansen20_gte_2":1.368308747696139E7,"fa_agreement_hansen20_gte_3":1.2311907021866148E7,"fa_agreement_hansen20_gte_4":1.1510671351536347E7,"fa_agreement_hansen20_gte_5":1.0834609807865303E7,"fa_agreement_hansen20_gte_6":1.0125137989677552E7,"fa_agreement_hansen20_gte_7":9214850.318887591,"fa_agreement_hansen20_gte_8":7837792.70448672,"fa_agreement_hansen30_gte_1":1.732490723478199E7,"fa_agreement_hansen30_gte_2":1.363654295859194E7,"fa_agreement_hansen30_gte_3":1.2265535020334885E7,"fa_agreement_hansen30_gte_4":1.1471825948066536E7,"fa_agreement_hansen30_gte_5":1.079933762793156E7,"fa_agreement_hansen30_gte_6":1.0089844109577768E7,"fa_agreement_hansen30_gte_7":9183935.498203529,"fa_agreement_hansen30_gte_8":7812059.597384234,"fa_copernicus":9503421.286179258,"fa_esa_2009":1.0800941973476134E7,"fa_esa_2020":1.2557715990665492E7,"fa_esri":1.1136320176174749E7,"fa_globeland":9315103.25349654,"fa_hansen10":1.043147352919654E7,"fa_hansen20":1.005275509250159E7,"fa_hansen30":9724010.822477277,"fa_jaxa":1.3383614892456258E7,"fa_tandemx":1.0859314571494495E7,"fa_jrc_2020":1.1582485745905211E7,"fra_1a_forestArea":9483.0,"fra_1a_landArea":30619.0,"fra_3b_protected":3092.10009765625,"iso3":"POL","total_area_ha":3.1072354186644476E7,"year":2020,"fa_copernicus_protected":5346853.065620684,"fa_esa_2009_protected":6008949.482946804,"fa_esa_2020_protected":6384453.701143986,"fa_esri_protected":6042290.249927181,"fa_globeland_protected":5259873.4262197,"fa_hansen10_protected":5601398.7349665295,"fa_hansen20_protected":5463144.167756881,"fa_hansen30_protected":5332220.462346661,"fa_jaxa_protected":6692202.457567226,"fa_tandemx_protected":5636381.138024341,"fa_jrc_2020_protected":6424049.461153138,"ba_MODIS_2001":5891.546126930151,"ba_MODIS_2002":18694.433399252473,"ba_MODIS_2003":23794.34766955272,"ba_MODIS_2004":7460.931392187502,"ba_MODIS_2005":12955.491404871342,"ba_MODIS_2006":7929.263937500011,"ba_MODIS_2007":3651.965376446078,"ba_MODIS_2008":14566.986919675252,"ba_MODIS_2009":2835.3090973223043,"ba_MODIS_2010":9185.610627867642,"ba_MODIS_2011":4593.351473498775,"ba_MODIS_2012":5238.431520202205,"ba_MODIS_2013":3556.237269822297,"ba_MODIS_2014":1463.60756278799,"ba_MODIS_2015":4559.628983174018,"ba_MODIS_2016":1210.9762109375001,"ba_MODIS_2017":823.5250037806372,"ba_MODIS_2018":3178.129281966912,"ba_MODIS_2019":923.9199637316174,"ba_MODIS_2020":4405.266321875007,"ba_MODIS_2021":195.21330937499997,"ba_MODIS_2022":32.423890625,"ba_MODIS_2001_Hansen10":567.8385426708555,"ba_MODIS_2002_Hansen10":1486.5634350426399,"ba_MODIS_2003_Hansen10":6522.424472325752,"ba_MODIS_2004_Hansen10":461.70405972017215,"ba_MODIS_2005_Hansen10":3876.33697521148,"ba_MODIS_2006_Hansen10":419.47334176025333,"ba_MODIS_2007_Hansen10":179.21575634729754,"ba_MODIS_2008_Hansen10":752.5769917262159,"ba_MODIS_2009_Hansen10":259.58031341150615,"ba_MODIS_2010_Hansen10":823.5844545745019,"ba_MODIS_2011_Hansen10":709.9379840702458,"ba_MODIS_2012_Hansen10":1063.0383597993239,"ba_MODIS_2013_Hansen10":963.1415984024165,"ba_MODIS_2014_Hansen10":134.57714514236747,"ba_MODIS_2015_Hansen10":556.5592476684596,"ba_MODIS_2016_Hansen10":55.322845574951174,"ba_MODIS_2017_Hansen10":510.5427639356766,"ba_MODIS_2018_Hansen10":602.2433094365857,"ba_MODIS_2019_Hansen10":80.59681513233866,"ba_MODIS_2020_Hansen10":1389.1725834838678,"ba_MODIS_2021_Hansen10":7.842502716064454,"ba_MODIS_2022_Hansen10":8.170578179931656}},{"type":"Feature","geometry":{"type":"MultiPoint","coordinates":[]},"properties":{"fa_agreement_esri_esa_glo_hansen10_gte_1":5241878.077179865,"fa_agreement_esri_esa_glo_hansen10_gte_2":4454817.894327926,"fa_agreement_esri_esa_glo_hansen10_gte_3":3879019.666695696,"fa_agreement_esri_esa_glo_hansen10_gte_4":2951205.0274832686,"fa_agreement_esri_esa_gte_1":4749698.340386513,"fa_agreement_esri_esa_gte_2":3813230.350778467,"fa_agreement_hansen10_gte_1":6351070.378902663,"fa_agreement_hansen10_gte_2":5296946.225511384,"fa_agreement_hansen10_gte_3":4800249.184493095,"fa_agreement_hansen10_gte_4":4482139.6673452705,"fa_agreement_hansen10_gte_5":4198058.730113908,"fa_agreement_hansen10_gte_6":3878094.030620885,"fa_agreement_hansen10_gte_7":3454340.781238706,"fa_agreement_hansen10_gte_8":2768709.812152141,"fa_agreement_hansen30_gte_9":1544215.438822123,"fa_agreement_hansen20_gte_1":6336442.286643484,"fa_agreement_hansen20_gte_2":5279692.357028566,"fa_agreement_hansen20_gte_3":4785213.992203718,"fa_agreement_hansen20_gte_4":4471340.778355487,"fa_agreement_hansen20_gte_5":4189364.8488298133,"fa_agreement_hansen20_gte_6":3870633.3140954706,"fa_agreement_hansen20_gte_7":3448115.088706685,"fa_agreement_hansen20_gte_8":2764039.3718262557,"fa_agreement_hansen30_gte_1":6458456.287535334,"fa_agreement_hansen30_gte_2":5266135.200053392,"fa_agreement_hansen30_gte_3":4772343.62428116,"fa_agreement_hansen30_gte_4":4461387.468320225,"fa_agreement_hansen30_gte_5":4180792.5886418605,"fa_agreement_hansen30_gte_6":3862830.5147785787,"fa_agreement_hansen30_gte_7":3441319.911382357,"fa_agreement_hansen30_gte_8":2758607.2224753853,"fa_copernicus":3612710.633823391,"fa_esa_2009":4048859.058906446,"fa_esa_2020":4325534.2819027165,"fa_esri":4237386.676829817,"fa_globeland":3757729.0078370953,"fa_hansen10":4200287.41686091,"fa_hansen20":4108507.8382746065,"fa_hansen30":4025763.5235761125,"fa_jaxa":4582090.474311656,"fa_tandemx":4136020.014686776,"fa_jrc_2020":4408164.152551428,"fra_1a_forestArea":3899.14990234375,"fra_1a_landArea":8252.0,"fra_3b_protected":878.4000244140625,"iso3":"AUT","total_area_ha":8370017.9942714535,"year":2020,"fa_copernicus_protected":569544.8483541063,"fa_esa_2009_protected":656065.2061635244,"fa_esa_2020_protected":728792.2993505056,"fa_esri_protected":764537.6640000883,"fa_globeland_protected":612079.9634954971,"fa_hansen10_protected":722868.8690792451,"fa_hansen20_protected":707221.6205840184,"fa_hansen30_protected":693230.126852988,"fa_jaxa_protected":830468.2631052844,"fa_tandemx_protected":750381.8350634002,"fa_jrc_2020_protected":803959.9727329301,"ba_MODIS_2001":11457.65867747544,"ba_MODIS_2002":1158.6507771139713,"ba_MODIS_2003":1907.5744624999982,"ba_MODIS_2004":4726.244022083333,"ba_MODIS_2005":4664.081885937504,"ba_MODIS_2006":2147.781804687501,"ba_MODIS_2007":50.47786875,"ba_MODIS_2008":3864.8349793688694,"ba_MODIS_2009":913.7688843750002,"ba_MODIS_2010":0.0,"ba_MODIS_2011":3212.2706218749977,"ba_MODIS_2012":50.05982034926471,"ba_MODIS_2013":184.83764531249997,"ba_MODIS_2014":1060.9942201654414,"ba_MODIS_2015":0.0,"ba_MODIS_2016":45.79387768995099,"ba_MODIS_2017":933.048209375,"ba_MODIS_2018":375.113934375,"ba_MODIS_2019":16.9406125,"ba_MODIS_2020":152.5508,"ba_MODIS_2021":136.81700312499999,"ba_MODIS_2022":0.0,"ba_MODIS_2001_Hansen10":153.67057550450934,"ba_MODIS_2002_Hansen10":81.90736897003768,"ba_MODIS_2003_Hansen10":181.65380887451167,"ba_MODIS_2004_Hansen10":200.80130856452507,"ba_MODIS_2005_Hansen10":1074.3664815918178,"ba_MODIS_2006_Hansen10":408.4414835571401,"ba_MODIS_2007_Hansen10":39.934785791015514,"ba_MODIS_2008_Hansen10":330.33509020790063,"ba_MODIS_2009_Hansen10":45.96499226074212,"ba_MODIS_2010_Hansen10":0.0,"ba_MODIS_2011_Hansen10":192.87767744140544,"ba_MODIS_2012_Hansen10":42.526319104003974,"ba_MODIS_2013_Hansen10":124.07819462280214,"ba_MODIS_2014_Hansen10":398.9857602222146,"ba_MODIS_2015_Hansen10":0.0,"ba_MODIS_2016_Hansen10":42.04629354702811,"ba_MODIS_2017_Hansen10":298.37119411621063,"ba_MODIS_2018_Hansen10":381.02124022827127,"ba_MODIS_2019_Hansen10":21.83373317871097,"ba_MODIS_2020_Hansen10":65.56146877441434,"ba_MODIS_2021_Hansen10":118.16214276733392,"ba_MODIS_2022_Hansen10":0.0}},{"type":"Feature","geometry":{"type":"MultiPoint","coordinates":[]},"properties":{"fa_agreement_esri_esa_glo_hansen10_gte_1":2.4307004282702148E7,"fa_agreement_esri_esa_glo_hansen10_gte_2":1.8843613388201065E7,"fa_agreement_esri_esa_glo_hansen10_gte_3":1.5420112653996745E7,"fa_agreement_esri_esa_glo_hansen10_gte_4":1.0825538291486505E7,"fa_agreement_esri_esa_gte_1":2.21970296581461E7,"fa_agreement_esri_esa_gte_2":1.5836536295108298E7,"fa_agreement_hansen10_gte_1":3.054892189000348E7,"fa_agreement_hansen10_gte_2":2.373318398248319E7,"fa_agreement_hansen10_gte_3":2.0671738929188795E7,"fa_agreement_hansen10_gte_4":1.8640551018914446E7,"fa_agreement_hansen10_gte_5":1.6773987159586214E7,"fa_agreement_hansen10_gte_6":1.471896731820547E7,"fa_agreement_hansen10_gte_7":1.2158740273351893E7,"fa_agreement_hansen10_gte_8":8664226.341662131,"fa_agreement_hansen30_gte_9":4002976.4262227667,"fa_agreement_hansen20_gte_1":3.0469268813957993E7,"fa_agreement_hansen20_gte_2":2.36385988163493E7,"fa_agreement_hansen20_gte_3":2.0567028811759923E7,"fa_agreement_hansen20_gte_4":1.85323401618935E7,"fa_agreement_hansen20_gte_5":1.6668466938139768E7,"fa_agreement_hansen20_gte_6":1.4634127579074971E7,"fa_agreement_hansen20_gte_7":1.2100970197360318E7,"fa_agreement_hansen20_gte_8":8636936.870994892,"fa_agreement_hansen30_gte_1":3.1179709346057143E7,"fa_agreement_hansen30_gte_2":2.3554238614569854E7,"fa_agreement_hansen30_gte_3":2.045642140049081E7,"fa_agreement_hansen30_gte_4":1.8404714999821547E7,"fa_agreement_hansen30_gte_5":1.652864038450491E7,"fa_agreement_hansen30_gte_6":1.4514371256751345E7,"fa_agreement_hansen30_gte_7":1.2018450309910432E7,"fa_agreement_hansen30_gte_8":8598440.895342477,"fa_copernicus":1.2738775375455743E7,"fa_esa_2009":1.081660327708708E7,"fa_esa_2020":2.1303386156382244E7,"fa_esri":1.673048406203138E7,"fa_globeland":1.3898901195619097E7,"fa_hansen10":1.7443157450093605E7,"fa_hansen20":1.673056202665446E7,"fa_hansen30":1.5913498266465519E7,"fa_jaxa":2.3170505489713166E7,"fa_tandemx":1.7096166907604184E7,"fa_jrc_2020":1.9567999119171858E7,"fra_1a_forestArea":17253.0,"fra_1a_landArea":54756.0,"fra_3b_protected":3921.0,"iso3":"FRA","total_area_ha":5.477638519510531E7,"year":2020,"fa_copernicus_protected":2653826.0255705216,"fa_esa_2009_protected":2624521.176757773,"fa_esa_2020_protected":4115787.6893021595,"fa_esri_protected":3610855.0815842906,"fa_globeland_protected":3009711.3554516765,"fa_hansen10_protected":3798591.991395503,"fa_hansen20_protected":3640293.8043843466,"fa_hansen30_protected":3457826.6456357497,"fa_jaxa_protected":4345075.505226927,"fa_tandemx_protected":3287012.6337540825,"fa_jrc_2020_protected":4313748.856851985,"ba_MODIS_2001":38504.69757968753,"ba_MODIS_2002":95279.38448370111,"ba_MODIS_2003":72686.57157630518,"ba_MODIS_2004":67717.38379972479,"ba_MODIS_2005":59206.88119144604,"ba_MODIS_2006":31489.799605490287,"ba_MODIS_2007":11807.914326090693,"ba_MODIS_2008":51371.19401611516,"ba_MODIS_2009":28930.092686219385,"ba_MODIS_2010":32820.92474806988,"ba_MODIS_2011":15256.111035165452,"ba_MODIS_2012":40992.42707223649,"ba_MODIS_2013":9170.4346393076,"ba_MODIS_2014":27395.66088159923,"ba_MODIS_2015":16980.494884375024,"ba_MODIS_2016":23473.962952218135,"ba_MODIS_2017":51893.64945838236,"ba_MODIS_2018":1281.16746875,"ba_MODIS_2019":47336.9086703798,"ba_MODIS_2020":8911.479655367644,"ba_MODIS_2021":21710.797003756106,"ba_MODIS_2022":307.86116093749996,"ba_MODIS_2001_Hansen10":7307.654778662103,"ba_MODIS_2002_Hansen10":7803.083086694387,"ba_MODIS_2003_Hansen10":36810.4941248536,"ba_MODIS_2004_Hansen10":7542.782750744821,"ba_MODIS_2005_Hansen10":21583.728452473406,"ba_MODIS_2006_Hansen10":3435.0948513671397,"ba_MODIS_2007_Hansen10":2079.012412280279,"ba_MODIS_2008_Hansen10":9194.019079996087,"ba_MODIS_2009_Hansen10":10331.421060287224,"ba_MODIS_2010_Hansen10":5831.453763499687,"ba_MODIS_2011_Hansen10":3417.7608033650117,"ba_MODIS_2012_Hansen10":22697.57177384312,"ba_MODIS_2013_Hansen10":1769.61958560092,"ba_MODIS_2014_Hansen10":11890.335842433997,"ba_MODIS_2015_Hansen10":3359.4240153015253,"ba_MODIS_2016_Hansen10":3933.2088865080095,"ba_MODIS_2017_Hansen10":23857.093377010347,"ba_MODIS_2018_Hansen10":594.5897665222171,"ba_MODIS_2019_Hansen10":24513.0309927573,"ba_MODIS_2020_Hansen10":3542.8793204068925,"ba_MODIS_2021_Hansen10":5937.72731374102,"ba_MODIS_2022_Hansen10":129.00247650146477}},{"type":"Feature","geometry":{"type":"MultiPoint","coordinates":[]},"properties":{"fa_agreement_esri_esa_glo_hansen10_gte_1":2.1139016111778304E7,"fa_agreement_esri_esa_glo_hansen10_gte_2":1.4410447656494536E7,"fa_agreement_esri_esa_glo_hansen10_gte_3":1.0140082906467868E7,"fa_agreement_esri_esa_glo_hansen10_gte_4":5334449.557671182,"fa_agreement_esri_esa_gte_1":1.8024283200050876E7,"fa_agreement_esri_esa_gte_2":1.0483275964792598E7,"fa_agreement_hansen10_gte_1":2.430028739318957E7,"fa_agreement_hansen10_gte_2":1.871081902963902E7,"fa_agreement_hansen10_gte_3":1.5724194377704393E7,"fa_agreement_hansen10_gte_4":1.3103357256587705E7,"fa_agreement_hansen10_gte_5":1.0577567664762499E7,"fa_agreement_hansen10_gte_6":8011172.063014942,"fa_agreement_hansen10_gte_7":5365468.984998382,"fa_agreement_hansen10_gte_8":2701635.4257427817,"fa_agreement_hansen30_gte_9":761674.5822645838,"fa_agreement_hansen20_gte_1":2.4069437606059577E7,"fa_agreement_hansen20_gte_2":1.8485117720373943E7,"fa_agreement_hansen20_gte_3":1.543879231355162E7,"fa_agreement_hansen20_gte_4":1.2802953936668787E7,"fa_agreement_hansen20_gte_5":1.0332205423785077E7,"fa_agreement_hansen20_gte_6":7849219.77218026,"fa_agreement_hansen20_gte_7":5274757.576719939,"fa_agreement_hansen20_gte_8":2672465.02527435,"fa_agreement_hansen30_gte_1":2.4163367376547623E7,"fa_agreement_hansen30_gte_2":1.832969518635943E7,"fa_agreement_hansen30_gte_3":1.5194846938684035E7,"fa_agreement_hansen30_gte_4":1.2502190184522368E7,"fa_agreement_hansen30_gte_5":1.0032794371373167E7,"fa_agreement_hansen30_gte_6":7628871.097700382,"fa_agreement_hansen30_gte_7":5137511.530512163,"fa_agreement_hansen30_gte_8":2621646.567119135,"fa_copernicus":2412716.909673017,"fa_esa_2009":9978715.846613446,"fa_esa_2020":1.5776886949180262E7,"fa_esri":1.2730496322761402E7,"fa_globeland":9303784.70779717,"fa_hansen10":1.3181803419582242E7,"fa_hansen20":1.152865048259781E7,"fa_hansen30":9955791.591605823,"fa_jaxa":1.475335742298236E7,"fa_tandemx":6402116.304696153,"fa_jrc_2020":1.6546922480099814E7,"fra_1a_forestArea":18572.169921875,"fra_1a_landArea":49966.1015625,"fra_3b_protected":null,"iso3":"ESP","total_area_ha":5.0517516366699E7,"year":2020,"fa_copernicus_protected":1171334.9006438504,"fa_esa_2009_protected":4178403.8855603677,"fa_esa_2020_protected":6136568.764167446,"fa_esri_protected":5058078.1140920175,"fa_globeland_protected":4194723.462397955,"fa_hansen10_protected":5882027.015133616,"fa_hansen20_protected":5184800.732452985,"fa_hansen30_protected":4516679.751158738,"fa_jaxa_protected":6248157.596053875,"fa_tandemx_protected":2623985.75886895,"fa_jrc_2020_protected":7273494.145153394,"ba_MODIS_2001":111342.9708687378,"ba_MODIS_2002":159063.66605082102,"ba_MODIS_2003":206278.07510107287,"ba_MODIS_2004":201117.54941083194,"ba_MODIS_2005":182850.4687163458,"ba_MODIS_2006":141186.5384655576,"ba_MODIS_2007":84678.0911377329,"ba_MODIS_2008":32247.42430240199,"ba_MODIS_2009":93086.09558873162,"ba_MODIS_2010":31084.41021635417,"ba_MODIS_2011":87611.69430617621,"ba_MODIS_2012":204746.01035819165,"ba_MODIS_2013":74554.12928546566,"ba_MODIS_2014":32429.606338890946,"ba_MODIS_2015":83295.45807889695,"ba_MODIS_2016":76067.29415132962,"ba_MODIS_2017":140036.9762598403,"ba_MODIS_2018":12497.051775545355,"ba_MODIS_2019":51310.72269064342,"ba_MODIS_2020":55768.08635055136,"ba_MODIS_2021":70229.27584352951,"ba_MODIS_2022":4909.109289313728,"ba_MODIS_2001_Hansen10":34845.38160189366,"ba_MODIS_2002_Hansen10":28211.01192758294,"ba_MODIS_2003_Hansen10":70584.30026484796,"ba_MODIS_2004_Hansen10":50290.36349755074,"ba_MODIS_2005_Hansen10":101077.78719895694,"ba_MODIS_2006_Hansen10":79203.22436375893,"ba_MODIS_2007_Hansen10":15941.349550167939,"ba_MODIS_2008_Hansen10":11183.461828780442,"ba_MODIS_2009_Hansen10":33785.068791838174,"ba_MODIS_2010_Hansen10":10964.908001846892,"ba_MODIS_2011_Hansen10":44379.959373647944,"ba_MODIS_2012_Hansen10":64799.38675455511,"ba_MODIS_2013_Hansen10":14974.661391531658,"ba_MODIS_2014_Hansen10":10116.605991438462,"ba_MODIS_2015_Hansen10":29794.8444479745,"ba_MODIS_2016_Hansen10":17928.755907223738,"ba_MODIS_2017_Hansen10":43703.39883586788,"ba_MODIS_2018_Hansen10":3182.3203621026646,"ba_MODIS_2019_Hansen10":16098.858929779291,"ba_MODIS_2020_Hansen10":15450.659618581938,"ba_MODIS_2021_Hansen10":17811.551293160806,"ba_MODIS_2022_Hansen10":3248.4198847638977}},{"type":"Feature","geometry":{"type":"MultiPoint","coordinates":[]},"properties":{"fa_agreement_esri_esa_glo_hansen10_gte_1":1.702072202017753E7,"fa_agreement_esri_esa_glo_hansen10_gte_2":1.2630027258032827E7,"fa_agreement_esri_esa_glo_hansen10_gte_3":1.0064424643176565E7,"fa_agreement_esri_esa_glo_hansen10_gte_4":6928810.2332576625,"fa_agreement_esri_esa_gte_1":1.473017121789206E7,"fa_agreement_esri_esa_gte_2":1.063719927740936E7,"fa_agreement_hansen10_gte_1":2.105243077300091E7,"fa_agreement_hansen10_gte_2":1.4989755882592712E7,"fa_agreement_hansen10_gte_3":1.2884317829993835E7,"fa_agreement_hansen10_gte_4":1.1645506296143634E7,"fa_agreement_hansen10_gte_5":1.0629634915208453E7,"fa_agreement_hansen10_gte_6":9585144.966264244,"fa_agreement_hansen10_gte_7":8383581.3564725565,"fa_agreement_hansen10_gte_8":6730657.485451818,"fa_agreement_hansen30_gte_9":4180244.0527849384,"fa_agreement_hansen20_gte_1":2.062613898005719E7,"fa_agreement_hansen20_gte_2":1.4757090347527213E7,"fa_agreement_hansen20_gte_3":1.2740492789269747E7,"fa_agreement_hansen20_gte_4":1.1567220368716294E7,"fa_agreement_hansen20_gte_5":1.0572158448438741E7,"fa_agreement_hansen20_gte_6":9539257.601423051,"fa_agreement_hansen20_gte_7":8348311.689985459,"fa_agreement_hansen20_gte_8":6709877.6914760815,"fa_agreement_hansen30_gte_1":2.0691442245736863E7,"fa_agreement_hansen30_gte_2":1.4553398590465156E7,"fa_agreement_hansen30_gte_3":1.25844715633491E7,"fa_agreement_hansen30_gte_4":1.1472668791142743E7,"fa_agreement_hansen30_gte_5":1.0506244113686923E7,"fa_agreement_hansen30_gte_6":9486815.565040486,"fa_agreement_hansen30_gte_7":8305262.515678739,"fa_agreement_hansen30_gte_8":6679996.229095847,"fa_copernicus":9221297.209904725,"fa_esa_2009":9186266.830303866,"fa_esa_2020":1.3967591304949295E7,"fa_esri":1.1399815456518743E7,"fa_globeland":8874285.143193379,"fa_hansen10":1.2388704690927936E7,"fa_hansen20":1.1303360835010193E7,"fa_hansen30":1.0329933576294057E7,"fa_jaxa":1.3909624343250908E7,"fa_tandemx":1.0141175897012435E7,"fa_jrc_2020":1.2314936852666646E7,"fra_1a_forestArea":9690.0,"fra_1a_landArea":57929.0,"fra_3b_protected":1410.0,"iso3":"UKR","total_area_ha":5.984236715099424E7,"year":2020,"fa_copernicus_protected":3204186.4703577477,"fa_esa_2009_protected":3051665.3005218985,"fa_esa_2020_protected":3779893.3865610845,"fa_esri_protected":3599240.147531475,"fa_globeland_protected":3026475.4103715746,"fa_hansen10_protected":3710319.15305551,"fa_hansen20_protected":3547869.427204946,"fa_hansen30_protected":3383000.202256412,"fa_jaxa_protected":3682671.8731528404,"fa_tandemx_protected":3042839.3168835524,"fa_jrc_2020_protected":3875694.664640386,"ba_MODIS_2001":3289049.697831461,"ba_MODIS_2002":2134211.875294161,"ba_MODIS_2003":460567.6756955488,"ba_MODIS_2004":1122730.132104987,"ba_MODIS_2005":2892873.6593546667,"ba_MODIS_2006":1710745.2988778884,"ba_MODIS_2007":2349998.1169579243,"ba_MODIS_2008":4423458.547794743,"ba_MODIS_2009":2392379.883611498,"ba_MODIS_2010":1286212.953694205,"ba_MODIS_2011":1245334.4151496456,"ba_MODIS_2012":678616.5340132168,"ba_MODIS_2013":712701.617444597,"ba_MODIS_2014":2818647.3299449096,"ba_MODIS_2015":2604346.811129572,"ba_MODIS_2016":1509824.5672553142,"ba_MODIS_2017":2436078.4954250706,"ba_MODIS_2018":1147488.2968803626,"ba_MODIS_2019":2066707.0050588136,"ba_MODIS_2020":1231094.7426545604,"ba_MODIS_2021":615126.9215316504,"ba_MODIS_2022":13642.77683947305,"ba_MODIS_2001_Hansen10":129356.268455519,"ba_MODIS_2002_Hansen10":166441.6953176381,"ba_MODIS_2003_Hansen10":57812.81015905746,"ba_MODIS_2004_Hansen10":51524.895540102094,"ba_MODIS_2005_Hansen10":188686.75650448448,"ba_MODIS_2006_Hansen10":103190.08258111554,"ba_MODIS_2007_Hansen10":171521.90297233718,"ba_MODIS_2008_Hansen10":203773.37717157113,"ba_MODIS_2009_Hansen10":189318.66423525766,"ba_MODIS_2010_Hansen10":111686.86102574428,"ba_MODIS_2011_Hansen10":97826.41681508576,"ba_MODIS_2012_Hansen10":134006.4794855014,"ba_MODIS_2013_Hansen10":78973.01434207245,"ba_MODIS_2014_Hansen10":274438.36319145723,"ba_MODIS_2015_Hansen10":287070.21549607476,"ba_MODIS_2016_Hansen10":67998.39303413876,"ba_MODIS_2017_Hansen10":131454.13013618556,"ba_MODIS_2018_Hansen10":161861.51111939928,"ba_MODIS_2019_Hansen10":206234.96051569388,"ba_MODIS_2020_Hansen10":187658.83397942898,"ba_MODIS_2021_Hansen10":39725.13150231255,"ba_MODIS_2022_Hansen10":1797.6847826049793}},{"type":"Feature","geometry":{"type":"MultiPoint","coordinates":[]},"properties":{"fa_agreement_esri_esa_glo_hansen10_gte_1":6898857.434395547,"fa_agreement_esri_esa_glo_hansen10_gte_2":3473706.4112906647,"fa_agreement_esri_esa_glo_hansen10_gte_3":2144178.8935302687,"fa_agreement_esri_esa_glo_hansen10_gte_4":1114041.7356028224,"fa_agreement_esri_esa_gte_1":5079080.9874299215,"fa_agreement_esri_esa_gte_2":2373175.954197438,"fa_agreement_hansen10_gte_1":9641665.322223932,"fa_agreement_hansen10_gte_2":5486224.751782226,"fa_agreement_hansen10_gte_3":3955493.0297856503,"fa_agreement_hansen10_gte_4":3094494.592120662,"fa_agreement_hansen10_gte_5":2411510.2048231033,"fa_agreement_hansen10_gte_6":1746329.4236311163,"fa_agreement_hansen10_gte_7":1067082.4435903707,"fa_agreement_hansen10_gte_8":446603.30751293193,"fa_agreement_hansen30_gte_9":118514.9616277578,"fa_agreement_hansen20_gte_1":9441048.093332794,"fa_agreement_hansen20_gte_2":5369079.861816286,"fa_agreement_hansen20_gte_3":3888978.1013894835,"fa_agreement_hansen20_gte_4":3063188.211027059,"fa_agreement_hansen20_gte_5":2389853.259186094,"fa_agreement_hansen20_gte_6":1731871.7188973674,"fa_agreement_hansen20_gte_7":1060701.348816876,"fa_agreement_hansen20_gte_8":444961.9689526585,"fa_agreement_hansen30_gte_1":9503344.675967677,"fa_agreement_hansen30_gte_2":5301916.077982351,"fa_agreement_hansen30_gte_3":3840191.5501604066,"fa_agreement_hansen30_gte_4":3035075.312591144,"fa_agreement_hansen30_gte_5":2368726.374789503,"fa_agreement_hansen30_gte_6":1717106.1792696363,"fa_agreement_hansen30_gte_7":1053205.7908936385,"fa_agreement_hansen30_gte_8":442021.9400720607,"fa_copernicus":595722.5242465411,"fa_esa_2009":1067601.3932233206,"fa_esa_2020":4259742.255453067,"fa_esri":3192558.345440612,"fa_globeland":2015129.146073834,"fa_hansen10":4171020.458682389,"fa_hansen20":3697072.019314082,"fa_hansen30":3376003.631389272,"fa_jaxa":5695786.833308085,"fa_tandemx":3772987.2745070225,"fa_jrc_2020":3894447.5743140555,"fra_1a_forestArea":3190.0,"fra_1a_landArea":24193.0,"fra_3b_protected":290.0,"iso3":"GBR","total_area_ha":2.4338430905759685E7,"year":2020,"fa_copernicus_protected":48932.17839477086,"fa_esa_2009_protected":129657.31429923895,"fa_esa_2020_protected":417634.39224754024,"fa_esri_protected":561670.545981963,"fa_globeland_protected":262786.98849132675,"fa_hansen10_protected":602792.4808695579,"fa_hansen20_protected":552665.3298085927,"fa_hansen30_protected":508107.49733994436,"fa_jaxa_protected":567565.2354302496,"fa_tandemx_protected":408677.5376517844,"fa_jrc_2020_protected":572874.1235668826,"ba_MODIS_2001":2853.262560937502,"ba_MODIS_2002":0.0,"ba_MODIS_2003":22048.113239583403,"ba_MODIS_2004":352.9330828125,"ba_MODIS_2005":2177.1642732873743,"ba_MODIS_2006":5317.872172665442,"ba_MODIS_2007":14961.276746538026,"ba_MODIS_2008":0.0,"ba_MODIS_2009":1837.6685744791666,"ba_MODIS_2010":3839.967826770835,"ba_MODIS_2011":6616.470394031865,"ba_MODIS_2012":5874.714901525737,"ba_MODIS_2013":0.0,"ba_MODIS_2014":0.0,"ba_MODIS_2015":3379.5547080055144,"ba_MODIS_2016":728.2869954595587,"ba_MODIS_2017":984.9354069056373,"ba_MODIS_2018":6992.820646237745,"ba_MODIS_2019":14813.921544050208,"ba_MODIS_2020":3899.339075428926,"ba_MODIS_2021":0.0,"ba_MODIS_2022":0.0,"ba_MODIS_2001_Hansen10":278.4721102417006,"ba_MODIS_2002_Hansen10":0.0,"ba_MODIS_2003_Hansen10":2683.0102431684727,"ba_MODIS_2004_Hansen10":49.994234423828196,"ba_MODIS_2005_Hansen10":59.77631976752792,"ba_MODIS_2006_Hansen10":576.1840543493648,"ba_MODIS_2007_Hansen10":2343.762536353021,"ba_MODIS_2008_Hansen10":0.0,"ba_MODIS_2009_Hansen10":396.06405859659765,"ba_MODIS_2010_Hansen10":459.2959916499123,"ba_MODIS_2011_Hansen10":837.92764907144,"ba_MODIS_2012_Hansen10":409.84184541609267,"ba_MODIS_2013_Hansen10":0.0,"ba_MODIS_2014_Hansen10":0.0,"ba_MODIS_2015_Hansen10":295.2614589260905,"ba_MODIS_2016_Hansen10":91.90634497722569,"ba_MODIS_2017_Hansen10":78.67554258117687,"ba_MODIS_2018_Hansen10":1051.4638429406946,"ba_MODIS_2019_Hansen10":1317.7710883382629,"ba_MODIS_2020_Hansen10":335.3277124176023,"ba_MODIS_2021_Hansen10":0.0,"ba_MODIS_2022_Hansen10":0.0}},{"type":"Feature","geometry":{"type":"MultiPoint","coordinates":[]},"properties":{"fa_agreement_esri_esa_glo_hansen10_gte_1":2936235.9670190685,"fa_agreement_esri_esa_glo_hansen10_gte_2":2556950.220699341,"fa_agreement_esri_esa_glo_hansen10_gte_3":2221600.6817209986,"fa_agreement_esri_esa_glo_hansen10_gte_4":1463912.2497949323,"fa_agreement_esri_esa_gte_1":2741610.41124966,"fa_agreement_esri_esa_gte_2":2308252.9977461495,"fa_agreement_hansen10_gte_1":3646239.7927216724,"fa_agreement_hansen10_gte_2":2972032.0826479457,"fa_agreement_hansen10_gte_3":2711413.0181227927,"fa_agreement_hansen10_gte_4":2558574.1347658914,"fa_agreement_hansen10_gte_5":2430733.7431893977,"fa_agreement_hansen10_gte_6":2287769.7814678606,"fa_agreement_hansen10_gte_7":2074388.1000443117,"fa_agreement_hansen10_gte_8":1697317.502963395,"fa_agreement_hansen30_gte_9":1055711.0474942937,"fa_agreement_hansen20_gte_1":3639924.1577799553,"fa_agreement_hansen20_gte_2":2964709.9063421553,"fa_agreement_hansen20_gte_3":2704765.304786992,"fa_agreement_hansen20_gte_4":2552969.0311381263,"fa_agreement_hansen20_gte_5":2425600.8624795596,"fa_agreement_hansen20_gte_6":2282558.326580179,"fa_agreement_hansen20_gte_7":2068986.09071648,"fa_agreement_hansen20_gte_8":1693099.6885087204,"fa_agreement_hansen30_gte_1":3709596.809308719,"fa_agreement_hansen30_gte_2":2958903.771828103,"fa_agreement_hansen30_gte_3":2698789.3238238352,"fa_agreement_hansen30_gte_4":2547507.248197736,"fa_agreement_hansen30_gte_5":2420283.37205445,"fa_agreement_hansen30_gte_6":2276814.074986667,"fa_agreement_hansen30_gte_7":2062610.969590335,"fa_agreement_hansen30_gte_8":1687664.127530056,"fa_copernicus":2395149.2112530265,"fa_esa_2009":2729592.008153744,"fa_esa_2020":2618245.588412694,"fa_esri":2431646.759001441,"fa_globeland":1956595.8489301484,"fa_hansen10":2170069.213807827,"fa_hansen20":2118939.962743045,"fa_hansen30":2068444.3519433525,"fa_jaxa":2759995.1266392795,"fa_tandemx":2142902.327893796,"fa_jrc_2020":2538263.470158526,"fra_1a_forestArea":2201.0,"fra_1a_landArea":6265.0,"fra_3b_protected":684.0,"iso3":"LTU","total_area_ha":6499559.072917028,"year":2020,"fa_copernicus_protected":635877.2121590455,"fa_esa_2009_protected":647923.1689059172,"fa_esa_2020_protected":636350.4629614162,"fa_esri_protected":616677.4209807207,"fa_globeland_protected":521350.4439741536,"fa_hansen10_protected":578656.7755286339,"fa_hansen20_protected":569249.003315801,"fa_hansen30_protected":558749.649317324,"fa_jaxa_protected":620273.8824033686,"fa_tandemx_protected":544551.3853829316,"fa_jrc_2020_protected":651736.6833226235,"ba_MODIS_2001":1260.1940200367649,"ba_MODIS_2002":6526.175109834557,"ba_MODIS_2003":7951.312454522053,"ba_MODIS_2004":1580.3138397794119,"ba_MODIS_2005":2065.962284374999,"ba_MODIS_2006":1126.2141765625001,"ba_MODIS_2007":1010.1555828125001,"ba_MODIS_2008":3495.307929687501,"ba_MODIS_2009":4786.439949203432,"ba_MODIS_2010":155.61046875,"ba_MODIS_2011":517.5027124999999,"ba_MODIS_2012":181.6561453125,"ba_MODIS_2013":0.0,"ba_MODIS_2014":137.79606024509803,"ba_MODIS_2015":1359.1703898529406,"ba_MODIS_2016":323.0083828125,"ba_MODIS_2017":56.316156250000006,"ba_MODIS_2018":758.8347831556372,"ba_MODIS_2019":58.42365,"ba_MODIS_2020":1237.1976269301476,"ba_MODIS_2021":154.14674843749998,"ba_MODIS_2022":136.04401227941176,"ba_MODIS_2001_Hansen10":182.90924517226392,"ba_MODIS_2002_Hansen10":583.4846794233001,"ba_MODIS_2003_Hansen10":2706.0370367462915,"ba_MODIS_2004_Hansen10":298.0383096902753,"ba_MODIS_2005_Hansen10":30.46814204101562,"ba_MODIS_2006_Hansen10":294.1069088989242,"ba_MODIS_2007_Hansen10":26.282272976684542,"ba_MODIS_2008_Hansen10":780.45229277344,"ba_MODIS_2009_Hansen10":1181.1618615276025,"ba_MODIS_2010_Hansen10":20.411252944946288,"ba_MODIS_2011_Hansen10":330.58121533813693,"ba_MODIS_2012_Hansen10":4.132077807617186,"ba_MODIS_2013_Hansen10":0.0,"ba_MODIS_2014_Hansen10":12.101181202248963,"ba_MODIS_2015_Hansen10":213.62753305302576,"ba_MODIS_2016_Hansen10":31.262849935913064,"ba_MODIS_2017_Hansen10":0.0,"ba_MODIS_2018_Hansen10":84.71699558715815,"ba_MODIS_2019_Hansen10":15.984711206054685,"ba_MODIS_2020_Hansen10":92.2553659667972,"ba_MODIS_2021_Hansen10":42.93164025878913,"ba_MODIS_2022_Hansen10":19.110756921386724}},{"type":"Feature","geometry":{"type":"MultiPoint","coordinates":[]},"properties":{"fa_agreement_esri_esa_glo_hansen10_gte_1":1.726692035350674E7,"fa_agreement_esri_esa_glo_hansen10_gte_2":1.268051313851796E7,"fa_agreement_esri_esa_glo_hansen10_gte_3":9902766.15073466,"fa_agreement_esri_esa_glo_hansen10_gte_4":6549798.283477872,"fa_agreement_esri_esa_gte_1":1.3589217707177829E7,"fa_agreement_esri_esa_gte_2":9019708.89050133,"fa_agreement_hansen10_gte_1":2.043022960476287E7,"fa_agreement_hansen10_gte_2":1.5277325942979438E7,"fa_agreement_hansen10_gte_3":1.333147770108916E7,"fa_agreement_hansen10_gte_4":1.1926986519075627E7,"fa_agreement_hansen10_gte_5":1.061158333526678E7,"fa_agreement_hansen10_gte_6":9143610.591444232,"fa_agreement_hansen10_gte_7":7226565.677999011,"fa_agreement_hansen10_gte_8":4690300.07857947,"fa_agreement_hansen30_gte_9":1750348.439762685,"fa_agreement_hansen20_gte_1":2.0286638433262847E7,"fa_agreement_hansen20_gte_2":1.515899947462665E7,"fa_agreement_hansen20_gte_3":1.3248440782526178E7,"fa_agreement_hansen20_gte_4":1.1861707311319996E7,"fa_agreement_hansen20_gte_5":1.0554494162153346E7,"fa_agreement_hansen20_gte_6":9089574.226923317,"fa_agreement_hansen20_gte_7":7187794.738334109,"fa_agreement_hansen20_gte_8":4670353.7880480755,"fa_agreement_hansen30_gte_1":2.0539296984346274E7,"fa_agreement_hansen30_gte_2":1.508780263428423E7,"fa_agreement_hansen30_gte_3":1.3185943943751827E7,"fa_agreement_hansen30_gte_4":1.1808289192630807E7,"fa_agreement_hansen30_gte_5":1.050674714690459E7,"fa_agreement_hansen30_gte_6":9042460.95884348,"fa_agreement_hansen30_gte_7":7151273.600410617,"fa_agreement_hansen30_gte_8":4650802.909990099,"fa_copernicus":7721600.849986113,"fa_esa_2009":1.0315918258213002E7,"fa_esa_2020":1.0791437160448492E7,"fa_esri":1.1817774638779351E7,"fa_globeland":1.1791348048636729E7,"fa_hansen10":1.198617454254456E7,"fa_hansen20":1.1374627894081147E7,"fa_hansen30":1.0942887179582195E7,"fa_jaxa":1.4307690305577325E7,"fa_tandemx":4551431.274975108,"fa_jrc_2020":1.2588485696556196E7,"fra_1a_forestArea":12180.0,"fra_1a_landArea":30413.0,"fra_3b_protected":610.0,"iso3":"NOR","total_area_ha":3.2211090529257152E7,"year":2020,"fa_copernicus_protected":352434.7154382831,"fa_esa_2009_protected":619219.5129470013,"fa_esa_2020_protected":615179.6687924009,"fa_esri_protected":894095.3583803916,"fa_globeland_protected":999880.3232732757,"fa_hansen10_protected":833452.5390219328,"fa_hansen20_protected":757235.0803161473,"fa_hansen30_protected":711071.9923747168,"fa_jaxa_protected":1347953.4333162769,"fa_tandemx_protected":288862.4111603885,"fa_jrc_2020_protected":883763.7550281705,"ba_MODIS_2001":0.0,"ba_MODIS_2002":553.0904984375003,"ba_MODIS_2003":3140.3785828124983,"ba_MODIS_2004":0.0,"ba_MODIS_2005":0.0,"ba_MODIS_2006":2871.1637231893374,"ba_MODIS_2007":2911.6732687500007,"ba_MODIS_2008":5301.671387500005,"ba_MODIS_2009":0.0,"ba_MODIS_2010":0.0,"ba_MODIS_2011":0.0,"ba_MODIS_2012":0.0,"ba_MODIS_2013":0.0,"ba_MODIS_2014":37.98974765625,"ba_MODIS_2015":0.0,"ba_MODIS_2016":0.0,"ba_MODIS_2017":24.32286286764706,"ba_MODIS_2018":752.8908102910542,"ba_MODIS_2019":1299.4270656249978,"ba_MODIS_2020":0.0,"ba_MODIS_2021":0.0,"ba_MODIS_2022":0.0,"ba_MODIS_2001_Hansen10":0.0,"ba_MODIS_2002_Hansen10":92.20832232971146,"ba_MODIS_2003_Hansen10":915.8627131286516,"ba_MODIS_2004_Hansen10":0.0,"ba_MODIS_2005_Hansen10":0.0,"ba_MODIS_2006_Hansen10":1052.4348204345563,"ba_MODIS_2007_Hansen10":1684.4055521545652,"ba_MODIS_2008_Hansen10":2526.9036745055964,"ba_MODIS_2009_Hansen10":0.0,"ba_MODIS_2010_Hansen10":0.0,"ba_MODIS_2011_Hansen10":0.0,"ba_MODIS_2012_Hansen10":0.0,"ba_MODIS_2013_Hansen10":0.0,"ba_MODIS_2014_Hansen10":29.996929437255854,"ba_MODIS_2015_Hansen10":0.0,"ba_MODIS_2016_Hansen10":0.0,"ba_MODIS_2017_Hansen10":0.06334442138671875,"ba_MODIS_2018_Hansen10":404.419233965861,"ba_MODIS_2019_Hansen10":425.6441693908701,"ba_MODIS_2020_Hansen10":0.0,"ba_MODIS_2021_Hansen10":0.0,"ba_MODIS_2022_Hansen10":0.0}},{"type":"Feature","geometry":{"type":"MultiPoint","coordinates":[]},"properties":{"fa_agreement_esri_esa_glo_hansen10_gte_1":3081547.2210758133,"fa_agreement_esri_esa_glo_hansen10_gte_2":2684580.648025504,"fa_agreement_esri_esa_glo_hansen10_gte_3":2307518.3687978974,"fa_agreement_esri_esa_glo_hansen10_gte_4":1492126.2255343169,"fa_agreement_esri_esa_gte_1":2795041.808722466,"fa_agreement_esri_esa_gte_2":2346533.7250406975,"fa_agreement_hansen10_gte_1":3429580.0501567097,"fa_agreement_hansen10_gte_2":3021500.515054573,"fa_agreement_hansen10_gte_3":2838771.16554168,"fa_agreement_hansen10_gte_4":2714288.9815583243,"fa_agreement_hansen10_gte_5":2587128.895715593,"fa_agreement_hansen10_gte_6":2412950.091769017,"fa_agreement_hansen10_gte_7":2138627.72927941,"fa_agreement_hansen10_gte_8":1683908.875068654,"fa_agreement_hansen30_gte_9":1007494.800619577,"fa_agreement_hansen20_gte_1":3398279.0688453345,"fa_agreement_hansen20_gte_2":3010253.0401019845,"fa_agreement_hansen20_gte_3":2831846.6004366525,"fa_agreement_hansen20_gte_4":2709352.343269841,"fa_agreement_hansen20_gte_5":2582803.920081895,"fa_agreement_hansen20_gte_6":2408707.247218975,"fa_agreement_hansen20_gte_7":2134356.8924824544,"fa_agreement_hansen20_gte_8":1680991.2382547709,"fa_agreement_hansen30_gte_1":3449396.98334915,"fa_agreement_hansen30_gte_2":3001934.326076337,"fa_agreement_hansen30_gte_3":2825603.0509896427,"fa_agreement_hansen30_gte_4":2704306.518468726,"fa_agreement_hansen30_gte_5":2578011.237517821,"fa_agreement_hansen30_gte_6":2403760.590156306,"fa_agreement_hansen30_gte_7":2129131.4173355843,"fa_agreement_hansen30_gte_8":1677475.795080948,"fa_copernicus":2436338.7024137364,"fa_esa_2009":2602385.122034001,"fa_esa_2020":2628260.6092891335,"fa_esri":2513268.313247931,"fa_globeland":2081961.4746964413,"fa_hansen10":2339212.2989448654,"fa_hansen20":2265591.606782094,"fa_hansen30":2208274.2944901115,"fa_jaxa":2839039.515586721,"fa_tandemx":2029171.5939124594,"fa_jrc_2020":2649936.9624383645,"fra_1a_forestArea":2438.39990234375,"fra_1a_landArea":4347.0,"fra_3b_protected":532.4099731445312,"iso3":"EST","total_area_ha":4513191.921091331,"year":2020,"fa_copernicus_protected":536649.2458375138,"fa_esa_2009_protected":527359.9029108292,"fa_esa_2020_protected":558511.7140728278,"fa_esri_protected":535873.9955851876,"fa_globeland_protected":415796.0939901084,"fa_hansen10_protected":634996.301567076,"fa_hansen20_protected":597567.9134888645,"fa_hansen30_protected":573334.2125467103,"fa_jaxa_protected":555558.4795658085,"fa_tandemx_protected":415938.67539429356,"fa_jrc_2020_protected":574414.2741363461,"ba_MODIS_2001":0.0,"ba_MODIS_2002":4787.767018409926,"ba_MODIS_2003":5043.414746721817,"ba_MODIS_2004":1922.52167163603,"ba_MODIS_2005":0.0,"ba_MODIS_2006":3325.2493156249984,"ba_MODIS_2007":19.736796151960785,"ba_MODIS_2008":565.7676828125002,"ba_MODIS_2009":51.147684375000004,"ba_MODIS_2010":301.0854093749999,"ba_MODIS_2011":39.68488828125,"ba_MODIS_2012":121.99394063725491,"ba_MODIS_2013":1234.3417361151955,"ba_MODIS_2014":168.7806609375,"ba_MODIS_2015":369.1511974693628,"ba_MODIS_2016":25.806903125,"ba_MODIS_2017":499.14901171875033,"ba_MODIS_2018":489.2307091207108,"ba_MODIS_2019":351.70975468749987,"ba_MODIS_2020":244.23013125000003,"ba_MODIS_2021":77.7846234375,"ba_MODIS_2022":0.0,"ba_MODIS_2001_Hansen10":0.0,"ba_MODIS_2002_Hansen10":1840.13073946391,"ba_MODIS_2003_Hansen10":2690.9655957355594,"ba_MODIS_2004_Hansen10":805.83451671689,"ba_MODIS_2005_Hansen10":0.0,"ba_MODIS_2006_Hansen10":1386.8916213256816,"ba_MODIS_2007_Hansen10":1.6093978942871092,"ba_MODIS_2008_Hansen10":457.2716937591575,"ba_MODIS_2009_Hansen10":8.42366757202148,"ba_MODIS_2010_Hansen10":38.09770249938959,"ba_MODIS_2011_Hansen10":44.09548865051281,"ba_MODIS_2012_Hansen10":63.510056141154045,"ba_MODIS_2013_Hansen10":466.80768562855565,"ba_MODIS_2014_Hansen10":9.121135784912108,"ba_MODIS_2015_Hansen10":143.92790473435477,"ba_MODIS_2016_Hansen10":6.689243615722663,"ba_MODIS_2017_Hansen10":107.62747849731532,"ba_MODIS_2018_Hansen10":151.05973238579224,"ba_MODIS_2019_Hansen10":70.53197539367673,"ba_MODIS_2020_Hansen10":23.421378729248058,"ba_MODIS_2021_Hansen10":34.06520803222665,"ba_MODIS_2022_Hansen10":0.0}},{"type":"Feature","geometry":{"type":"MultiPoint","coordinates":[]},"properties":{"fa_agreement_esri_esa_glo_hansen10_gte_1":4493775.265383343,"fa_agreement_esri_esa_glo_hansen10_gte_2":2680097.950754691,"fa_agreement_esri_esa_glo_hansen10_gte_3":1514526.9474920966,"fa_agreement_esri_esa_glo_hansen10_gte_4":458836.46306062513,"fa_agreement_esri_esa_gte_1":3257869.65239336,"fa_agreement_esri_esa_gte_2":1667720.7509356886,"fa_agreement_hansen10_gte_1":5573137.191685538,"fa_agreement_hansen10_gte_2":4092217.257459826,"fa_agreement_hansen10_gte_3":3215686.4405279774,"fa_agreement_hansen10_gte_4":2481669.004709284,"fa_agreement_hansen10_gte_5":1789651.161960392,"fa_agreement_hansen10_gte_6":1131997.8886615955,"fa_agreement_hansen10_gte_7":576994.3620417517,"fa_agreement_hansen10_gte_8":203825.32725590756,"fa_agreement_hansen30_gte_9":27502.099544666642,"fa_agreement_hansen20_gte_1":5506208.6774436915,"fa_agreement_hansen20_gte_2":4032551.1251927586,"fa_agreement_hansen20_gte_3":3164242.1815408515,"fa_agreement_hansen20_gte_4":2439487.109737276,"fa_agreement_hansen20_gte_5":1759315.618460085,"fa_agreement_hansen20_gte_6":1113833.981799729,"fa_agreement_hansen20_gte_7":567650.1802642073,"fa_agreement_hansen20_gte_8":200718.3263898833,"fa_agreement_hansen30_gte_1":5462893.162682436,"fa_agreement_hansen30_gte_2":3987475.4815216097,"fa_agreement_hansen30_gte_3":3112910.5266347923,"fa_agreement_hansen30_gte_4":2389999.0045380043,"fa_agreement_hansen30_gte_5":1719384.6975640731,"fa_agreement_hansen30_gte_6":1087467.78103252,"fa_agreement_hansen30_gte_7":553049.5496720872,"fa_agreement_hansen30_gte_8":194999.40060506616,"fa_copernicus":164548.94946901556,"fa_esa_2009":2227124.338729256,"fa_esa_2020":2771626.4197164066,"fa_esri":2153960.226817965,"fa_globeland":2339057.8032951243,"fa_hansen10":1881229.6077874727,"fa_hansen20":1582304.197056436,"fa_hansen30":1300074.6482512036,"fa_jaxa":2767620.005345732,"fa_tandemx":1691129.6566982523,"fa_jrc_2020":3566561.761159785,"fra_1a_forestArea":3312.0,"fra_1a_landArea":9161.0,"fra_3b_protected":null,"iso3":"PRT","total_area_ha":9176726.789259374,"year":2020,"fa_copernicus_protected":42363.31663491871,"fa_esa_2009_protected":480229.8630174956,"fa_esa_2020_protected":513330.4995862382,"fa_esri_protected":461863.0837533192,"fa_globeland_protected":465824.3288698309,"fa_hansen10_protected":540578.9892863862,"fa_hansen20_protected":459708.6412878169,"fa_hansen30_protected":382167.28159874835,"fa_jaxa_protected":585316.8280376206,"fa_tandemx_protected":295057.59812183364,"fa_jrc_2020_protected":836270.3812256701,"ba_MODIS_2001":88803.38854093812,"ba_MODIS_2002":102078.41285958316,"ba_MODIS_2003":474011.39624642977,"ba_MODIS_2004":107896.3412212066,"ba_MODIS_2005":332175.28409726225,"ba_MODIS_2006":68452.53090680197,"ba_MODIS_2007":17104.103617254896,"ba_MODIS_2008":6885.8105816850475,"ba_MODIS_2009":65477.50569010436,"ba_MODIS_2010":150875.07832308253,"ba_MODIS_2011":55385.90172472446,"ba_MODIS_2012":88804.16524368872,"ba_MODIS_2013":177715.68313327216,"ba_MODIS_2014":11089.481942389728,"ba_MODIS_2015":43100.62549699762,"ba_MODIS_2016":161882.77743797775,"ba_MODIS_2017":521948.7374255688,"ba_MODIS_2018":36319.16325552118,"ba_MODIS_2019":28469.868297879944,"ba_MODIS_2020":53687.99332289227,"ba_MODIS_2021":15601.160142205888,"ba_MODIS_2022":5344.934634129903,"ba_MODIS_2001_Hansen10":43652.837714818925,"ba_MODIS_2002_Hansen10":49812.96068466162,"ba_MODIS_2003_Hansen10":224400.24801528204,"ba_MODIS_2004_Hansen10":42960.14425205206,"ba_MODIS_2005_Hansen10":205102.95648708838,"ba_MODIS_2006_Hansen10":34944.22665410136,"ba_MODIS_2007_Hansen10":8137.2984329653655,"ba_MODIS_2008_Hansen10":1254.8014986695266,"ba_MODIS_2009_Hansen10":27650.347702973024,"ba_MODIS_2010_Hansen10":51220.1820162349,"ba_MODIS_2011_Hansen10":20078.36261375831,"ba_MODIS_2012_Hansen10":32089.515051663024,"ba_MODIS_2013_Hansen10":53146.480191843184,"ba_MODIS_2014_Hansen10":2797.5299537062538,"ba_MODIS_2015_Hansen10":13784.48167785811,"ba_MODIS_2016_Hansen10":38938.075512642856,"ba_MODIS_2017_Hansen10":106479.48468345402,"ba_MODIS_2018_Hansen10":6318.705940920968,"ba_MODIS_2019_Hansen10":5190.231260771464,"ba_MODIS_2020_Hansen10":7008.883848207701,"ba_MODIS_2021_Hansen10":3442.0285571295926,"ba_MODIS_2022_Hansen10":2123.055074372233}},{"type":"Feature","geometry":{"type":"MultiPoint","coordinates":[]},"properties":{"fa_agreement_esri_esa_glo_hansen10_gte_1":2818274.6469335887,"fa_agreement_esri_esa_glo_hansen10_gte_2":2482928.4318460147,"fa_agreement_esri_esa_glo_hansen10_gte_3":2229523.9522711616,"fa_agreement_esri_esa_glo_hansen10_gte_4":1640054.6747073089,"fa_agreement_esri_esa_gte_1":2661162.2862223363,"fa_agreement_esri_esa_gte_2":2250153.945778267,"fa_agreement_hansen10_gte_1":3152055.033809093,"fa_agreement_hansen10_gte_2":2769128.691741214,"fa_agreement_hansen10_gte_3":2597150.4046991365,"fa_agreement_hansen10_gte_4":2485418.6778061017,"fa_agreement_hansen10_gte_5":2372031.2202723217,"fa_agreement_hansen10_gte_6":2219109.3308396875,"fa_agreement_hansen10_gte_7":2009821.788304994,"fa_agreement_hansen10_gte_8":1654947.6736879416,"fa_agreement_hansen30_gte_9":993948.7852446126,"fa_agreement_hansen20_gte_1":3145564.255952985,"fa_agreement_hansen20_gte_2":2762039.1593873505,"fa_agreement_hansen20_gte_3":2589979.44962671,"fa_agreement_hansen20_gte_4":2479305.779879867,"fa_agreement_hansen20_gte_5":2366369.659502273,"fa_agreement_hansen20_gte_6":2214589.709421034,"fa_agreement_hansen20_gte_7":2006423.1605825783,"fa_agreement_hansen20_gte_8":1652884.6490782534,"fa_agreement_hansen30_gte_1":3188298.147954622,"fa_agreement_hansen30_gte_2":2755855.7044121977,"fa_agreement_hansen30_gte_3":2583207.2007857673,"fa_agreement_hansen30_gte_4":2473575.8066258924,"fa_agreement_hansen30_gte_5":2361115.5460394933,"fa_agreement_hansen30_gte_6":2210173.96151204,"fa_agreement_hansen30_gte_7":2002873.709433,"fa_agreement_hansen30_gte_8":1650519.773324258,"fa_copernicus":1944864.1542051784,"fa_esa_2009":2028810.2942160887,"fa_esa_2020":2576948.497283704,"fa_esri":2334443.956954459,"fa_globeland":1970621.1328531017,"fa_hansen10":2286270.7684083153,"fa_hansen20":2239919.478033915,"fa_hansen30":2196933.1706329933,"fa_jaxa":2700871.4135226076,"fa_tandemx":2062145.7460893018,"fa_jrc_2020":2527980.89793376,"fra_1a_forestArea":1925.9000244140625,"fra_1a_landArea":4808.0,"fra_3b_protected":572.0,"iso3":"SVK","total_area_ha":4887490.106213751,"year":2020,"fa_copernicus_protected":973975.526824102,"fa_esa_2009_protected":1029451.233730465,"fa_esa_2020_protected":1211392.7431385876,"fa_esri_protected":1167492.6469051212,"fa_globeland_protected":1039419.5688572112,"fa_hansen10_protected":1118088.566652473,"fa_hansen20_protected":1103942.7723009805,"fa_hansen30_protected":1090687.3567872208,"fa_jaxa_protected":1251987.6624871634,"fa_tandemx_protected":1020414.4308032289,"fa_jrc_2020_protected":1267687.2685601977,"ba_MODIS_2001":4471.503585937501,"ba_MODIS_2002":5537.57124687499,"ba_MODIS_2003":1054.6216031249992,"ba_MODIS_2004":2521.1637499999997,"ba_MODIS_2005":1009.3270093750001,"ba_MODIS_2006":215.83111249999996,"ba_MODIS_2007":999.6854710416669,"ba_MODIS_2008":447.16766495098034,"ba_MODIS_2009":312.52435,"ba_MODIS_2010":169.35626898284318,"ba_MODIS_2011":1889.1560181372527,"ba_MODIS_2012":2413.7238432046574,"ba_MODIS_2013":1121.0574046874995,"ba_MODIS_2014":2458.9559891850504,"ba_MODIS_2015":1191.502131250001,"ba_MODIS_2016":760.0967031250001,"ba_MODIS_2017":743.8678046875004,"ba_MODIS_2018":165.077521875,"ba_MODIS_2019":215.46095,"ba_MODIS_2020":331.42289375,"ba_MODIS_2021":382.59333749999996,"ba_MODIS_2022":0.0,"ba_MODIS_2001_Hansen10":97.937979119873,"ba_MODIS_2002_Hansen10":107.61798549194327,"ba_MODIS_2003_Hansen10":82.85421942138672,"ba_MODIS_2004_Hansen10":80.29114309692385,"ba_MODIS_2005_Hansen10":101.82692235107407,"ba_MODIS_2006_Hansen10":1.730932861328125,"ba_MODIS_2007_Hansen10":323.9188583237355,"ba_MODIS_2008_Hansen10":19.98742152099609,"ba_MODIS_2009_Hansen10":45.629028961181646,"ba_MODIS_2010_Hansen10":0.17890109252929687,"ba_MODIS_2011_Hansen10":62.6208322753906,"ba_MODIS_2012_Hansen10":179.78377133178697,"ba_MODIS_2013_Hansen10":16.484136657714874,"ba_MODIS_2014_Hansen10":154.8506960615813,"ba_MODIS_2015_Hansen10":37.83404802856442,"ba_MODIS_2016_Hansen10":46.96858889770508,"ba_MODIS_2017_Hansen10":105.2704272827152,"ba_MODIS_2018_Hansen10":160.71484135742136,"ba_MODIS_2019_Hansen10":14.834048315429692,"ba_MODIS_2020_Hansen10":3.932004168701177,"ba_MODIS_2021_Hansen10":20.475590917968745,"ba_MODIS_2022_Hansen10":0.0}},{"type":"Feature","geometry":{"type":"MultiPoint","coordinates":[]},"properties":{"fa_agreement_esri_esa_glo_hansen10_gte_1":1.0231727765774185E7,"fa_agreement_esri_esa_glo_hansen10_gte_2":8656707.977086727,"fa_agreement_esri_esa_glo_hansen10_gte_3":7615845.100321205,"fa_agreement_esri_esa_glo_hansen10_gte_4":5850607.343535175,"fa_agreement_esri_esa_gte_1":9433104.146875516,"fa_agreement_esri_esa_gte_2":7668297.945321545,"fa_agreement_hansen10_gte_1":1.1571269826437654E7,"fa_agreement_hansen10_gte_2":9789183.776813691,"fa_agreement_hansen10_gte_3":9011174.575129062,"fa_agreement_hansen10_gte_4":8487072.919958666,"fa_agreement_hansen10_gte_5":8013804.659185544,"fa_agreement_hansen10_gte_6":7483854.271073944,"fa_agreement_hansen10_gte_7":6774347.285286781,"fa_agreement_hansen10_gte_8":5609427.512359739,"fa_agreement_hansen30_gte_9":3415210.4817037373,"fa_agreement_hansen20_gte_1":1.1505438527850596E7,"fa_agreement_hansen20_gte_2":9750589.860116899,"fa_agreement_hansen20_gte_3":8975721.395235071,"fa_agreement_hansen20_gte_4":8455669.616594147,"fa_agreement_hansen20_gte_5":7984337.032565502,"fa_agreement_hansen20_gte_6":7455295.320481744,"fa_agreement_hansen20_gte_7":6750190.807522406,"fa_agreement_hansen20_gte_8":5594263.191781684,"fa_agreement_hansen30_gte_1":1.1596555619386386E7,"fa_agreement_hansen30_gte_2":9707061.7213094,"fa_agreement_hansen30_gte_3":8936751.045371527,"fa_agreement_hansen30_gte_4":8424917.601252142,"fa_agreement_hansen30_gte_5":7957661.647334096,"fa_agreement_hansen30_gte_6":7430191.987021732,"fa_agreement_hansen30_gte_7":6728310.251237777,"fa_agreement_hansen30_gte_8":5578925.47265516,"fa_copernicus":7208953.127568798,"fa_esa_2009":6402105.843897667,"fa_esa_2020":9015587.18552301,"fa_esri":8085769.07503026,"fa_globeland":7011349.584572653,"fa_hansen10":8235204.301853574,"fa_hansen20":7946092.225146503,"fa_hansen30":7656256.042494215,"fa_jaxa":9531819.13551253,"fa_tandemx":6617390.90005137,"fa_jrc_2020":8727411.059642669,"fra_1a_forestArea":6929.0498046875,"fra_1a_landArea":23008.0,"fra_3b_protected":2606.0,"iso3":"ROU","total_area_ha":2.378076260358018E7,"year":2020,"fa_copernicus_protected":2738905.6299870447,"fa_esa_2009_protected":2373847.462868525,"fa_esa_2020_protected":3129701.704725971,"fa_esri_protected":2996705.815702867,"fa_globeland_protected":2720943.750331855,"fa_hansen10_protected":3093188.242205058,"fa_hansen20_protected":3023407.4103537556,"fa_hansen30_protected":2946155.930486882,"fa_jaxa_protected":3198389.263754337,"fa_tandemx_protected":2552735.3551972904,"fa_jrc_2020_protected":3240226.6690128245,"ba_MODIS_2001":414081.256053962,"ba_MODIS_2002":40237.1969022366,"ba_MODIS_2003":48430.36175841915,"ba_MODIS_2004":120686.7024544791,"ba_MODIS_2005":156513.6815843449,"ba_MODIS_2006":220947.0573178808,"ba_MODIS_2007":134732.99826731632,"ba_MODIS_2008":498551.7917337419,"ba_MODIS_2009":131921.65828719904,"ba_MODIS_2010":231553.33994018484,"ba_MODIS_2011":318645.68810757366,"ba_MODIS_2012":304109.79937876965,"ba_MODIS_2013":124444.1712099502,"ba_MODIS_2014":154039.52800756067,"ba_MODIS_2015":101187.85260258551,"ba_MODIS_2016":147332.23686183142,"ba_MODIS_2017":131368.71871189307,"ba_MODIS_2018":60562.95471149498,"ba_MODIS_2019":192821.60011476732,"ba_MODIS_2020":84308.67505205287,"ba_MODIS_2021":129237.16380559477,"ba_MODIS_2022":1234.8329578124994,"ba_MODIS_2001_Hansen10":4070.924095096964,"ba_MODIS_2002_Hansen10":7467.3280370458215,"ba_MODIS_2003_Hansen10":7934.554401190151,"ba_MODIS_2004_Hansen10":3432.881806096939,"ba_MODIS_2005_Hansen10":3626.5627247902767,"ba_MODIS_2006_Hansen10":8853.101880887149,"ba_MODIS_2007_Hansen10":20562.798862094194,"ba_MODIS_2008_Hansen10":7987.22039619267,"ba_MODIS_2009_Hansen10":6036.374269357957,"ba_MODIS_2010_Hansen10":4199.5003914467725,"ba_MODIS_2011_Hansen10":41404.45580595724,"ba_MODIS_2012_Hansen10":33045.809399935155,"ba_MODIS_2013_Hansen10":5364.710583087151,"ba_MODIS_2014_Hansen10":5027.03694452389,"ba_MODIS_2015_Hansen10":4140.175641473403,"ba_MODIS_2016_Hansen10":1533.3619952575768,"ba_MODIS_2017_Hansen10":15876.55851295088,"ba_MODIS_2018_Hansen10":2302.0176412791993,"ba_MODIS_2019_Hansen10":27161.27086086231,"ba_MODIS_2020_Hansen10":13160.541916363323,"ba_MODIS_2021_Hansen10":5491.654170232489,"ba_MODIS_2022_Hansen10":795.5796551635761}},{"type":"Feature","geometry":{"type":"MultiPoint","coordinates":[]},"properties":{"fa_agreement_esri_esa_glo_hansen10_gte_1":2.6696779543796334E7,"fa_agreement_esri_esa_glo_hansen10_gte_2":2.386607924181053E7,"fa_agreement_esri_esa_glo_hansen10_gte_3":2.049138022330477E7,"fa_agreement_esri_esa_glo_hansen10_gte_4":1.2984828366002942E7,"fa_agreement_esri_esa_gte_1":2.44512498876996E7,"fa_agreement_esri_esa_gte_2":2.0688728245098677E7,"fa_agreement_hansen10_gte_1":2.8721396996699963E7,"fa_agreement_hansen10_gte_2":2.6312472539260548E7,"fa_agreement_hansen10_gte_3":2.4929536653249145E7,"fa_agreement_hansen10_gte_4":2.3799855264741726E7,"fa_agreement_hansen10_gte_5":2.2574265570809968E7,"fa_agreement_hansen10_gte_6":2.083419524185017E7,"fa_agreement_hansen10_gte_7":1.790104780518666E7,"fa_agreement_hansen10_gte_8":1.2832603007064616E7,"fa_agreement_hansen30_gte_9":6081080.6682737535,"fa_agreement_hansen20_gte_1":2.866693441451298E7,"fa_agreement_hansen20_gte_2":2.625498615713985E7,"fa_agreement_hansen20_gte_3":2.4879368622084845E7,"fa_agreement_hansen20_gte_4":2.375061174053767E7,"fa_agreement_hansen20_gte_5":2.251580629087124E7,"fa_agreement_hansen20_gte_6":2.0759342655954264E7,"fa_agreement_hansen20_gte_7":1.7820449302858785E7,"fa_agreement_hansen20_gte_8":1.2772096577061187E7,"fa_agreement_hansen30_gte_1":2.9029528760507464E7,"fa_agreement_hansen30_gte_2":2.621072111167132E7,"fa_agreement_hansen30_gte_3":2.483520973228476E7,"fa_agreement_hansen30_gte_4":2.370390942408368E7,"fa_agreement_hansen30_gte_5":2.2457564786316223E7,"fa_agreement_hansen30_gte_6":2.0678876980637845E7,"fa_agreement_hansen30_gte_7":1.773021158257129E7,"fa_agreement_hansen30_gte_8":1.2713292298241723E7,"fa_copernicus":1.9643763718767993E7,"fa_esa_2009":2.2099655923847124E7,"fa_esa_2020":2.3482685582888413E7,"fa_esri":2.165776732829217E7,"fa_globeland":1.951527587779856E7,"fa_hansen10":1.935048652882811E7,"fa_hansen20":1.8809819846024577E7,"fa_hansen30":1.832040734183036E7,"fa_jaxa":2.4786538298954576E7,"fa_tandemx":1.1791300872325547E7,"fa_jrc_2020":2.361954099004031E7,"fra_1a_forestArea":22409.0,"fra_1a_landArea":30391.0,"fra_3b_protected":2830.659912109375,"iso3":"FIN","total_area_ha":3.334486332361955E7,"year":2020,"fa_copernicus_protected":1313114.507903854,"fa_esa_2009_protected":1902571.5288280696,"fa_esa_2020_protected":1989881.156232474,"fa_esri_protected":1862532.6578804697,"fa_globeland_protected":1987072.6336861576,"fa_hansen10_protected":1900094.950077873,"fa_hansen20_protected":1770316.5157372465,"fa_hansen30_protected":1682435.0644058287,"fa_jaxa_protected":2259490.9275503606,"fa_tandemx_protected":954523.7900789657,"fa_jrc_2020_protected":2210609.3440602054,"ba_MODIS_2001":521.4007578125003,"ba_MODIS_2002":538.3700641636028,"ba_MODIS_2003":10083.766025781253,"ba_MODIS_2004":0.0,"ba_MODIS_2005":68.56450468749999,"ba_MODIS_2006":10609.950062417296,"ba_MODIS_2007":1844.8535226562512,"ba_MODIS_2008":5246.73382968751,"ba_MODIS_2009":3081.9571289062505,"ba_MODIS_2010":1044.09656875,"ba_MODIS_2011":2294.325839843748,"ba_MODIS_2012":0.0,"ba_MODIS_2013":1141.8278382812496,"ba_MODIS_2014":100.44938671875002,"ba_MODIS_2015":493.98620468749994,"ba_MODIS_2016":2664.7295773437495,"ba_MODIS_2017":0.0,"ba_MODIS_2018":5351.962840398287,"ba_MODIS_2019":2837.1291718750012,"ba_MODIS_2020":0.0,"ba_MODIS_2021":1057.6956140625002,"ba_MODIS_2022":0.0,"ba_MODIS_2001_Hansen10":401.69913369445555,"ba_MODIS_2002_Hansen10":137.72988629150402,"ba_MODIS_2003_Hansen10":3611.76111217648,"ba_MODIS_2004_Hansen10":0.0,"ba_MODIS_2005_Hansen10":18.41110603027345,"ba_MODIS_2006_Hansen10":5222.233894244246,"ba_MODIS_2007_Hansen10":608.9451294555668,"ba_MODIS_2008_Hansen10":2251.792814929047,"ba_MODIS_2009_Hansen10":1498.269231207312,"ba_MODIS_2010_Hansen10":646.7970826019321,"ba_MODIS_2011_Hansen10":812.3282069060951,"ba_MODIS_2012_Hansen10":0.0,"ba_MODIS_2013_Hansen10":477.1219620971816,"ba_MODIS_2014_Hansen10":48.77534633789029,"ba_MODIS_2015_Hansen10":245.67740911865224,"ba_MODIS_2016_Hansen10":688.6624798858534,"ba_MODIS_2017_Hansen10":0.0,"ba_MODIS_2018_Hansen10":1347.7550626152806,"ba_MODIS_2019_Hansen10":847.6361054412416,"ba_MODIS_2020_Hansen10":0.0,"ba_MODIS_2021_Hansen10":342.94197123412795,"ba_MODIS_2022_Hansen10":0.0}},{"type":"Feature","geometry":{"type":"MultiPoint","coordinates":[]},"properties":{"fa_agreement_esri_esa_glo_hansen10_gte_1":1555192.7428503195,"fa_agreement_esri_esa_glo_hansen10_gte_2":1399299.7624604383,"fa_agreement_esri_esa_glo_hansen10_gte_3":1259065.0083421739,"fa_agreement_esri_esa_glo_hansen10_gte_4":969782.8966910838,"fa_agreement_esri_esa_gte_1":1485688.231742834,"fa_agreement_esri_esa_gte_2":1241301.7234807876,"fa_agreement_hansen10_gte_1":1754478.178909522,"fa_agreement_hansen10_gte_2":1582972.0215985712,"fa_agreement_hansen10_gte_3":1482546.9908354888,"fa_agreement_hansen10_gte_4":1414005.8106984412,"fa_agreement_hansen10_gte_5":1351044.0164190794,"fa_agreement_hansen10_gte_6":1276240.2023937737,"fa_agreement_hansen10_gte_7":1167903.3348526119,"fa_agreement_hansen10_gte_8":971353.0103499199,"fa_agreement_hansen30_gte_9":524420.1203946191,"fa_agreement_hansen20_gte_1":1753078.4638723165,"fa_agreement_hansen20_gte_2":1580637.8221475608,"fa_agreement_hansen20_gte_3":1479722.1559288611,"fa_agreement_hansen20_gte_4":1410894.5110739637,"fa_agreement_hansen20_gte_5":1347555.6044489946,"fa_agreement_hansen20_gte_6":1272460.2824924225,"fa_agreement_hansen20_gte_7":1164815.6958626444,"fa_agreement_hansen20_gte_8":969222.3371749753,"fa_agreement_hansen30_gte_1":1788117.6710389035,"fa_agreement_hansen30_gte_2":1578439.5994802855,"fa_agreement_hansen30_gte_3":1477036.8030363703,"fa_agreement_hansen30_gte_4":1408012.2538562824,"fa_agreement_hansen30_gte_5":1344267.4129309729,"fa_agreement_hansen30_gte_6":1269073.4527972953,"fa_agreement_hansen30_gte_7":1161881.4131638703,"fa_agreement_hansen30_gte_8":967102.489748909,"fa_copernicus":1272578.1901038599,"fa_esa_2009":1190686.58762471,"fa_esa_2020":1437459.0031657044,"fa_esri":1289531.6778402368,"fa_globeland":1141621.3051447794,"fa_hansen10":1312691.9950927554,"fa_hansen20":1288007.9162873798,"fa_hansen30":1264918.115264534,"fa_jaxa":1369712.4908095212,"fa_tandemx":1269017.6410383868,"fa_jrc_2020":1389832.6028770453,"fra_1a_forestArea":1237.8299560546875,"fra_1a_landArea":2014.0,"fra_3b_protected":244.52999877929688,"iso3":"SVN","total_area_ha":2021889.0159015427,"year":2020,"fa_copernicus_protected":554458.1626023642,"fa_esa_2009_protected":527465.2530760189,"fa_esa_2020_protected":628080.5297253246,"fa_esri_protected":557516.3913326954,"fa_globeland_protected":524704.2765506702,"fa_hansen10_protected":582395.9891858546,"fa_hansen20_protected":573342.1824148806,"fa_hansen30_protected":563505.8088577915,"fa_jaxa_protected":490416.2689066428,"fa_tandemx_protected":556011.8907460701,"fa_jrc_2020_protected":636440.3672067263,"ba_MODIS_2001":52.14395156249999,"ba_MODIS_2002":0.0,"ba_MODIS_2003":940.223143180148,"ba_MODIS_2004":17.2514859375,"ba_MODIS_2005":0.0,"ba_MODIS_2006":522.5136281249999,"ba_MODIS_2007":34.4735359375,"ba_MODIS_2008":0.0,"ba_MODIS_2009":120.43923992647059,"ba_MODIS_2010":0.0,"ba_MODIS_2011":1687.5726312499992,"ba_MODIS_2012":867.1649625000002,"ba_MODIS_2013":34.63164375,"ba_MODIS_2014":51.671729687500005,"ba_MODIS_2015":0.0,"ba_MODIS_2016":401.97070624999986,"ba_MODIS_2017":87.1108140625,"ba_MODIS_2018":173.09118750000002,"ba_MODIS_2019":0.0,"ba_MODIS_2020":0.0,"ba_MODIS_2021":0.0,"ba_MODIS_2022":0.0,"ba_MODIS_2001_Hansen10":41.548271752929494,"ba_MODIS_2002_Hansen10":0.0,"ba_MODIS_2003_Hansen10":484.4157060337617,"ba_MODIS_2004_Hansen10":20.495143328857303,"ba_MODIS_2005_Hansen10":0.0,"ba_MODIS_2006_Hansen10":434.70502886963516,"ba_MODIS_2007_Hansen10":43.12657218627927,"ba_MODIS_2008_Hansen10":0.0,"ba_MODIS_2009_Hansen10":127.1972400861435,"ba_MODIS_2010_Hansen10":0.0,"ba_MODIS_2011_Hansen10":1480.5806710754184,"ba_MODIS_2012_Hansen10":617.4533862609806,"ba_MODIS_2013_Hansen10":22.191389410400344,"ba_MODIS_2014_Hansen10":61.756984686279324,"ba_MODIS_2015_Hansen10":0.0,"ba_MODIS_2016_Hansen10":255.19050661621347,"ba_MODIS_2017_Hansen10":16.68323167114254,"ba_MODIS_2018_Hansen10":151.10233664550776,"ba_MODIS_2019_Hansen10":0.0,"ba_MODIS_2020_Hansen10":0.0,"ba_MODIS_2021_Hansen10":0.0,"ba_MODIS_2022_Hansen10":0.0}},{"type":"Feature","geometry":{"type":"MultiPoint","coordinates":[]},"properties":{"fa_agreement_esri_esa_glo_hansen10_gte_1":3486447.605672142,"fa_agreement_esri_esa_glo_hansen10_gte_2":2933550.96278244,"fa_agreement_esri_esa_glo_hansen10_gte_3":2478221.7183167646,"fa_agreement_esri_esa_glo_hansen10_gte_4":1698371.6722089993,"fa_agreement_esri_esa_gte_1":3302602.5479267677,"fa_agreement_esri_esa_gte_2":2591080.962771154,"fa_agreement_hansen10_gte_1":4209102.013214075,"fa_agreement_hansen10_gte_2":3458080.353984009,"fa_agreement_hansen10_gte_3":3154708.2853151383,"fa_agreement_hansen10_gte_4":2903655.7335048523,"fa_agreement_hansen10_gte_5":2667059.6845232965,"fa_agreement_hansen10_gte_6":2392964.6710512913,"fa_agreement_hansen10_gte_7":2023461.691836181,"fa_agreement_hansen10_gte_8":1495868.1240346306,"fa_agreement_hansen30_gte_9":599712.9210991588,"fa_agreement_hansen20_gte_1":4203723.013723551,"fa_agreement_hansen20_gte_2":3450219.4336872725,"fa_agreement_hansen20_gte_3":3143946.7041686703,"fa_agreement_hansen20_gte_4":2886899.1677305396,"fa_agreement_hansen20_gte_5":2645744.8480410785,"fa_agreement_hansen20_gte_6":2369207.5473550754,"fa_agreement_hansen20_gte_7":2007539.874298886,"fa_agreement_hansen20_gte_8":1489905.7077502145,"fa_agreement_hansen30_gte_1":4293627.960321716,"fa_agreement_hansen30_gte_2":3441390.955484629,"fa_agreement_hansen30_gte_3":3132925.318846274,"fa_agreement_hansen30_gte_4":2869619.109109527,"fa_agreement_hansen30_gte_5":2620595.91331142,"fa_agreement_hansen30_gte_6":2340874.118711923,"fa_agreement_hansen30_gte_7":1987477.9443613011,"fa_agreement_hansen30_gte_8":1481179.3399575267,"fa_copernicus":2387460.839963057,"fa_esa_2009":1574464.8815744258,"fa_esa_2020":3104797.663408279,"fa_esri":2788871.331235073,"fa_globeland":2106249.5545272077,"fa_hansen10":2593525.0494517996,"fa_hansen20":2479421.9464150835,"fa_hansen30":2346469.5767727066,"fa_jaxa":3696443.20070293,"fa_tandemx":1902026.1448730985,"fa_jrc_2020":3064426.639039404,"fra_1a_forestArea":1939.1099853515625,"fra_1a_landArea":5596.0,"fra_3b_protected":55.20000076293945,"iso3":"HRV","total_area_ha":5633623.09052892,"year":2020,"fa_copernicus_protected":1051808.0776549606,"fa_esa_2009_protected":831905.1465797139,"fa_esa_2020_protected":1332029.562418794,"fa_esri_protected":1191615.6880771518,"fa_globeland_protected":1005819.323398998,"fa_hansen10_protected":1158826.716174487,"fa_hansen20_protected":1115123.5842903988,"fa_hansen30_protected":1064270.511687558,"fa_jaxa_protected":1468506.3266505587,"fa_tandemx_protected":904427.0342941891,"fa_jrc_2020_protected":1391570.4482167356,"ba_MODIS_2001":24839.604967720556,"ba_MODIS_2002":5734.795320520838,"ba_MODIS_2003":20724.188785422815,"ba_MODIS_2004":3655.506141574755,"ba_MODIS_2005":4853.678021488972,"ba_MODIS_2006":5250.918823235292,"ba_MODIS_2007":20859.642515012278,"ba_MODIS_2008":13969.653052518355,"ba_MODIS_2009":5775.706207812495,"ba_MODIS_2010":1445.5588375000004,"ba_MODIS_2011":27938.27463365192,"ba_MODIS_2012":21997.857691121324,"ba_MODIS_2013":731.6738062500001,"ba_MODIS_2014":1158.9387687499998,"ba_MODIS_2015":5485.880480606624,"ba_MODIS_2016":3561.1652518749997,"ba_MODIS_2017":48742.403753204606,"ba_MODIS_2018":1187.4551519607846,"ba_MODIS_2019":3957.702654074759,"ba_MODIS_2020":10823.801247953437,"ba_MODIS_2021":3810.9793038419084,"ba_MODIS_2022":0.0,"ba_MODIS_2001_Hansen10":2925.486990889954,"ba_MODIS_2002_Hansen10":1597.8005090333893,"ba_MODIS_2003_Hansen10":4383.550498925644,"ba_MODIS_2004_Hansen10":261.25694086095467,"ba_MODIS_2005_Hansen10":1713.5583012097193,"ba_MODIS_2006_Hansen10":207.95716752972825,"ba_MODIS_2007_Hansen10":3999.6447091710556,"ba_MODIS_2008_Hansen10":3612.2703678170574,"ba_MODIS_2009_Hansen10":1010.2649509643661,"ba_MODIS_2010_Hansen10":157.99997843628066,"ba_MODIS_2011_Hansen10":7773.95769584733,"ba_MODIS_2012_Hansen10":4574.383577075088,"ba_MODIS_2013_Hansen10":21.12842268066406,"ba_MODIS_2014_Hansen10":428.73252589721557,"ba_MODIS_2015_Hansen10":1150.185081005803,"ba_MODIS_2016_Hansen10":636.0663160051342,"ba_MODIS_2017_Hansen10":7620.741510318362,"ba_MODIS_2018_Hansen10":286.04239468994047,"ba_MODIS_2019_Hansen10":1010.8413655447655,"ba_MODIS_2020_Hansen10":3307.432469207642,"ba_MODIS_2021_Hansen10":278.32180132604424,"ba_MODIS_2022_Hansen10":0.0}},{"type":"Feature","geometry":{"type":"MultiPoint","coordinates":[]},"properties":{"fa_agreement_esri_esa_glo_hansen10_gte_1":1.144736602013704E7,"fa_agreement_esri_esa_glo_hansen10_gte_2":1.0118883023567853E7,"fa_agreement_esri_esa_glo_hansen10_gte_3":8899250.463151408,"fa_agreement_esri_esa_glo_hansen10_gte_4":6226542.080771724,"fa_agreement_esri_esa_gte_1":1.0774815792559361E7,"fa_agreement_esri_esa_gte_2":9413106.104468003,"fa_agreement_hansen10_gte_1":1.3560069949616337E7,"fa_agreement_hansen10_gte_2":1.1382902498621479E7,"fa_agreement_hansen10_gte_3":1.0544614171881529E7,"fa_agreement_hansen10_gte_4":1.0036617790342275E7,"fa_agreement_hansen10_gte_5":9562288.991275975,"fa_agreement_hansen10_gte_6":9000022.252517674,"fa_agreement_hansen10_gte_7":8220744.751341369,"fa_agreement_hansen10_gte_8":6964116.18296442,"fa_agreement_hansen30_gte_9":4691650.862335751,"fa_agreement_hansen20_gte_1":1.3518034474326523E7,"fa_agreement_hansen20_gte_2":1.1339769318522146E7,"fa_agreement_hansen20_gte_3":1.0514074406228967E7,"fa_agreement_hansen20_gte_4":1.001143962323175E7,"fa_agreement_hansen20_gte_5":9536535.464644283,"fa_agreement_hansen20_gte_6":8971504.898255765,"fa_agreement_hansen20_gte_7":8192053.687199683,"fa_agreement_hansen20_gte_8":6945808.347331747,"fa_agreement_hansen30_gte_1":1.3712992551232513E7,"fa_agreement_hansen30_gte_2":1.1304617455615262E7,"fa_agreement_hansen30_gte_3":1.0485546371738588E7,"fa_agreement_hansen30_gte_4":9985458.365057448,"fa_agreement_hansen30_gte_5":9508563.380243473,"fa_agreement_hansen30_gte_6":8939300.98305777,"fa_agreement_hansen30_gte_7":8157837.864234266,"fa_agreement_hansen30_gte_8":6922561.291837208,"fa_copernicus":9201145.919466883,"fa_esa_2009":9932913.550972827,"fa_esa_2020":1.018895938702425E7,"fa_esri":9998969.833734402,"fa_globeland":7419151.562904299,"fa_hansen10":9078312.175905759,"fa_hansen20":8815864.048400993,"fa_hansen30":8556849.261712553,"fa_jaxa":1.0871467467243316E7,"fa_tandemx":8233169.181420886,"fa_jrc_2020":9958495.780656165,"fra_1a_forestArea":8767.599609375,"fra_1a_landArea":20297.80078125,"fra_3b_protected":1364.0,"iso3":"BLR","total_area_ha":2.0675187815831438E7,"year":2020,"fa_copernicus_protected":1833819.55230735,"fa_esa_2009_protected":1864742.889320844,"fa_esa_2020_protected":1906129.384924535,"fa_esri_protected":1897226.3337500198,"fa_globeland_protected":1450251.1324106196,"fa_hansen10_protected":1961803.5674747976,"fa_hansen20_protected":1892203.46829975,"fa_hansen30_protected":1820693.038773832,"fa_jaxa_protected":1934743.1575404992,"fa_tandemx_protected":1548477.3307788132,"fa_jrc_2020_protected":1935939.1595136118,"ba_MODIS_2001":17735.41054653802,"ba_MODIS_2002":182751.41748402434,"ba_MODIS_2003":66972.16940072345,"ba_MODIS_2004":22376.890774111584,"ba_MODIS_2005":40397.18598862735,"ba_MODIS_2006":71463.29227365153,"ba_MODIS_2007":19420.00262369485,"ba_MODIS_2008":43743.38715264711,"ba_MODIS_2009":37611.257095153225,"ba_MODIS_2010":13705.235333216888,"ba_MODIS_2011":6156.163179773283,"ba_MODIS_2012":49334.20018074141,"ba_MODIS_2013":13450.29687721813,"ba_MODIS_2014":63449.41219262868,"ba_MODIS_2015":95706.47764365279,"ba_MODIS_2016":8838.593691164224,"ba_MODIS_2017":6872.538525410535,"ba_MODIS_2018":51868.43562376215,"ba_MODIS_2019":33532.49947769608,"ba_MODIS_2020":50890.01683425263,"ba_MODIS_2021":9578.180293014704,"ba_MODIS_2022":445.0699000000001,"ba_MODIS_2001_Hansen10":8422.79256545705,"ba_MODIS_2002_Hansen10":89408.45506423131,"ba_MODIS_2003_Hansen10":38577.22632407746,"ba_MODIS_2004_Hansen10":8311.07743698103,"ba_MODIS_2005_Hansen10":10789.334865289233,"ba_MODIS_2006_Hansen10":27771.688515652066,"ba_MODIS_2007_Hansen10":3819.8430170388997,"ba_MODIS_2008_Hansen10":5638.268959842693,"ba_MODIS_2009_Hansen10":6379.555782818277,"ba_MODIS_2010_Hansen10":3666.6801966971957,"ba_MODIS_2011_Hansen10":1002.0884495634207,"ba_MODIS_2012_Hansen10":26081.37931639432,"ba_MODIS_2013_Hansen10":5175.737393365005,"ba_MODIS_2014_Hansen10":22896.973789638345,"ba_MODIS_2015_Hansen10":34350.07936176661,"ba_MODIS_2016_Hansen10":3424.3408172985314,"ba_MODIS_2017_Hansen10":578.3576113263036,"ba_MODIS_2018_Hansen10":21325.74722441098,"ba_MODIS_2019_Hansen10":6801.639936496909,"ba_MODIS_2020_Hansen10":20306.270883554458,"ba_MODIS_2021_Hansen10":1733.676467324084,"ba_MODIS_2022_Hansen10":69.26345700683592}},{"type":"Feature","geometry":{"type":"MultiPoint","coordinates":[]},"properties":{"fa_agreement_esri_esa_glo_hansen10_gte_1":4709627.31084785,"fa_agreement_esri_esa_glo_hansen10_gte_2":3965126.2053556154,"fa_agreement_esri_esa_glo_hansen10_gte_3":3347117.7994268257,"fa_agreement_esri_esa_glo_hansen10_gte_4":2450386.885158306,"fa_agreement_esri_esa_gte_1":4376552.027549053,"fa_agreement_esri_esa_gte_2":3386254.631833611,"fa_agreement_hansen10_gte_1":5165877.644475016,"fa_agreement_hansen10_gte_2":4495179.624541665,"fa_agreement_hansen10_gte_3":4133911.995537915,"fa_agreement_hansen10_gte_4":3849208.4774115244,"fa_agreement_hansen10_gte_5":3557547.222605495,"fa_agreement_hansen10_gte_6":3212339.392818805,"fa_agreement_hansen10_gte_7":2758314.8854171704,"fa_agreement_hansen10_gte_8":2082695.0390279791,"fa_agreement_hansen30_gte_9":1024072.7906948233,"fa_agreement_hansen20_gte_1":5151278.106429952,"fa_agreement_hansen20_gte_2":4483848.630728586,"fa_agreement_hansen20_gte_3":4120284.3491847194,"fa_agreement_hansen20_gte_4":3834142.475331856,"fa_agreement_hansen20_gte_5":3539191.6369504193,"fa_agreement_hansen20_gte_6":3188988.639886493,"fa_agreement_hansen20_gte_7":2733134.2354095094,"fa_agreement_hansen20_gte_8":2063117.3992490578,"fa_agreement_hansen30_gte_1":5251903.8107153755,"fa_agreement_hansen30_gte_2":4465683.792995155,"fa_agreement_hansen30_gte_3":4096999.9636314493,"fa_agreement_hansen30_gte_4":3811021.2575741815,"fa_agreement_hansen30_gte_5":3516054.888902819,"fa_agreement_hansen30_gte_6":3164501.074397782,"fa_agreement_hansen30_gte_7":2710505.0994812683,"fa_agreement_hansen30_gte_8":2046673.2573205624,"fa_copernicus":3074172.755013955,"fa_esa_2009":2438660.4702673405,"fa_esa_2020":4161093.9307640945,"fa_esri":3601691.3202079446,"fa_globeland":3314035.664371333,"fa_hansen10":3389367.530232168,"fa_hansen20":3234242.332786338,"fa_hansen30":3047736.142785222,"fa_jaxa":4248447.55122328,"fa_tandemx":2460662.5983703635,"fa_jrc_2020":4030248.335114921,"fra_1a_forestArea":2722.64990234375,"fra_1a_landArea":8746.0,"fra_3b_protected":501.0,"iso3":"SRB","total_area_ha":8827992.400215128,"year":2020,"fa_copernicus_protected":221573.09916949342,"fa_esa_2009_protected":218903.09052627528,"fa_esa_2020_protected":273267.93195112643,"fa_esri_protected":258734.27359737668,"fa_globeland_protected":256156.84987207034,"fa_hansen10_protected":250423.42224579267,"fa_hansen20_protected":243374.67169769263,"fa_hansen30_protected":236383.99635737718,"fa_jaxa_protected":282633.5259647927,"fa_tandemx_protected":205616.7586555327,"fa_jrc_2020_protected":282886.0476786492,"ba_MODIS_2001":50425.73845003668,"ba_MODIS_2002":17612.400016035506,"ba_MODIS_2003":36545.06225171584,"ba_MODIS_2004":59124.533872439,"ba_MODIS_2005":13514.205014436258,"ba_MODIS_2006":42199.62055673393,"ba_MODIS_2007":78695.34176324127,"ba_MODIS_2008":87574.98423257368,"ba_MODIS_2009":46496.41396909297,"ba_MODIS_2010":13138.75653973038,"ba_MODIS_2011":80130.38155795999,"ba_MODIS_2012":190879.83610458506,"ba_MODIS_2013":7172.039485937496,"ba_MODIS_2014":4647.201062371315,"ba_MODIS_2015":6473.911749773284,"ba_MODIS_2016":7105.957028676469,"ba_MODIS_2017":30131.477063658058,"ba_MODIS_2018":54869.74929504902,"ba_MODIS_2019":39839.58813817392,"ba_MODIS_2020":16134.198338976701,"ba_MODIS_2021":15989.935310202152,"ba_MODIS_2022":0.0,"ba_MODIS_2001_Hansen10":940.3272304028561,"ba_MODIS_2002_Hansen10":2325.6312086170915,"ba_MODIS_2003_Hansen10":895.9134054976658,"ba_MODIS_2004_Hansen10":664.5218535420256,"ba_MODIS_2005_Hansen10":206.57879077160393,"ba_MODIS_2006_Hansen10":1765.3875722102407,"ba_MODIS_2007_Hansen10":20262.64619263352,"ba_MODIS_2008_Hansen10":1337.9990927401645,"ba_MODIS_2009_Hansen10":2040.8511112298893,"ba_MODIS_2010_Hansen10":1434.663249449706,"ba_MODIS_2011_Hansen10":4352.12910344482,"ba_MODIS_2012_Hansen10":11688.739668405078,"ba_MODIS_2013_Hansen10":94.35479730834972,"ba_MODIS_2014_Hansen10":72.75454342435977,"ba_MODIS_2015_Hansen10":923.5588428107548,"ba_MODIS_2016_Hansen10":995.5173639343344,"ba_MODIS_2017_Hansen10":2196.632295914649,"ba_MODIS_2018_Hansen10":2209.797511337293,"ba_MODIS_2019_Hansen10":7696.802350022229,"ba_MODIS_2020_Hansen10":2186.501102473667,"ba_MODIS_2021_Hansen10":1848.087427496326,"ba_MODIS_2022_Hansen10":0.0}},{"type":"Feature","geometry":{"type":"MultiPoint","coordinates":[]},"properties":{"fa_agreement_esri_esa_glo_hansen10_gte_1":4284937.257380533,"fa_agreement_esri_esa_glo_hansen10_gte_2":3753956.0173042146,"fa_agreement_esri_esa_glo_hansen10_gte_3":3194765.9535915093,"fa_agreement_esri_esa_glo_hansen10_gte_4":1900538.748289154,"fa_agreement_esri_esa_gte_1":3934660.836185449,"fa_agreement_esri_esa_gte_2":3320474.045201762,"fa_agreement_hansen10_gte_1":4901132.465924567,"fa_agreement_hansen10_gte_2":4282647.293339243,"fa_agreement_hansen10_gte_3":3990215.253059336,"fa_agreement_hansen10_gte_4":3799165.8828531983,"fa_agreement_hansen10_gte_5":3619649.151722183,"fa_agreement_hansen10_gte_6":3387322.3831184553,"fa_agreement_hansen10_gte_7":3002326.221276833,"fa_agreement_hansen10_gte_8":2330396.7691291585,"fa_agreement_hansen30_gte_9":1291987.4986776223,"fa_agreement_hansen20_gte_1":4881858.531064866,"fa_agreement_hansen20_gte_2":4270514.722979345,"fa_agreement_hansen20_gte_3":3981175.768470559,"fa_agreement_hansen20_gte_4":3791797.223998042,"fa_agreement_hansen20_gte_5":3612676.6738173594,"fa_agreement_hansen20_gte_6":3380001.1228611907,"fa_agreement_hansen20_gte_7":2994612.873441687,"fa_agreement_hansen20_gte_8":2324747.401888784,"fa_agreement_hansen30_gte_1":4973669.165620578,"fa_agreement_hansen30_gte_2":4260934.826420308,"fa_agreement_hansen30_gte_3":3973150.8448946183,"fa_agreement_hansen30_gte_4":3784814.6847548313,"fa_agreement_hansen30_gte_5":3605841.219988623,"fa_agreement_hansen30_gte_6":3372450.3299060487,"fa_agreement_hansen30_gte_7":2985919.858077119,"fa_agreement_hansen30_gte_8":2317837.979652865,"fa_copernicus":3509547.351522152,"fa_esa_2009":3734573.2074303236,"fa_esa_2020":3706031.542242134,"fa_esri":3549113.2489755056,"fa_globeland":2794654.9454148794,"fa_hansen10":3078890.2977262433,"fa_hansen20":2997400.073593684,"fa_hansen30":2923505.1054339744,"fa_jaxa":3924062.1526434612,"fa_tandemx":3047146.2246087696,"fa_jrc_2020":3709253.7143893745,"fra_1a_forestArea":3410.7900390625,"fra_1a_landArea":6218.0,"fra_3b_protected":559.9299926757812,"iso3":"LVA","total_area_ha":6426795.864579233,"year":2020,"fa_copernicus_protected":465633.34633686166,"fa_esa_2009_protected":479131.34093582403,"fa_esa_2020_protected":482477.0734041421,"fa_esri_protected":459577.2561005198,"fa_globeland_protected":351610.5902753987,"fa_hansen10_protected":501502.627636512,"fa_hansen20_protected":481268.32538041635,"fa_hansen30_protected":463367.5853389483,"fa_jaxa_protected":453016.1841945203,"fa_tandemx_protected":397799.46534145635,"fa_jrc_2020_protected":494873.8948407784,"ba_MODIS_2001":2431.2523831862736,"ba_MODIS_2002":8195.359194662986,"ba_MODIS_2003":17874.802987499992,"ba_MODIS_2004":3146.884924632355,"ba_MODIS_2005":236.19597031249998,"ba_MODIS_2006":1577.4448688786765,"ba_MODIS_2007":1469.6968252389731,"ba_MODIS_2008":0.0,"ba_MODIS_2009":616.8451448529413,"ba_MODIS_2010":898.6893579963236,"ba_MODIS_2011":652.6308468749995,"ba_MODIS_2012":41.64784375,"ba_MODIS_2013":2357.3621281249984,"ba_MODIS_2014":921.9283234375,"ba_MODIS_2015":1702.3967609681374,"ba_MODIS_2016":460.73806246323517,"ba_MODIS_2017":0.0,"ba_MODIS_2018":1761.3638796875,"ba_MODIS_2019":135.34003124999998,"ba_MODIS_2020":69.26887674632353,"ba_MODIS_2021":95.60512812500001,"ba_MODIS_2022":0.0,"ba_MODIS_2001_Hansen10":1078.6892400846668,"ba_MODIS_2002_Hansen10":2709.9964030421097,"ba_MODIS_2003_Hansen10":8512.36608979788,"ba_MODIS_2004_Hansen10":1512.018795730095,"ba_MODIS_2005_Hansen10":20.710140109252936,"ba_MODIS_2006_Hansen10":293.0572917097145,"ba_MODIS_2007_Hansen10":712.6475269498646,"ba_MODIS_2008_Hansen10":0.0,"ba_MODIS_2009_Hansen10":238.08823348293984,"ba_MODIS_2010_Hansen10":355.6235883355001,"ba_MODIS_2011_Hansen10":305.41931775207485,"ba_MODIS_2012_Hansen10":1.7458250030517577,"ba_MODIS_2013_Hansen10":879.5389868865868,"ba_MODIS_2014_Hansen10":88.40511044921845,"ba_MODIS_2015_Hansen10":596.6921719604549,"ba_MODIS_2016_Hansen10":48.66815978150608,"ba_MODIS_2017_Hansen10":0.0,"ba_MODIS_2018_Hansen10":1013.2512379000325,"ba_MODIS_2019_Hansen10":11.565334221263203,"ba_MODIS_2020_Hansen10":4.733336700439452,"ba_MODIS_2021_Hansen10":48.61426091308575,"ba_MODIS_2022_Hansen10":0.0}},{"type":"Feature","geometry":{"type":"MultiPoint","coordinates":[]},"properties":{"fa_agreement_esri_esa_glo_hansen10_gte_1":3770355.1252118726,"fa_agreement_esri_esa_glo_hansen10_gte_2":3249837.5213976447,"fa_agreement_esri_esa_glo_hansen10_gte_3":2794235.679018366,"fa_agreement_esri_esa_glo_hansen10_gte_4":2050188.2177019776,"fa_agreement_esri_esa_gte_1":3525453.901700958,"fa_agreement_esri_esa_gte_2":2882524.0743921683,"fa_agreement_hansen10_gte_1":4209614.871611708,"fa_agreement_hansen10_gte_2":3745675.557713335,"fa_agreement_hansen10_gte_3":3462402.0798461335,"fa_agreement_hansen10_gte_4":3252706.8464826453,"fa_agreement_hansen10_gte_5":3034458.38359342,"fa_agreement_hansen10_gte_6":2770225.56068447,"fa_agreement_hansen10_gte_7":2430284.3002562234,"fa_agreement_hansen10_gte_8":1951620.6871515363,"fa_agreement_hansen30_gte_9":1143812.485428364,"fa_agreement_hansen20_gte_1":4203850.775574568,"fa_agreement_hansen20_gte_2":3738821.029103552,"fa_agreement_hansen20_gte_3":3453487.3151291315,"fa_agreement_hansen20_gte_4":3239928.089447756,"fa_agreement_hansen20_gte_5":3015671.3726009903,"fa_agreement_hansen20_gte_6":2746967.350250222,"fa_agreement_hansen20_gte_7":2408830.1004094183,"fa_agreement_hansen20_gte_8":1938526.643061566,"fa_agreement_hansen30_gte_1":4292511.3535067495,"fa_agreement_hansen30_gte_2":3731644.381521615,"fa_agreement_hansen30_gte_3":3444204.181964961,"fa_agreement_hansen30_gte_4":3226812.5578775373,"fa_agreement_hansen30_gte_5":2995600.1186243715,"fa_agreement_hansen30_gte_6":2725093.934904404,"fa_agreement_hansen30_gte_7":2390480.204264402,"fa_agreement_hansen30_gte_8":1927409.3931829527,"fa_copernicus":2675801.3837104584,"fa_esa_2009":2156273.9325523353,"fa_esa_2020":3351176.393228313,"fa_esri":3056815.4192245915,"fa_globeland":2559523.571227349,"fa_hansen10":2893020.6385090374,"fa_hansen20":2772365.5600326266,"fa_hansen30":2656086.4609690015,"fa_jaxa":3759330.4648393327,"fa_tandemx":2535144.2203749833,"fa_jrc_2020":3340783.6342276647,"fra_1a_forestArea":2187.909912109375,"fra_1a_landArea":5120.0,"fra_3b_protected":null,"iso3":"BIH","total_area_ha":5109647.612532211,"year":2020,"fa_copernicus_protected":69981.32521279989,"fa_esa_2009_protected":68965.99287357475,"fa_esa_2020_protected":93849.42387334027,"fa_esri_protected":85555.56759697355,"fa_globeland_protected":73586.77815059238,"fa_hansen10_protected":89887.88000697998,"fa_hansen20_protected":85430.80386707785,"fa_hansen30_protected":81292.93844098483,"fa_jaxa_protected":105760.48506201067,"fa_tandemx_protected":76438.18957307868,"fa_jrc_2020_protected":98544.16352098781,"ba_MODIS_2001":13020.615821084557,"ba_MODIS_2002":2030.7152083455878,"ba_MODIS_2003":76930.47093344927,"ba_MODIS_2004":10714.635973437478,"ba_MODIS_2005":1878.0265472365204,"ba_MODIS_2006":11075.237745312486,"ba_MODIS_2007":51025.5580042891,"ba_MODIS_2008":19997.83625528187,"ba_MODIS_2009":2914.4609623835777,"ba_MODIS_2010":4293.358694577206,"ba_MODIS_2011":33290.9698518382,"ba_MODIS_2012":68437.78978973004,"ba_MODIS_2013":2723.2421843749994,"ba_MODIS_2014":2868.3993796875006,"ba_MODIS_2015":9104.539434779424,"ba_MODIS_2016":16451.39276306372,"ba_MODIS_2017":56796.18846890916,"ba_MODIS_2018":1616.3510484375001,"ba_MODIS_2019":11852.744898247556,"ba_MODIS_2020":34968.43914398892,"ba_MODIS_2021":33767.597794503585,"ba_MODIS_2022":73.17911875,"ba_MODIS_2001_Hansen10":1992.3560184427408,"ba_MODIS_2002_Hansen10":1128.769352770165,"ba_MODIS_2003_Hansen10":15248.810619772645,"ba_MODIS_2004_Hansen10":5268.13484094235,"ba_MODIS_2005_Hansen10":1408.5647858616612,"ba_MODIS_2006_Hansen10":4024.1160548766816,"ba_MODIS_2007_Hansen10":10752.217857969203,"ba_MODIS_2008_Hansen10":6607.738890655309,"ba_MODIS_2009_Hansen10":1247.115463372801,"ba_MODIS_2010_Hansen10":1207.0365482935258,"ba_MODIS_2011_Hansen10":10496.355971795274,"ba_MODIS_2012_Hansen10":22796.57876629535,"ba_MODIS_2013_Hansen10":839.1934329101645,"ba_MODIS_2014_Hansen10":1247.5477238769563,"ba_MODIS_2015_Hansen10":1924.2029547240686,"ba_MODIS_2016_Hansen10":1756.6164495808619,"ba_MODIS_2017_Hansen10":12430.614625856151,"ba_MODIS_2018_Hansen10":203.39332384033187,"ba_MODIS_2019_Hansen10":2181.756129020436,"ba_MODIS_2020_Hansen10":10005.958601967634,"ba_MODIS_2021_Hansen10":6451.750022652014,"ba_MODIS_2022_Hansen10":42.40083202514646}},{"type":"Feature","geometry":{"type":"MultiPoint","coordinates":[]},"properties":{"fa_agreement_esri_esa_glo_hansen10_gte_1":5526783.034129384,"fa_agreement_esri_esa_glo_hansen10_gte_2":4805959.0513337795,"fa_agreement_esri_esa_glo_hansen10_gte_3":4230358.363821371,"fa_agreement_esri_esa_glo_hansen10_gte_4":3111558.4837560332,"fa_agreement_esri_esa_gte_1":5218115.567861638,"fa_agreement_esri_esa_gte_2":4279790.441731503,"fa_agreement_hansen10_gte_1":6384247.210324859,"fa_agreement_hansen10_gte_2":5393342.918221925,"fa_agreement_hansen10_gte_3":4998008.351558357,"fa_agreement_hansen10_gte_4":4707294.914300984,"fa_agreement_hansen10_gte_5":4411741.6257135505,"fa_agreement_hansen10_gte_6":4062767.7865050114,"fa_agreement_hansen10_gte_7":3593599.2270612475,"fa_agreement_hansen10_gte_8":2869649.533012048,"fa_agreement_hansen30_gte_9":1526670.5956826066,"fa_agreement_hansen20_gte_1":6367979.129763726,"fa_agreement_hansen20_gte_2":5378449.422235186,"fa_agreement_hansen20_gte_3":4982628.395385432,"fa_agreement_hansen20_gte_4":4689426.967008307,"fa_agreement_hansen20_gte_5":4392466.966420198,"fa_agreement_hansen20_gte_6":4044402.8037812132,"fa_agreement_hansen20_gte_7":3577901.375776599,"fa_agreement_hansen20_gte_8":2858817.1717001856,"fa_agreement_hansen30_gte_1":6454082.695285459,"fa_agreement_hansen30_gte_2":5361019.382137498,"fa_agreement_hansen30_gte_3":4960646.277506517,"fa_agreement_hansen30_gte_4":4663279.690240685,"fa_agreement_hansen30_gte_5":4365590.739169781,"fa_agreement_hansen30_gte_6":4020087.4754712763,"fa_agreement_hansen30_gte_7":3557819.999843659,"fa_agreement_hansen30_gte_8":2844973.4040605025,"fa_copernicus":3766040.0406783423,"fa_esa_2009":3846487.8350593406,"fa_esa_2020":4991159.103799318,"fa_esri":4506800.303514907,"fa_globeland":3818373.2076139823,"fa_hansen10":4352950.145227033,"fa_hansen20":4212038.22007702,"fa_hansen30":4030775.2244291184,"fa_jaxa":5202713.3267746875,"fa_tandemx":2950971.1211333093,"fa_jrc_2020":4921288.664471595,"fra_1a_forestArea":3893.0,"fra_1a_landArea":10856.0,"fra_3b_protected":704.0,"iso3":"BGR","total_area_ha":1.1088908055348922E7,"year":2020,"fa_copernicus_protected":2148017.0962030306,"fa_esa_2009_protected":2113548.4286360713,"fa_esa_2020_protected":2676842.5897419495,"fa_esri_protected":2485764.6029874156,"fa_globeland_protected":2214773.6313374285,"fa_hansen10_protected":2410919.3847437026,"fa_hansen20_protected":2349367.8412021017,"fa_hansen30_protected":2271452.988867697,"fa_jaxa_protected":2701328.1846334725,"fa_tandemx_protected":1766588.0151137414,"fa_jrc_2020_protected":2768566.120329088,"ba_MODIS_2001":459028.98112453276,"ba_MODIS_2002":30113.699209375,"ba_MODIS_2003":52776.08215384164,"ba_MODIS_2004":130449.78582734757,"ba_MODIS_2005":104942.69957537277,"ba_MODIS_2006":197720.2132751131,"ba_MODIS_2007":111477.05514382514,"ba_MODIS_2008":89194.43524817961,"ba_MODIS_2009":31625.244786084346,"ba_MODIS_2010":53487.94854690533,"ba_MODIS_2011":97185.37995042966,"ba_MODIS_2012":172574.16973033355,"ba_MODIS_2013":62246.83829813709,"ba_MODIS_2014":40461.16941565552,"ba_MODIS_2015":51302.57553836358,"ba_MODIS_2016":62851.05042467521,"ba_MODIS_2017":77606.01419438669,"ba_MODIS_2018":44954.87955229156,"ba_MODIS_2019":163374.70811563966,"ba_MODIS_2020":15660.313147818608,"ba_MODIS_2021":26327.77395312496,"ba_MODIS_2022":18.046865625,"ba_MODIS_2001_Hansen10":25923.965974283936,"ba_MODIS_2002_Hansen10":2514.9560425598056,"ba_MODIS_2003_Hansen10":2939.2084474853414,"ba_MODIS_2004_Hansen10":4054.869022613521,"ba_MODIS_2005_Hansen10":6219.69832394405,"ba_MODIS_2006_Hansen10":10030.181482376369,"ba_MODIS_2007_Hansen10":20627.39658419894,"ba_MODIS_2008_Hansen10":6353.490806176742,"ba_MODIS_2009_Hansen10":1435.1134210083083,"ba_MODIS_2010_Hansen10":7629.471663001381,"ba_MODIS_2011_Hansen10":6696.729377059634,"ba_MODIS_2012_Hansen10":9391.578003976436,"ba_MODIS_2013_Hansen10":2528.595382122802,"ba_MODIS_2014_Hansen10":2529.903961497363,"ba_MODIS_2015_Hansen10":2200.320451507554,"ba_MODIS_2016_Hansen10":3472.548042704615,"ba_MODIS_2017_Hansen10":4170.93806749877,"ba_MODIS_2018_Hansen10":2362.6051507223706,"ba_MODIS_2019_Hansen10":7151.050828715182,"ba_MODIS_2020_Hansen10":2233.526705550636,"ba_MODIS_2021_Hansen10":958.2944163635278,"ba_MODIS_2022_Hansen10":5.327445336914062}},{"type":"Feature","geometry":{"type":"MultiPoint","coordinates":[]},"properties":{"fa_agreement_esri_esa_glo_hansen10_gte_1":1.6144406074358458E7,"fa_agreement_esri_esa_glo_hansen10_gte_2":1.3157507491081832E7,"fa_agreement_esri_esa_glo_hansen10_gte_3":1.1197141430681925E7,"fa_agreement_esri_esa_glo_hansen10_gte_4":8579923.542809414,"fa_agreement_esri_esa_gte_1":1.4832086662827602E7,"fa_agreement_esri_esa_gte_2":1.1317285839188874E7,"fa_agreement_hansen10_gte_1":2.1453529467162848E7,"fa_agreement_hansen10_gte_2":1.63389670482961E7,"fa_agreement_hansen10_gte_3":1.4165329499700231E7,"fa_agreement_hansen10_gte_4":1.2950869314157367E7,"fa_agreement_hansen10_gte_5":1.207905917018948E7,"fa_agreement_hansen10_gte_6":1.1288692930964854E7,"fa_agreement_hansen10_gte_7":1.0311521501199285E7,"fa_agreement_hansen10_gte_8":8856296.84151262,"fa_agreement_hansen30_gte_9":6098706.595996878,"fa_agreement_hansen20_gte_1":2.135480517833456E7,"fa_agreement_hansen20_gte_2":1.6201297696313884E7,"fa_agreement_hansen20_gte_3":1.4053247241181867E7,"fa_agreement_hansen20_gte_4":1.2889723466661923E7,"fa_agreement_hansen20_gte_5":1.2043789950120345E7,"fa_agreement_hansen20_gte_6":1.1264070753504254E7,"fa_agreement_hansen20_gte_7":1.029458388585404E7,"fa_agreement_hansen20_gte_8":8844715.69140121,"fa_agreement_hansen30_gte_1":2.1707671702598985E7,"fa_agreement_hansen30_gte_2":1.611302625819244E7,"fa_agreement_hansen30_gte_3":1.3967652229206985E7,"fa_agreement_hansen30_gte_4":1.2833942700553449E7,"fa_agreement_hansen30_gte_5":1.2008490593135439E7,"fa_agreement_hansen30_gte_6":1.1238215394806383E7,"fa_agreement_hansen30_gte_7":1.0275802754646128E7,"fa_agreement_hansen30_gte_8":8831006.023565622,"fa_copernicus":1.1139383122178333E7,"fa_esa_2009":1.2254122258695435E7,"fa_esa_2020":1.4440838196612908E7,"fa_esri":1.1708462172575088E7,"fa_globeland":1.022867120750673E7,"fa_hansen10":1.2691022062399514E7,"fa_hansen20":1.2169043350084707E7,"fa_hansen30":1.176596258326222E7,"fa_jaxa":1.621254748664459E7,"fa_tandemx":1.3846631550233325E7,"fa_jrc_2020":1.2598074943764472E7,"fra_1a_forestArea":11419.0,"fra_1a_landArea":34886.0,"fra_3b_protected":3306.0,"iso3":"DEU","total_area_ha":3.564739824986433E7,"year":2020,"fa_copernicus_protected":3081122.2698217686,"fa_esa_2009_protected":3243405.6702201236,"fa_esa_2020_protected":3655797.1994046182,"fa_esri_protected":3383004.650307101,"fa_globeland_protected":2963560.9803176317,"fa_hansen10_protected":3468290.931607635,"fa_hansen20_protected":3390251.3798938408,"fa_hansen30_protected":3323514.359147134,"fa_jaxa_protected":3724176.0828274516,"fa_tandemx_protected":3532361.210292772,"fa_jrc_2020_protected":3704858.3348085163,"ba_MODIS_2001":290.372378125,"ba_MODIS_2002":997.7096359375,"ba_MODIS_2003":2315.017037499999,"ba_MODIS_2004":694.9364874999999,"ba_MODIS_2005":1735.2184111642143,"ba_MODIS_2006":3269.0088140625,"ba_MODIS_2007":851.5979578125001,"ba_MODIS_2008":13556.42675624998,"ba_MODIS_2009":399.24578750000023,"ba_MODIS_2010":0.0,"ba_MODIS_2011":935.2468296874999,"ba_MODIS_2012":169.9347,"ba_MODIS_2013":450.70604843749993,"ba_MODIS_2014":2558.7236719117636,"ba_MODIS_2015":4095.38164375,"ba_MODIS_2016":282.579615625,"ba_MODIS_2017":1877.114522677696,"ba_MODIS_2018":4366.899707830882,"ba_MODIS_2019":5518.030096875,"ba_MODIS_2020":355.567259375,"ba_MODIS_2021":1575.5968734374985,"ba_MODIS_2022":263.06741250000005,"ba_MODIS_2001_Hansen10":34.77603269042972,"ba_MODIS_2002_Hansen10":54.989495983886606,"ba_MODIS_2003_Hansen10":1197.9481414917725,"ba_MODIS_2004_Hansen10":128.30628875122065,"ba_MODIS_2005_Hansen10":186.02622676910968,"ba_MODIS_2006_Hansen10":400.093204248035,"ba_MODIS_2007_Hansen10":521.3192428344714,"ba_MODIS_2008_Hansen10":659.6883534179689,"ba_MODIS_2009_Hansen10":252.34243258056685,"ba_MODIS_2010_Hansen10":0.0,"ba_MODIS_2011_Hansen10":286.16450756225254,"ba_MODIS_2012_Hansen10":55.1369975158692,"ba_MODIS_2013_Hansen10":8.007025299072263,"ba_MODIS_2014_Hansen10":754.9813483618767,"ba_MODIS_2015_Hansen10":297.29049394531063,"ba_MODIS_2016_Hansen10":94.75856240234368,"ba_MODIS_2017_Hansen10":1171.61452930168,"ba_MODIS_2018_Hansen10":742.7223977303232,"ba_MODIS_2019_Hansen10":215.6571962036136,"ba_MODIS_2020_Hansen10":14.600593579101568,"ba_MODIS_2021_Hansen10":748.1441794128399,"ba_MODIS_2022_Hansen10":37.76550611572265}},{"type":"Feature","geometry":{"type":"MultiPoint","coordinates":[]},"properties":{"fa_agreement_esri_esa_glo_hansen10_gte_1":1.0744687592011988E9,"fa_agreement_esri_esa_glo_hansen10_gte_2":9.166955438878026E8,"fa_agreement_esri_esa_glo_hansen10_gte_3":7.702879230211054E8,"fa_agreement_esri_esa_glo_hansen10_gte_4":5.535482464282701E8,"fa_agreement_esri_esa_gte_1":9.63508858892032E8,"fa_agreement_esri_esa_gte_2":7.537986601760119E8,"fa_agreement_hansen10_gte_1":1.1899975738613317E9,"fa_agreement_hansen10_gte_2":1.0382102442289585E9,"fa_agreement_hansen10_gte_3":9.601542344487474E8,"fa_agreement_hansen10_gte_4":8.957413481043941E8,"fa_agreement_hansen10_gte_5":8.243833771076589E8,"fa_agreement_hansen10_gte_6":7.401784899915519E8,"fa_agreement_hansen10_gte_7":6.369135006536314E8,"fa_agreement_hansen10_gte_8":4.9296931825381106E8,"fa_agreement_hansen30_gte_9":2.7897585716192245E8,"fa_agreement_hansen20_gte_1":1.1819414698234613E9,"fa_agreement_hansen20_gte_2":1.0304069826232818E9,"fa_agreement_hansen20_gte_3":9.535980390692797E8,"fa_agreement_hansen20_gte_4":8.886669979654135E8,"fa_agreement_hansen20_gte_5":8.150091144932417E8,"fa_agreement_hansen20_gte_6":7.29347721668267E8,"fa_agreement_hansen20_gte_7":6.274656614635125E8,"fa_agreement_hansen20_gte_8":4.8881310782453406E8,"fa_agreement_hansen30_gte_1":1.1859089630434988E9,"fa_agreement_hansen30_gte_2":1.0259339971726425E9,"fa_agreement_hansen30_gte_3":9.49401759021711E8,"fa_agreement_hansen30_gte_4":8.839369565728048E8,"fa_agreement_hansen30_gte_5":8.086902596928704E8,"fa_agreement_hansen30_gte_6":7.212398889786235E8,"fa_agreement_hansen30_gte_7":6.188411822030344E8,"fa_agreement_hansen30_gte_8":4.8394183142240405E8,"fa_copernicus":7.014306482063282E8,"fa_esa_2009":8.378289117920786E8,"fa_esa_2020":8.912851582508109E8,"fa_esri":8.260260964509897E8,"fa_globeland":7.784987227008029E8,"fa_hansen10":8.186230407632097E8,"fa_hansen20":7.524353290934125E8,"fa_hansen30":7.041631313588392E8,"fa_jaxa":7.966048574211546E8,"fa_tandemx":5.083235306479202E8,"fa_jrc_2020":9.475199036248689E8,"fra_1a_forestArea":815311.625,"fra_1a_landArea":1637687.0,"fra_3b_protected":18582.220703125,"iso3":"RUS","total_area_ha":1.6908021695352433E9,"year":2020,"fa_copernicus_protected":4.762120288040124E7,"fa_esa_2009_protected":5.831287700032554E7,"fa_esa_2020_protected":5.9008748404410034E7,"fa_esri_protected":5.762181510886094E7,"fa_globeland_protected":5.344658271473531E7,"fa_hansen10_protected":6.0310907967587315E7,"fa_hansen20_protected":5.69026059200154E7,"fa_hansen30_protected":5.420117651663829E7,"fa_jaxa_protected":6.029186064825362E7,"fa_tandemx_protected":4.0037265323925495E7,"fa_jrc_2020_protected":6.44201710600597E7,"ba_MODIS_2001":1.1933181510590011E7,"ba_MODIS_2002":1.5704373515482167E7,"ba_MODIS_2003":2.2027715620860398E7,"ba_MODIS_2004":1.0447007591296725E7,"ba_MODIS_2005":1.2672000113112813E7,"ba_MODIS_2006":1.44842632375782E7,"ba_MODIS_2007":1.0983567085932251E7,"ba_MODIS_2008":2.3178567540019237E7,"ba_MODIS_2009":1.2821750403322939E7,"ba_MODIS_2010":1.0975761924472881E7,"ba_MODIS_2011":1.2592888545880554E7,"ba_MODIS_2012":1.4673582178433172E7,"ba_MODIS_2013":6833968.032861211,"ba_MODIS_2014":1.929071570984717E7,"ba_MODIS_2015":9515319.192322941,"ba_MODIS_2016":9315812.937402254,"ba_MODIS_2017":8101548.899167149,"ba_MODIS_2018":1.2048768568403115E7,"ba_MODIS_2019":1.1618158729656719E7,"ba_MODIS_2020":1.0584073327094438E7,"ba_MODIS_2021":1.2750357136100778E7,"ba_MODIS_2022":43879.30398494483,"ba_MODIS_2001_Hansen10":2856434.455008464,"ba_MODIS_2002_Hansen10":5841136.1765295565,"ba_MODIS_2003_Hansen10":1.0085706766441602E7,"ba_MODIS_2004_Hansen10":3546597.280778949,"ba_MODIS_2005_Hansen10":3245448.478127413,"ba_MODIS_2006_Hansen10":4211832.286074902,"ba_MODIS_2007_Hansen10":2637519.218047815,"ba_MODIS_2008_Hansen10":8234228.318136596,"ba_MODIS_2009_Hansen10":3722704.9110669326,"ba_MODIS_2010_Hansen10":3878282.212464184,"ba_MODIS_2011_Hansen10":5085260.26578971,"ba_MODIS_2012_Hansen10":6722614.0692730285,"ba_MODIS_2013_Hansen10":3048137.0144906132,"ba_MODIS_2014_Hansen10":6969186.244262438,"ba_MODIS_2015_Hansen10":2973998.325620859,"ba_MODIS_2016_Hansen10":3400897.894268414,"ba_MODIS_2017_Hansen10":2167131.851753334,"ba_MODIS_2018_Hansen10":4422794.1861508535,"ba_MODIS_2019_Hansen10":4139687.430018127,"ba_MODIS_2020_Hansen10":3452405.89692563,"ba_MODIS_2021_Hansen10":4465028.246459216,"ba_MODIS_2022_Hansen10":8917.977501275736}},{"type":"Feature","geometry":{"type":"MultiPoint","coordinates":[]},"properties":{"fa_agreement_esri_esa_glo_hansen10_gte_1":1101103.0245400872,"fa_agreement_esri_esa_glo_hansen10_gte_2":700048.5018824372,"fa_agreement_esri_esa_glo_hansen10_gte_3":489463.4141513201,"fa_agreement_esri_esa_glo_hansen10_gte_4":256741.82972127487,"fa_agreement_esri_esa_gte_1":927439.9829402918,"fa_agreement_esri_esa_gte_2":551636.2414204605,"fa_agreement_hansen10_gte_1":1772476.8542229915,"fa_agreement_hansen10_gte_2":1061299.3566371375,"fa_agreement_hansen10_gte_3":814667.7473533275,"fa_agreement_hansen10_gte_4":685515.22149049,"fa_agreement_hansen10_gte_5":586561.4288617958,"fa_agreement_hansen10_gte_6":490723.3590565754,"fa_agreement_hansen10_gte_7":386683.19698306936,"fa_agreement_hansen10_gte_8":268325.2279355527,"fa_agreement_hansen30_gte_9":133270.2886303713,"fa_agreement_hansen20_gte_1":1757606.1106071367,"fa_agreement_hansen20_gte_2":1049625.9675086618,"fa_agreement_hansen20_gte_3":806547.6188390048,"fa_agreement_hansen20_gte_4":680433.5225203538,"fa_agreement_hansen20_gte_5":582882.7883314324,"fa_agreement_hansen20_gte_6":487766.9668160407,"fa_agreement_hansen20_gte_7":384469.03280030744,"fa_agreement_hansen20_gte_8":266953.36461944465,"fa_agreement_hansen30_gte_1":1787278.809149007,"fa_agreement_hansen30_gte_2":1041577.2405703438,"fa_agreement_hansen30_gte_3":799819.7536772091,"fa_agreement_hansen30_gte_4":675443.2099208267,"fa_agreement_hansen30_gte_5":578780.9940957065,"fa_agreement_hansen30_gte_6":484275.75701129547,"fa_agreement_hansen30_gte_7":381753.0993406085,"fa_agreement_hansen30_gte_8":265136.2168947449,"fa_copernicus":427169.7310621038,"fa_esa_2009":821619.4048801877,"fa_esa_2020":859124.450872691,"fa_esri":619954.2560576547,"fa_globeland":382010.7248335049,"fa_hansen10":687287.0621173066,"fa_hansen20":634476.7532164818,"fa_hansen30":591706.1634280221,"fa_jaxa":1145043.4204551904,"fa_tandemx":653154.2299995938,"fa_jrc_2020":741519.6980942528,"fra_1a_forestArea":628.4400024414062,"fra_1a_landArea":4199.0,"fra_3b_protected":52.38999938964844,"iso3":"DNK","total_area_ha":4292216.680704886,"year":2020,"fa_copernicus_protected":108581.02957085586,"fa_esa_2009_protected":239193.29375848643,"fa_esa_2020_protected":210947.55599836272,"fa_esri_protected":186532.1415106897,"fa_globeland_protected":94649.0307266292,"fa_hansen10_protected":226870.16729195818,"fa_hansen20_protected":206384.42931221757,"fa_hansen30_protected":187695.59118856653,"fa_jaxa_protected":253402.80088313343,"fa_tandemx_protected":145571.42008530666,"fa_jrc_2020_protected":244677.19692555896,"ba_MODIS_2001":11611.171666433827,"ba_MODIS_2002":1770.485621874999,"ba_MODIS_2003":12601.565838112756,"ba_MODIS_2004":8254.734032812505,"ba_MODIS_2005":27.732784375,"ba_MODIS_2006":15209.469987849243,"ba_MODIS_2007":1301.4965484375005,"ba_MODIS_2008":3146.732604687498,"ba_MODIS_2009":835.1155906250001,"ba_MODIS_2010":0.0,"ba_MODIS_2011":27.836590625,"ba_MODIS_2012":186.61511562500002,"ba_MODIS_2013":1978.9063086764718,"ba_MODIS_2014":0.0,"ba_MODIS_2015":1523.5703343749997,"ba_MODIS_2016":0.0,"ba_MODIS_2017":0.0,"ba_MODIS_2018":209.78088805147058,"ba_MODIS_2019":387.0410890625,"ba_MODIS_2020":0.0,"ba_MODIS_2021":0.0,"ba_MODIS_2022":0.0,"ba_MODIS_2001_Hansen10":689.3442402073644,"ba_MODIS_2002_Hansen10":52.35574804992675,"ba_MODIS_2003_Hansen10":881.3538975766253,"ba_MODIS_2004_Hansen10":586.4958861724893,"ba_MODIS_2005_Hansen10":1.8471383331298834,"ba_MODIS_2006_Hansen10":759.3629421844473,"ba_MODIS_2007_Hansen10":131.2343423919678,"ba_MODIS_2008_Hansen10":181.54513695983817,"ba_MODIS_2009_Hansen10":30.79775404663084,"ba_MODIS_2010_Hansen10":0.0,"ba_MODIS_2011_Hansen10":5.110835174560546,"ba_MODIS_2012_Hansen10":25.13763317260735,"ba_MODIS_2013_Hansen10":134.75281583862335,"ba_MODIS_2014_Hansen10":0.0,"ba_MODIS_2015_Hansen10":39.97532081298827,"ba_MODIS_2016_Hansen10":0.0,"ba_MODIS_2017_Hansen10":0.0,"ba_MODIS_2018_Hansen10":3.906185976335114,"ba_MODIS_2019_Hansen10":8.772430291748051,"ba_MODIS_2020_Hansen10":0.0,"ba_MODIS_2021_Hansen10":0.0,"ba_MODIS_2022_Hansen10":0.0}},{"type":"Feature","geometry":{"type":"MultiPoint","coordinates":[]},"properties":{"fa_agreement_esri_esa_glo_hansen10_gte_1":1.4860116408314968E7,"fa_agreement_esri_esa_glo_hansen10_gte_2":1.1224292082976349E7,"fa_agreement_esri_esa_glo_hansen10_gte_3":8970484.968720868,"fa_agreement_esri_esa_glo_hansen10_gte_4":6015205.514723765,"fa_agreement_esri_esa_gte_1":1.3743991473136455E7,"fa_agreement_esri_esa_gte_2":8893213.510168375,"fa_agreement_hansen10_gte_1":1.8224939450309776E7,"fa_agreement_hansen10_gte_2":1.4245097807947112E7,"fa_agreement_hansen10_gte_3":1.2325866276739767E7,"fa_agreement_hansen10_gte_4":1.0930123352548655E7,"fa_agreement_hansen10_gte_5":9655524.347687634,"fa_agreement_hansen10_gte_6":8266042.795394638,"fa_agreement_hansen10_gte_7":6608301.458582626,"fa_agreement_hansen10_gte_8":4513081.331378054,"fa_agreement_hansen30_gte_9":2004366.3938510509,"fa_agreement_hansen20_gte_1":1.8171079581648227E7,"fa_agreement_hansen20_gte_2":1.4182150531279864E7,"fa_agreement_hansen20_gte_3":1.2249845772729233E7,"fa_agreement_hansen20_gte_4":1.0851527658394102E7,"fa_agreement_hansen20_gte_5":9586606.320300078,"fa_agreement_hansen20_gte_6":8211486.633484119,"fa_agreement_hansen20_gte_7":6572660.5625035865,"fa_agreement_hansen20_gte_8":4494446.473686644,"fa_agreement_hansen30_gte_1":1.846034859130503E7,"fa_agreement_hansen30_gte_2":1.4114441594927335E7,"fa_agreement_hansen30_gte_3":1.2147709369483368E7,"fa_agreement_hansen30_gte_4":1.0720300610259494E7,"fa_agreement_hansen30_gte_5":9457598.432308706,"fa_agreement_hansen30_gte_6":8114404.71200938,"fa_agreement_hansen30_gte_7":6520949.8780998085,"fa_agreement_hansen30_gte_8":4471947.531992726,"fa_copernicus":5087491.992995005,"fa_esa_2009":7334833.250504273,"fa_esa_2020":1.321733527200652E7,"fa_esri":9420149.986613546,"fa_globeland":8236598.845741362,"fa_hansen10":1.0163418576930434E7,"fa_hansen20":9683651.14963976,"fa_hansen30":8993303.301258033,"fa_jaxa":1.3777736317450507E7,"fa_tandemx":8766987.543165933,"fa_jrc_2020":1.2147668645754147E7,"fra_1a_forestArea":9566.1298828125,"fra_1a_landArea":29414.0,"fra_3b_protected":3265.0,"iso3":"ITA","total_area_ha":3.0043685396499507E7,"year":2020,"fa_copernicus_protected":1557191.7602769476,"fa_esa_2009_protected":2410701.9168370557,"fa_esa_2020_protected":3553757.731808488,"fa_esri_protected":2899035.7219738234,"fa_globeland_protected":2712730.9567030994,"fa_hansen10_protected":3165063.176108597,"fa_hansen20_protected":3054736.307353016,"fa_hansen30_protected":2894665.6895573772,"fa_jaxa_protected":3791289.452938259,"fa_tandemx_protected":2555724.9648179035,"fa_jrc_2020_protected":3733402.2113925917,"ba_MODIS_2001":138680.33061941847,"ba_MODIS_2002":77504.53149843772,"ba_MODIS_2003":154145.39496402454,"ba_MODIS_2004":166877.41240071808,"ba_MODIS_2005":56230.54771617061,"ba_MODIS_2006":48897.13435499384,"ba_MODIS_2007":229308.29320668595,"ba_MODIS_2008":130390.5275938725,"ba_MODIS_2009":54056.44133017155,"ba_MODIS_2010":72594.63933358442,"ba_MODIS_2011":87537.95527841873,"ba_MODIS_2012":155401.38587311836,"ba_MODIS_2013":35463.69693091289,"ba_MODIS_2014":103199.12242884267,"ba_MODIS_2015":17983.146568437496,"ba_MODIS_2016":55076.83451952814,"ba_MODIS_2017":122664.27033981567,"ba_MODIS_2018":17408.573462500004,"ba_MODIS_2019":70270.91155204622,"ba_MODIS_2020":39385.00638760428,"ba_MODIS_2021":204127.19471417565,"ba_MODIS_2022":0.0,"ba_MODIS_2001_Hansen10":12509.963833456073,"ba_MODIS_2002_Hansen10":9466.041833557223,"ba_MODIS_2003_Hansen10":13827.280371236742,"ba_MODIS_2004_Hansen10":7730.602829287005,"ba_MODIS_2005_Hansen10":3137.7280563121585,"ba_MODIS_2006_Hansen10":4701.748238999214,"ba_MODIS_2007_Hansen10":51305.10204911975,"ba_MODIS_2008_Hansen10":10003.27790938562,"ba_MODIS_2009_Hansen10":9027.062388861144,"ba_MODIS_2010_Hansen10":3395.4511293267888,"ba_MODIS_2011_Hansen10":9931.79985877687,"ba_MODIS_2012_Hansen10":24367.9649559613,"ba_MODIS_2013_Hansen10":2719.4499841980187,"ba_MODIS_2014_Hansen10":4992.49283823738,"ba_MODIS_2015_Hansen10":1569.231527286588,"ba_MODIS_2016_Hansen10":5321.984040342569,"ba_MODIS_2017_Hansen10":35688.74874929635,"ba_MODIS_2018_Hansen10":2477.7528712829658,"ba_MODIS_2019_Hansen10":3024.1662865944068,"ba_MODIS_2020_Hansen10":5197.481557302823,"ba_MODIS_2021_Hansen10":25431.3524397083,"ba_MODIS_2022_Hansen10":0.0}},{"type":"Feature","geometry":{"type":"MultiPoint","coordinates":[]},"properties":{"fa_agreement_esri_esa_glo_hansen10_gte_1":3872449.190570174,"fa_agreement_esri_esa_glo_hansen10_gte_2":3246586.234828055,"fa_agreement_esri_esa_glo_hansen10_gte_3":2777261.2925821375,"fa_agreement_esri_esa_glo_hansen10_gte_4":1910165.654423527,"fa_agreement_esri_esa_gte_1":3564514.6187755107,"fa_agreement_esri_esa_gte_2":2825396.8468184853,"fa_agreement_hansen10_gte_1":4796057.460205961,"fa_agreement_hansen10_gte_2":3869156.023325438,"fa_agreement_hansen10_gte_3":3486689.0243705725,"fa_agreement_hansen10_gte_4":3258216.8140179766,"fa_agreement_hansen10_gte_5":3065833.868639632,"fa_agreement_hansen10_gte_6":2842728.0399558614,"fa_agreement_hansen10_gte_7":2541612.052778277,"fa_agreement_hansen10_gte_8":2108417.006682481,"fa_agreement_hansen30_gte_9":1338969.3920725323,"fa_agreement_hansen20_gte_1":4785553.749103774,"fa_agreement_hansen20_gte_2":3853633.345878285,"fa_agreement_hansen20_gte_3":3471658.0982975415,"fa_agreement_hansen20_gte_4":3247479.303360293,"fa_agreement_hansen20_gte_5":3057962.822308372,"fa_agreement_hansen20_gte_6":2836810.0750245666,"fa_agreement_hansen20_gte_7":2537663.871891683,"fa_agreement_hansen20_gte_8":2105841.3773871944,"fa_agreement_hansen30_gte_1":4875788.613557802,"fa_agreement_hansen30_gte_2":3842296.4051668295,"fa_agreement_hansen30_gte_3":3458927.187404334,"fa_agreement_hansen30_gte_4":3237034.5501755024,"fa_agreement_hansen30_gte_5":3049518.6919589923,"fa_agreement_hansen30_gte_6":2829931.623343062,"fa_agreement_hansen30_gte_7":2532603.963623143,"fa_agreement_hansen30_gte_8":2102256.528262718,"fa_copernicus":2679314.9221155844,"fa_esa_2009":3098981.9493228337,"fa_esa_2020":3454415.420643725,"fa_esri":2935567.84417078,"fa_globeland":2547501.2240227996,"fa_hansen10":2864269.3654806055,"fa_hansen20":2786021.882850556,"fa_hansen30":2713862.0469804113,"fa_jaxa":3757463.946458583,"fa_tandemx":3101577.4888822823,"fa_jrc_2020":3227880.2861591154,"fra_1a_forestArea":2677.090087890625,"fra_1a_landArea":7721.0,"fra_3b_protected":146.2899932861328,"iso3":"CZE","total_area_ha":7861168.59537534,"year":2020,"fa_copernicus_protected":738931.791378616,"fa_esa_2009_protected":821337.5501614572,"fa_esa_2020_protected":859942.4730908853,"fa_esri_protected":801613.9564440259,"fa_globeland_protected":697475.0657949115,"fa_hansen10_protected":790207.9921120027,"fa_hansen20_protected":778194.7251664959,"fa_hansen30_protected":766090.6301013724,"fa_jaxa_protected":893204.8724917339,"fa_tandemx_protected":764509.3749550286,"fa_jrc_2020_protected":892117.1622012064,"ba_MODIS_2001":937.8616323958336,"ba_MODIS_2002":468.28253691789223,"ba_MODIS_2003":4195.027699442399,"ba_MODIS_2004":737.4488256311272,"ba_MODIS_2005":1638.8443228553924,"ba_MODIS_2006":0.0,"ba_MODIS_2007":2615.6426782536764,"ba_MODIS_2008":510.11895937500003,"ba_MODIS_2009":536.99965,"ba_MODIS_2010":289.84270312499996,"ba_MODIS_2011":521.0577874999998,"ba_MODIS_2012":2110.540984920344,"ba_MODIS_2013":259.1427328125,"ba_MODIS_2014":977.0496312499998,"ba_MODIS_2015":1118.1238328125003,"ba_MODIS_2016":2098.4246033823542,"ba_MODIS_2017":4019.342124374995,"ba_MODIS_2018":504.24257187499995,"ba_MODIS_2019":5504.389490624992,"ba_MODIS_2020":241.45963125000006,"ba_MODIS_2021":701.0328656250003,"ba_MODIS_2022":0.0,"ba_MODIS_2001_Hansen10":102.2577414205391,"ba_MODIS_2002_Hansen10":67.17269837241965,"ba_MODIS_2003_Hansen10":1055.7788155883777,"ba_MODIS_2004_Hansen10":13.642941143798827,"ba_MODIS_2005_Hansen10":709.2030885652955,"ba_MODIS_2006_Hansen10":0.0,"ba_MODIS_2007_Hansen10":201.08881186056695,"ba_MODIS_2008_Hansen10":49.44344863281249,"ba_MODIS_2009_Hansen10":124.00681546630848,"ba_MODIS_2010_Hansen10":151.00609560546863,"ba_MODIS_2011_Hansen10":85.54625042114236,"ba_MODIS_2012_Hansen10":86.37200944754814,"ba_MODIS_2013_Hansen10":194.35222186279108,"ba_MODIS_2014_Hansen10":824.403725970456,"ba_MODIS_2015_Hansen10":318.53340901489145,"ba_MODIS_2016_Hansen10":135.64435158705754,"ba_MODIS_2017_Hansen10":517.6518060485818,"ba_MODIS_2018_Hansen10":66.87001701660152,"ba_MODIS_2019_Hansen10":368.49013073730146,"ba_MODIS_2020_Hansen10":3.44495325317383,"ba_MODIS_2021_Hansen10":65.6536431640625,"ba_MODIS_2022_Hansen10":0.0}},{"type":"Feature","geometry":{"type":"MultiPoint","coordinates":[]},"properties":{"fa_agreement_esri_esa_glo_hansen10_gte_1":1608636.6587562806,"fa_agreement_esri_esa_glo_hansen10_gte_2":1218909.213243683,"fa_agreement_esri_esa_glo_hansen10_gte_3":1005433.0031876843,"fa_agreement_esri_esa_glo_hansen10_gte_4":703898.7659900431,"fa_agreement_esri_esa_gte_1":1279954.52012413,"fa_agreement_esri_esa_gte_2":961980.3087275263,"fa_agreement_hansen10_gte_1":1738280.3430655554,"fa_agreement_hansen10_gte_2":1452578.9545145715,"fa_agreement_hansen10_gte_3":1307639.4423136811,"fa_agreement_hansen10_gte_4":1200159.6888338705,"fa_agreement_hansen10_gte_5":1092915.763438104,"fa_agreement_hansen10_gte_6":966761.5106425761,"fa_agreement_hansen10_gte_7":812791.3128991373,"fa_agreement_hansen10_gte_8":616693.8887454872,"fa_agreement_hansen30_gte_9":320578.4840284224,"fa_agreement_hansen20_gte_1":1737192.4779543187,"fa_agreement_hansen20_gte_2":1450190.443896347,"fa_agreement_hansen20_gte_3":1303225.02927318,"fa_agreement_hansen20_gte_4":1193012.4523484705,"fa_agreement_hansen20_gte_5":1081954.9613914615,"fa_agreement_hansen20_gte_6":952723.3108755109,"fa_agreement_hansen20_gte_7":799768.0353832891,"fa_agreement_hansen20_gte_8":605572.4068934043,"fa_agreement_hansen30_gte_1":1773777.214393632,"fa_agreement_hansen30_gte_2":1448957.8293363932,"fa_agreement_hansen30_gte_3":1300498.7610224038,"fa_agreement_hansen30_gte_4":1187665.9935433865,"fa_agreement_hansen30_gte_5":1072339.1053450138,"fa_agreement_hansen30_gte_6":938866.1804141669,"fa_agreement_hansen30_gte_7":786975.8387915416,"fa_agreement_hansen30_gte_8":596332.3666787866,"fa_copernicus":759033.6894570822,"fa_esa_2009":1030533.3084631746,"fa_esa_2020":1200549.7272573144,"fa_esri":1041426.3569643977,"fa_globeland":1384129.0846638517,"fa_hansen10":909386.5900566564,"fa_hansen20":837403.5488381586,"fa_hansen30":776513.6252057501,"fa_jaxa":1395671.4456732222,"fa_tandemx":674326.6614230972,"fa_jrc_2020":1250998.993302136,"fra_1a_forestArea":1001.489990234375,"fra_1a_landArea":2522.0,"fra_3b_protected":null,"iso3":"MKD","total_area_ha":2539686.957571683,"year":2020,"fa_copernicus_protected":68199.55309713574,"fa_esa_2009_protected":86821.45870843639,"fa_esa_2020_protected":105687.22366566547,"fa_esri_protected":86130.85467754185,"fa_globeland_protected":120980.3434953771,"fa_hansen10_protected":85566.12480366591,"fa_hansen20_protected":79852.86215725969,"fa_hansen30_protected":75371.40154979496,"fa_jaxa_protected":118238.8102068019,"fa_tandemx_protected":73143.48531454317,"fa_jrc_2020_protected":111333.06103029754,"ba_MODIS_2001":8422.158218020835,"ba_MODIS_2002":3897.969678125005,"ba_MODIS_2003":1290.7710140625002,"ba_MODIS_2004":3833.1078082904414,"ba_MODIS_2005":4882.843494963237,"ba_MODIS_2006":2365.8183281249994,"ba_MODIS_2007":46116.11408978541,"ba_MODIS_2008":9615.294725269605,"ba_MODIS_2009":749.4709484375002,"ba_MODIS_2010":2415.6493531249994,"ba_MODIS_2011":21138.419298468158,"ba_MODIS_2012":19287.031505042913,"ba_MODIS_2013":6361.213818750002,"ba_MODIS_2014":542.8457765625001,"ba_MODIS_2015":5804.357416587014,"ba_MODIS_2016":4016.9968765624985,"ba_MODIS_2017":19635.664798829654,"ba_MODIS_2018":2697.3307572916665,"ba_MODIS_2019":15921.435643664208,"ba_MODIS_2020":634.1665046875,"ba_MODIS_2021":11499.284688075979,"ba_MODIS_2022":0.0,"ba_MODIS_2001_Hansen10":380.6792741516118,"ba_MODIS_2002_Hansen10":86.29088809204086,"ba_MODIS_2003_Hansen10":20.341836206054666,"ba_MODIS_2004_Hansen10":197.48195623779327,"ba_MODIS_2005_Hansen10":138.23743103027348,"ba_MODIS_2006_Hansen10":84.28442844238285,"ba_MODIS_2007_Hansen10":11119.37316900834,"ba_MODIS_2008_Hansen10":2196.500646273546,"ba_MODIS_2009_Hansen10":86.75631298217786,"ba_MODIS_2010_Hansen10":97.79746239013683,"ba_MODIS_2011_Hansen10":2754.7260226394205,"ba_MODIS_2012_Hansen10":6642.816350240941,"ba_MODIS_2013_Hansen10":869.4821615478523,"ba_MODIS_2014_Hansen10":172.26882785644568,"ba_MODIS_2015_Hansen10":1398.2069499673073,"ba_MODIS_2016_Hansen10":91.47560155639644,"ba_MODIS_2017_Hansen10":2778.974628559423,"ba_MODIS_2018_Hansen10":477.33534819453405,"ba_MODIS_2019_Hansen10":3154.6304842407426,"ba_MODIS_2020_Hansen10":147.7376968322757,"ba_MODIS_2021_Hansen10":2676.711719555653,"ba_MODIS_2022_Hansen10":0.0}},{"type":"Feature","geometry":{"type":"MultiPoint","coordinates":[]},"properties":{"fa_agreement_esri_esa_glo_hansen10_gte_1":18899.558763086687,"fa_agreement_esri_esa_glo_hansen10_gte_2":16510.28157753943,"fa_agreement_esri_esa_glo_hansen10_gte_3":13108.439083464164,"fa_agreement_esri_esa_glo_hansen10_gte_4":0.0,"fa_agreement_esri_esa_gte_1":17157.283645198004,"fa_agreement_esri_esa_gte_2":14384.668245796323,"fa_agreement_hansen10_gte_1":19119.40748726939,"fa_agreement_hansen10_gte_2":17678.150455808987,"fa_agreement_hansen10_gte_3":16098.05023304404,"fa_agreement_hansen10_gte_4":13153.051097857508,"fa_agreement_hansen10_gte_5":8777.606428107341,"fa_agreement_hansen10_gte_6":4541.445495694218,"fa_agreement_hansen10_gte_7":0.0,"fa_agreement_hansen10_gte_8":0.0,"fa_agreement_hansen30_gte_9":0.0,"fa_agreement_hansen20_gte_1":19119.40748726939,"fa_agreement_hansen20_gte_2":17678.150455808987,"fa_agreement_hansen20_gte_3":16098.05023304404,"fa_agreement_hansen20_gte_4":13153.051097857506,"fa_agreement_hansen20_gte_5":8777.606428107341,"fa_agreement_hansen20_gte_6":4541.445495694218,"fa_agreement_hansen20_gte_7":0.0,"fa_agreement_hansen20_gte_8":0.0,"fa_agreement_hansen30_gte_1":19403.276743026487,"fa_agreement_hansen30_gte_2":17678.15045580899,"fa_agreement_hansen30_gte_3":16098.05023304404,"fa_agreement_hansen30_gte_4":13153.051097857506,"fa_agreement_hansen30_gte_5":8777.606428107341,"fa_agreement_hansen30_gte_6":4541.445495694218,"fa_agreement_hansen30_gte_7":0.0,"fa_agreement_hansen30_gte_8":0.0,"fa_copernicus":0.0,"fa_esa_2009":6950.349817815552,"fa_esa_2020":16320.452438636394,"fa_esri":15218.750443077613,"fa_globeland":17004.742014741798,"fa_hansen10":0.0,"fa_hansen20":0.0,"fa_hansen30":0.0,"fa_jaxa":0.0,"fa_tandemx":13883.832407864893,"fa_jrc_2020":10870.438329323764,"fra_1a_forestArea":17.1299991607666,"fra_1a_landArea":20.0,"fra_3b_protected":2.5899999141693115,"iso3":"ASM","total_area_ha":20274.809147705426,"year":2020,"fa_copernicus_protected":0.0,"fa_esa_2009_protected":954.2325197939607,"fa_esa_2020_protected":2415.7014149892625,"fa_esri_protected":2664.6638467593384,"fa_globeland_protected":3013.7336554171125,"fa_hansen10_protected":0.0,"fa_hansen20_protected":0.0,"fa_hansen30_protected":0.0,"fa_jaxa_protected":0.0,"fa_tandemx_protected":2091.433579157657,"fa_jrc_2020_protected":1112.5570633884963,"ba_MODIS_2001":0.0,"ba_MODIS_2002":0.0,"ba_MODIS_2003":0.0,"ba_MODIS_2004":0.0,"ba_MODIS_2005":0.0,"ba_MODIS_2006":0.0,"ba_MODIS_2007":0.0,"ba_MODIS_2008":0.0,"ba_MODIS_2009":0.0,"ba_MODIS_2010":0.0,"ba_MODIS_2011":0.0,"ba_MODIS_2012":0.0,"ba_MODIS_2013":0.0,"ba_MODIS_2014":0.0,"ba_MODIS_2015":0.0,"ba_MODIS_2016":0.0,"ba_MODIS_2017":0.0,"ba_MODIS_2018":0.0,"ba_MODIS_2019":0.0,"ba_MODIS_2020":0.0,"ba_MODIS_2021":0.0,"ba_MODIS_2022":0.0,"ba_MODIS_2001_Hansen10":0.0,"ba_MODIS_2002_Hansen10":0.0,"ba_MODIS_2003_Hansen10":0.0,"ba_MODIS_2004_Hansen10":0.0,"ba_MODIS_2005_Hansen10":0.0,"ba_MODIS_2006_Hansen10":0.0,"ba_MODIS_2007_Hansen10":0.0,"ba_MODIS_2008_Hansen10":0.0,"ba_MODIS_2009_Hansen10":0.0,"ba_MODIS_2010_Hansen10":0.0,"ba_MODIS_2011_Hansen10":0.0,"ba_MODIS_2012_Hansen10":0.0,"ba_MODIS_2013_Hansen10":0.0,"ba_MODIS_2014_Hansen10":0.0,"ba_MODIS_2015_Hansen10":0.0,"ba_MODIS_2016_Hansen10":0.0,"ba_MODIS_2017_Hansen10":0.0,"ba_MODIS_2018_Hansen10":0.0,"ba_MODIS_2019_Hansen10":0.0,"ba_MODIS_2020_Hansen10":0.0,"ba_MODIS_2021_Hansen10":0.0,"ba_MODIS_2022_Hansen10":0.0}},{"type":"Feature","geometry":{"type":"MultiPoint","coordinates":[]},"properties":{"fa_agreement_esri_esa_glo_hansen10_gte_1":12931.85754895251,"fa_agreement_esri_esa_glo_hansen10_gte_2":11508.83982642889,"fa_agreement_esri_esa_glo_hansen10_gte_3":7547.82258252915,"fa_agreement_esri_esa_glo_hansen10_gte_4":0.0,"fa_agreement_esri_esa_gte_1":11917.459546557424,"fa_agreement_esri_esa_gte_2":10528.546047523727,"fa_agreement_hansen10_gte_1":13036.554807302526,"fa_agreement_hansen10_gte_2":11745.534199904916,"fa_agreement_hansen10_gte_3":10175.998649746556,"fa_agreement_hansen10_gte_4":7203.513112024245,"fa_agreement_hansen10_gte_5":3368.6876238680866,"fa_agreement_hansen10_gte_6":0.0,"fa_agreement_hansen10_gte_7":0.0,"fa_agreement_hansen10_gte_8":0.0,"fa_agreement_hansen30_gte_9":0.0,"fa_agreement_hansen20_gte_1":13036.554807302526,"fa_agreement_hansen20_gte_2":11745.534199904916,"fa_agreement_hansen20_gte_3":10175.998649746556,"fa_agreement_hansen20_gte_4":7203.513112024244,"fa_agreement_hansen20_gte_5":3368.6876238680866,"fa_agreement_hansen20_gte_6":0.0,"fa_agreement_hansen20_gte_7":0.0,"fa_agreement_hansen20_gte_8":0.0,"fa_agreement_hansen30_gte_1":13419.326552010665,"fa_agreement_hansen30_gte_2":11745.534199904916,"fa_agreement_hansen30_gte_3":10175.998649746556,"fa_agreement_hansen30_gte_4":7203.513112024244,"fa_agreement_hansen30_gte_5":3368.687623868087,"fa_agreement_hansen30_gte_6":0.0,"fa_agreement_hansen30_gte_7":0.0,"fa_agreement_hansen30_gte_8":0.0,"fa_copernicus":0.0,"fa_esa_2009":0.0,"fa_esa_2020":11033.31976015661,"fa_esri":11412.578769325626,"fa_globeland":9535.535580146785,"fa_hansen10":0.0,"fa_hansen20":0.0,"fa_hansen30":0.0,"fa_jaxa":0.0,"fa_tandemx":8526.8639698599,"fa_jrc_2020":6220.916762711949,"fra_1a_forestArea":15.59000015258789,"fra_1a_landArea":24.0,"fra_3b_protected":null,"iso3":"COK","total_area_ha":24967.12599405912,"year":2020,"fa_copernicus_protected":0.0,"fa_esa_2009_protected":0.0,"fa_esa_2020_protected":45.57883654634373,"fa_esri_protected":65.49901097696944,"fa_globeland_protected":80.66561524674944,"fa_hansen10_protected":0.0,"fa_hansen20_protected":0.0,"fa_hansen30_protected":0.0,"fa_jaxa_protected":0.0,"fa_tandemx_protected":52.965946308737394,"fa_jrc_2020_protected":5.222517663574216,"ba_MODIS_2001":0.0,"ba_MODIS_2002":0.0,"ba_MODIS_2003":0.0,"ba_MODIS_2004":0.0,"ba_MODIS_2005":0.0,"ba_MODIS_2006":0.0,"ba_MODIS_2007":0.0,"ba_MODIS_2008":0.0,"ba_MODIS_2009":0.0,"ba_MODIS_2010":0.0,"ba_MODIS_2011":0.0,"ba_MODIS_2012":0.0,"ba_MODIS_2013":0.0,"ba_MODIS_2014":0.0,"ba_MODIS_2015":0.0,"ba_MODIS_2016":0.0,"ba_MODIS_2017":0.0,"ba_MODIS_2018":0.0,"ba_MODIS_2019":0.0,"ba_MODIS_2020":0.0,"ba_MODIS_2021":0.0,"ba_MODIS_2022":0.0,"ba_MODIS_2001_Hansen10":0.0,"ba_MODIS_2002_Hansen10":0.0,"ba_MODIS_2003_Hansen10":0.0,"ba_MODIS_2004_Hansen10":0.0,"ba_MODIS_2005_Hansen10":0.0,"ba_MODIS_2006_Hansen10":0.0,"ba_MODIS_2007_Hansen10":0.0,"ba_MODIS_2008_Hansen10":0.0,"ba_MODIS_2009_Hansen10":0.0,"ba_MODIS_2010_Hansen10":0.0,"ba_MODIS_2011_Hansen10":0.0,"ba_MODIS_2012_Hansen10":0.0,"ba_MODIS_2013_Hansen10":0.0,"ba_MODIS_2014_Hansen10":0.0,"ba_MODIS_2015_Hansen10":0.0,"ba_MODIS_2016_Hansen10":0.0,"ba_MODIS_2017_Hansen10":0.0,"ba_MODIS_2018_Hansen10":0.0,"ba_MODIS_2019_Hansen10":0.0,"ba_MODIS_2020_Hansen10":0.0,"ba_MODIS_2021_Hansen10":0.0,"ba_MODIS_2022_Hansen10":0.0}},{"type":"Feature","geometry":{"type":"MultiPoint","coordinates":[]},"properties":{"fa_agreement_esri_esa_glo_hansen10_gte_1":57026.12894147153,"fa_agreement_esri_esa_glo_hansen10_gte_2":49181.15033417507,"fa_agreement_esri_esa_glo_hansen10_gte_3":7045.2026318654625,"fa_agreement_esri_esa_glo_hansen10_gte_4":5047.409117462355,"fa_agreement_esri_esa_gte_1":52364.50510984218,"fa_agreement_esri_esa_gte_2":48413.27167984137,"fa_agreement_hansen10_gte_1":57914.9105155471,"fa_agreement_hansen10_gte_2":52693.526683657736,"fa_agreement_hansen10_gte_3":44922.38991056062,"fa_agreement_hansen10_gte_4":31715.782536175968,"fa_agreement_hansen10_gte_5":3466.4423705982163,"fa_agreement_hansen10_gte_6":743.377622416414,"fa_agreement_hansen10_gte_7":0.0,"fa_agreement_hansen10_gte_8":0.0,"fa_agreement_hansen30_gte_9":0.0,"fa_agreement_hansen20_gte_1":57902.47532351824,"fa_agreement_hansen20_gte_2":52675.80909674855,"fa_agreement_hansen20_gte_3":44902.7811744106,"fa_agreement_hansen20_gte_4":31692.97454223947,"fa_agreement_hansen20_gte_5":3447.709943875563,"fa_agreement_hansen20_gte_6":739.23018562732,"fa_agreement_hansen20_gte_7":0.0,"fa_agreement_hansen20_gte_8":0.0,"fa_agreement_hansen30_gte_1":59400.51993983297,"fa_agreement_hansen30_gte_2":52650.89576167513,"fa_agreement_hansen30_gte_3":44869.832725897024,"fa_agreement_hansen30_gte_4":31650.211334019972,"fa_agreement_hansen30_gte_5":3424.25252045353,"fa_agreement_hansen30_gte_6":736.5949577961032,"fa_agreement_hansen30_gte_7":0.0,"fa_agreement_hansen30_gte_8":0.0,"fa_copernicus":0.0,"fa_esa_2009":4227.680331963853,"fa_esa_2020":51091.305281326844,"fa_esri":49690.97475698553,"fa_globeland":11460.636752257942,"fa_hansen10":6127.656248876804,"fa_hansen20":6032.813610820174,"fa_hansen30":5889.470855773149,"fa_jaxa":0.0,"fa_tandemx":43582.61614948324,"fa_jrc_2020":29443.13715483779,"fra_1a_forestArea":64.41999816894531,"fra_1a_landArea":70.0,"fra_3b_protected":null,"iso3":"FSM","total_area_ha":69540.45851705398,"year":2020,"fa_copernicus_protected":0.0,"fa_esa_2009_protected":0.0,"fa_esa_2020_protected":0.0,"fa_esri_protected":0.0,"fa_globeland_protected":0.0,"fa_hansen10_protected":0.0,"fa_hansen20_protected":0.0,"fa_hansen30_protected":0.0,"fa_jaxa_protected":0.0,"fa_tandemx_protected":0.0,"fa_jrc_2020_protected":0.0,"ba_MODIS_2001":0.0,"ba_MODIS_2002":0.0,"ba_MODIS_2003":0.0,"ba_MODIS_2004":0.0,"ba_MODIS_2005":0.0,"ba_MODIS_2006":0.0,"ba_MODIS_2007":0.0,"ba_MODIS_2008":0.0,"ba_MODIS_2009":0.0,"ba_MODIS_2010":0.0,"ba_MODIS_2011":0.0,"ba_MODIS_2012":0.0,"ba_MODIS_2013":0.0,"ba_MODIS_2014":0.0,"ba_MODIS_2015":0.0,"ba_MODIS_2016":0.0,"ba_MODIS_2017":0.0,"ba_MODIS_2018":0.0,"ba_MODIS_2019":0.0,"ba_MODIS_2020":0.0,"ba_MODIS_2021":0.0,"ba_MODIS_2022":0.0,"ba_MODIS_2001_Hansen10":0.0,"ba_MODIS_2002_Hansen10":0.0,"ba_MODIS_2003_Hansen10":0.0,"ba_MODIS_2004_Hansen10":0.0,"ba_MODIS_2005_Hansen10":0.0,"ba_MODIS_2006_Hansen10":0.0,"ba_MODIS_2007_Hansen10":0.0,"ba_MODIS_2008_Hansen10":0.0,"ba_MODIS_2009_Hansen10":0.0,"ba_MODIS_2010_Hansen10":0.0,"ba_MODIS_2011_Hansen10":0.0,"ba_MODIS_2012_Hansen10":0.0,"ba_MODIS_2013_Hansen10":0.0,"ba_MODIS_2014_Hansen10":0.0,"ba_MODIS_2015_Hansen10":0.0,"ba_MODIS_2016_Hansen10":0.0,"ba_MODIS_2017_Hansen10":0.0,"ba_MODIS_2018_Hansen10":0.0,"ba_MODIS_2019_Hansen10":0.0,"ba_MODIS_2020_Hansen10":0.0,"ba_MODIS_2021_Hansen10":0.0,"ba_MODIS_2022_Hansen10":0.0}},{"type":"Feature","geometry":{"type":"MultiPoint","coordinates":[]},"properties":{"fa_agreement_esri_esa_glo_hansen10_gte_1":43734.67121464305,"fa_agreement_esri_esa_glo_hansen10_gte_2":32012.212624877284,"fa_agreement_esri_esa_glo_hansen10_gte_3":20990.713583026187,"fa_agreement_esri_esa_glo_hansen10_gte_4":0.0,"fa_agreement_esri_esa_gte_1":39658.03670781203,"fa_agreement_esri_esa_gte_2":26160.360979590652,"fa_agreement_hansen10_gte_1":44142.70703601134,"fa_agreement_hansen10_gte_2":37915.07856432129,"fa_agreement_hansen10_gte_3":31205.76773417311,"fa_agreement_hansen10_gte_4":22508.630281980164,"fa_agreement_hansen10_gte_5":5898.0570033562635,"fa_agreement_hansen10_gte_6":446.80428605248744,"fa_agreement_hansen10_gte_7":0.34827528076171876,"fa_agreement_hansen10_gte_8":0.0,"fa_agreement_hansen30_gte_9":0.0,"fa_agreement_hansen20_gte_1":44142.70703601134,"fa_agreement_hansen20_gte_2":37915.07856432129,"fa_agreement_hansen20_gte_3":31205.76773417311,"fa_agreement_hansen20_gte_4":22508.630281980164,"fa_agreement_hansen20_gte_5":5898.057003356263,"fa_agreement_hansen20_gte_6":446.80428605248744,"fa_agreement_hansen20_gte_7":0.34827528076171876,"fa_agreement_hansen20_gte_8":0.0,"fa_agreement_hansen30_gte_1":44513.27091291433,"fa_agreement_hansen30_gte_2":37915.07856432129,"fa_agreement_hansen30_gte_3":31205.76773417311,"fa_agreement_hansen30_gte_4":22508.630281980164,"fa_agreement_hansen30_gte_5":5898.057003356263,"fa_agreement_hansen30_gte_6":446.80428605248744,"fa_agreement_hansen30_gte_7":0.34827528076171876,"fa_agreement_hansen30_gte_8":0.0,"fa_copernicus":0.0,"fa_esa_2009":2062.1310898437496,"fa_esa_2020":38940.383716400436,"fa_esri":26880.1657729972,"fa_globeland":30802.94605698758,"fa_hansen10":0.0,"fa_hansen20":0.0,"fa_hansen30":0.0,"fa_jaxa":1345.317171091245,"fa_tandemx":7537.403704615889,"fa_jrc_2020":36946.043494537356,"fra_1a_forestArea":28.0,"fra_1a_landArea":54.0,"fra_3b_protected":null,"iso3":"GUM","total_area_ha":56274.86391790304,"year":2020,"fa_copernicus_protected":0.0,"fa_esa_2009_protected":0.0,"fa_esa_2020_protected":609.3116032976461,"fa_esri_protected":495.3706600110585,"fa_globeland_protected":614.595563141587,"fa_hansen10_protected":0.0,"fa_hansen20_protected":0.0,"fa_hansen30_protected":0.0,"fa_jaxa_protected":13.27284008092543,"fa_tandemx_protected":238.0182133539902,"fa_jrc_2020_protected":591.5132341864626,"ba_MODIS_2001":0.0,"ba_MODIS_2002":0.0,"ba_MODIS_2003":0.0,"ba_MODIS_2004":0.0,"ba_MODIS_2005":0.0,"ba_MODIS_2006":0.0,"ba_MODIS_2007":0.0,"ba_MODIS_2008":0.0,"ba_MODIS_2009":0.0,"ba_MODIS_2010":0.0,"ba_MODIS_2011":0.0,"ba_MODIS_2012":0.0,"ba_MODIS_2013":0.0,"ba_MODIS_2014":0.0,"ba_MODIS_2015":0.0,"ba_MODIS_2016":0.0,"ba_MODIS_2017":0.0,"ba_MODIS_2018":0.0,"ba_MODIS_2019":0.0,"ba_MODIS_2020":0.0,"ba_MODIS_2021":0.0,"ba_MODIS_2022":0.0,"ba_MODIS_2001_Hansen10":0.0,"ba_MODIS_2002_Hansen10":0.0,"ba_MODIS_2003_Hansen10":0.0,"ba_MODIS_2004_Hansen10":0.0,"ba_MODIS_2005_Hansen10":0.0,"ba_MODIS_2006_Hansen10":0.0,"ba_MODIS_2007_Hansen10":0.0,"ba_MODIS_2008_Hansen10":0.0,"ba_MODIS_2009_Hansen10":0.0,"ba_MODIS_2010_Hansen10":0.0,"ba_MODIS_2011_Hansen10":0.0,"ba_MODIS_2012_Hansen10":0.0,"ba_MODIS_2013_Hansen10":0.0,"ba_MODIS_2014_Hansen10":0.0,"ba_MODIS_2015_Hansen10":0.0,"ba_MODIS_2016_Hansen10":0.0,"ba_MODIS_2017_Hansen10":0.0,"ba_MODIS_2018_Hansen10":0.0,"ba_MODIS_2019_Hansen10":0.0,"ba_MODIS_2020_Hansen10":0.0,"ba_MODIS_2021_Hansen10":0.0,"ba_MODIS_2022_Hansen10":0.0}},{"type":"Feature","geometry":{"type":"MultiPoint","coordinates":[]},"properties":{"fa_agreement_esri_esa_glo_hansen10_gte_1":7834.480439993169,"fa_agreement_esri_esa_glo_hansen10_gte_2":2140.075765776416,"fa_agreement_esri_esa_glo_hansen10_gte_3":0.0,"fa_agreement_esri_esa_glo_hansen10_gte_4":0.0,"fa_agreement_esri_esa_gte_1":6255.989063600368,"fa_agreement_esri_esa_gte_2":2129.87126923738,"fa_agreement_hansen10_gte_1":10682.829882100703,"fa_agreement_hansen10_gte_2":5465.518077422234,"fa_agreement_hansen10_gte_3":1900.9187139845635,"fa_agreement_hansen10_gte_4":36.64828139480888,"fa_agreement_hansen10_gte_5":0.0,"fa_agreement_hansen10_gte_6":0.0,"fa_agreement_hansen10_gte_7":0.0,"fa_agreement_hansen10_gte_8":0.0,"fa_agreement_hansen30_gte_9":0.0,"fa_agreement_hansen20_gte_1":10682.829882100707,"fa_agreement_hansen20_gte_2":5465.518077422234,"fa_agreement_hansen20_gte_3":1900.9187139845637,"fa_agreement_hansen20_gte_4":36.64828139480888,"fa_agreement_hansen20_gte_5":0.0,"fa_agreement_hansen20_gte_6":0.0,"fa_agreement_hansen20_gte_7":0.0,"fa_agreement_hansen20_gte_8":0.0,"fa_agreement_hansen30_gte_1":10728.18375101004,"fa_agreement_hansen30_gte_2":5465.5180774222345,"fa_agreement_hansen30_gte_3":1900.9187139845642,"fa_agreement_hansen30_gte_4":36.64828139480888,"fa_agreement_hansen30_gte_5":0.0,"fa_agreement_hansen30_gte_6":0.0,"fa_agreement_hansen30_gte_7":0.0,"fa_agreement_hansen30_gte_8":0.0,"fa_copernicus":0.0,"fa_esa_2009":0.0,"fa_esa_2020":3226.7925396671726,"fa_esri":5158.047734054231,"fa_globeland":1549.617114041796,"fa_hansen10":0.0,"fa_hansen20":0.0,"fa_hansen30":0.0,"fa_jaxa":0.0,"fa_tandemx":8065.793194430939,"fa_jrc_2020":156.79866358482658,"fra_1a_forestArea":1.1799999475479126,"fra_1a_landArea":81.0,"fra_3b_protected":null,"iso3":"KIR","total_area_ha":93750.59893605951,"year":2020,"fa_copernicus_protected":0.0,"fa_esa_2009_protected":0.0,"fa_esa_2020_protected":0.0,"fa_esri_protected":0.0,"fa_globeland_protected":0.0,"fa_hansen10_protected":0.0,"fa_hansen20_protected":0.0,"fa_hansen30_protected":0.0,"fa_jaxa_protected":0.0,"fa_tandemx_protected":0.0,"fa_jrc_2020_protected":0.0,"ba_MODIS_2001":0.0,"ba_MODIS_2002":0.0,"ba_MODIS_2003":0.0,"ba_MODIS_2004":0.0,"ba_MODIS_2005":0.0,"ba_MODIS_2006":0.0,"ba_MODIS_2007":0.0,"ba_MODIS_2008":0.0,"ba_MODIS_2009":0.0,"ba_MODIS_2010":0.0,"ba_MODIS_2011":0.0,"ba_MODIS_2012":0.0,"ba_MODIS_2013":0.0,"ba_MODIS_2014":0.0,"ba_MODIS_2015":0.0,"ba_MODIS_2016":0.0,"ba_MODIS_2017":0.0,"ba_MODIS_2018":0.0,"ba_MODIS_2019":0.0,"ba_MODIS_2020":0.0,"ba_MODIS_2021":0.0,"ba_MODIS_2022":0.0,"ba_MODIS_2001_Hansen10":0.0,"ba_MODIS_2002_Hansen10":0.0,"ba_MODIS_2003_Hansen10":0.0,"ba_MODIS_2004_Hansen10":0.0,"ba_MODIS_2005_Hansen10":0.0,"ba_MODIS_2006_Hansen10":0.0,"ba_MODIS_2007_Hansen10":0.0,"ba_MODIS_2008_Hansen10":0.0,"ba_MODIS_2009_Hansen10":0.0,"ba_MODIS_2010_Hansen10":0.0,"ba_MODIS_2011_Hansen10":0.0,"ba_MODIS_2012_Hansen10":0.0,"ba_MODIS_2013_Hansen10":0.0,"ba_MODIS_2014_Hansen10":0.0,"ba_MODIS_2015_Hansen10":0.0,"ba_MODIS_2016_Hansen10":0.0,"ba_MODIS_2017_Hansen10":0.0,"ba_MODIS_2018_Hansen10":0.0,"ba_MODIS_2019_Hansen10":0.0,"ba_MODIS_2020_Hansen10":0.0,"ba_MODIS_2021_Hansen10":0.0,"ba_MODIS_2022_Hansen10":0.0}},{"type":"Feature","geometry":{"type":"MultiPoint","coordinates":[]},"properties":{"fa_agreement_esri_esa_glo_hansen10_gte_1":2895.7999421245463,"fa_agreement_esri_esa_glo_hansen10_gte_2":918.1950765136005,"fa_agreement_esri_esa_glo_hansen10_gte_3":0.0,"fa_agreement_esri_esa_glo_hansen10_gte_4":0.0,"fa_agreement_esri_esa_gte_1":2878.626362406718,"fa_agreement_esri_esa_gte_2":923.7894283800355,"fa_agreement_hansen10_gte_1":3948.377171205378,"fa_agreement_hansen10_gte_2":2176.723505745828,"fa_agreement_hansen10_gte_3":772.873754157835,"fa_agreement_hansen10_gte_4":146.58408313072056,"fa_agreement_hansen10_gte_5":0.0,"fa_agreement_hansen10_gte_6":0.0,"fa_agreement_hansen10_gte_7":0.0,"fa_agreement_hansen10_gte_8":0.0,"fa_agreement_hansen30_gte_9":0.0,"fa_agreement_hansen20_gte_1":3948.3771712053785,"fa_agreement_hansen20_gte_2":2176.723505745828,"fa_agreement_hansen20_gte_3":772.8737541578348,"fa_agreement_hansen20_gte_4":146.58408313072056,"fa_agreement_hansen20_gte_5":0.0,"fa_agreement_hansen20_gte_6":0.0,"fa_agreement_hansen20_gte_7":0.0,"fa_agreement_hansen20_gte_8":0.0,"fa_agreement_hansen30_gte_1":4031.5859731027103,"fa_agreement_hansen30_gte_2":2176.723505745828,"fa_agreement_hansen30_gte_3":772.8737541578347,"fa_agreement_hansen30_gte_4":146.58408313072056,"fa_agreement_hansen30_gte_5":0.0,"fa_agreement_hansen30_gte_6":0.0,"fa_agreement_hansen30_gte_7":0.0,"fa_agreement_hansen30_gte_8":0.0,"fa_copernicus":0.0,"fa_esa_2009":0.0,"fa_esa_2020":1316.5940681990687,"fa_esri":2490.269474878788,"fa_globeland":0.0,"fa_hansen10":0.0,"fa_hansen20":0.0,"fa_hansen30":0.0,"fa_jaxa":0.0,"fa_tandemx":3161.0332736620126,"fa_jrc_2020":343.07673063988835,"fra_1a_forestArea":9.399999618530273,"fra_1a_landArea":18.0,"fra_3b_protected":null,"iso3":"MHL","total_area_ha":20008.36922356684,"year":2020,"fa_copernicus_protected":0.0,"fa_esa_2009_protected":0.0,"fa_esa_2020_protected":53.721680546228576,"fa_esri_protected":205.4069553470861,"fa_globeland_protected":0.0,"fa_hansen10_protected":0.0,"fa_hansen20_protected":0.0,"fa_hansen30_protected":0.0,"fa_jaxa_protected":0.0,"fa_tandemx_protected":137.62250617154038,"fa_jrc_2020_protected":51.88482163839907,"ba_MODIS_2001":0.0,"ba_MODIS_2002":0.0,"ba_MODIS_2003":0.0,"ba_MODIS_2004":0.0,"ba_MODIS_2005":0.0,"ba_MODIS_2006":0.0,"ba_MODIS_2007":0.0,"ba_MODIS_2008":0.0,"ba_MODIS_2009":0.0,"ba_MODIS_2010":0.0,"ba_MODIS_2011":0.0,"ba_MODIS_2012":0.0,"ba_MODIS_2013":0.0,"ba_MODIS_2014":0.0,"ba_MODIS_2015":0.0,"ba_MODIS_2016":0.0,"ba_MODIS_2017":0.0,"ba_MODIS_2018":0.0,"ba_MODIS_2019":0.0,"ba_MODIS_2020":0.0,"ba_MODIS_2021":0.0,"ba_MODIS_2022":0.0,"ba_MODIS_2001_Hansen10":0.0,"ba_MODIS_2002_Hansen10":0.0,"ba_MODIS_2003_Hansen10":0.0,"ba_MODIS_2004_Hansen10":0.0,"ba_MODIS_2005_Hansen10":0.0,"ba_MODIS_2006_Hansen10":0.0,"ba_MODIS_2007_Hansen10":0.0,"ba_MODIS_2008_Hansen10":0.0,"ba_MODIS_2009_Hansen10":0.0,"ba_MODIS_2010_Hansen10":0.0,"ba_MODIS_2011_Hansen10":0.0,"ba_MODIS_2012_Hansen10":0.0,"ba_MODIS_2013_Hansen10":0.0,"ba_MODIS_2014_Hansen10":0.0,"ba_MODIS_2015_Hansen10":0.0,"ba_MODIS_2016_Hansen10":0.0,"ba_MODIS_2017_Hansen10":0.0,"ba_MODIS_2018_Hansen10":0.0,"ba_MODIS_2019_Hansen10":0.0,"ba_MODIS_2020_Hansen10":0.0,"ba_MODIS_2021_Hansen10":0.0,"ba_MODIS_2022_Hansen10":0.0}},{"type":"Feature","geometry":{"type":"MultiPoint","coordinates":[]},"properties":{"fa_agreement_esri_esa_glo_hansen10_gte_1":32535.03739287417,"fa_agreement_esri_esa_glo_hansen10_gte_2":19705.204418643243,"fa_agreement_esri_esa_glo_hansen10_gte_3":10046.46431551635,"fa_agreement_esri_esa_glo_hansen10_gte_4":0.0,"fa_agreement_esri_esa_gte_1":24109.04644921419,"fa_agreement_esri_esa_gte_2":12818.404899209374,"fa_agreement_hansen10_gte_1":37112.12095652063,"fa_agreement_hansen10_gte_2":27261.24457357224,"fa_agreement_hansen10_gte_3":18605.4111863712,"fa_agreement_hansen10_gte_4":7580.875257677402,"fa_agreement_hansen10_gte_5":1646.5893996148793,"fa_agreement_hansen10_gte_6":106.32356914172598,"fa_agreement_hansen10_gte_7":0.0,"fa_agreement_hansen10_gte_8":0.0,"fa_agreement_hansen30_gte_9":0.0,"fa_agreement_hansen20_gte_1":37112.12095652064,"fa_agreement_hansen20_gte_2":27261.244573572236,"fa_agreement_hansen20_gte_3":18605.411186371202,"fa_agreement_hansen20_gte_4":7580.875257677402,"fa_agreement_hansen20_gte_5":1646.5893996148793,"fa_agreement_hansen20_gte_6":106.32356914172598,"fa_agreement_hansen20_gte_7":0.0,"fa_agreement_hansen20_gte_8":0.0,"fa_agreement_hansen30_gte_1":37598.11918427397,"fa_agreement_hansen30_gte_2":27261.244573572236,"fa_agreement_hansen30_gte_3":18605.4111863712,"fa_agreement_hansen30_gte_4":7580.875257677402,"fa_agreement_hansen30_gte_5":1646.5893996148795,"fa_agreement_hansen30_gte_6":106.32356914172598,"fa_agreement_hansen30_gte_7":0.0,"fa_agreement_hansen30_gte_8":0.0,"fa_copernicus":0.0,"fa_esa_2009":714.4356335692399,"fa_esa_2020":23587.84515291263,"fa_esri":13347.069012244838,"fa_globeland":25338.73303485623,"fa_hansen10":0.0,"fa_hansen20":0.0,"fa_hansen30":0.0,"fa_jaxa":718.3134943404086,"fa_tandemx":15643.714515173255,"fa_jrc_2020":14349.338090390807,"fra_1a_forestArea":24.360000610351562,"fra_1a_landArea":46.0,"fra_3b_protected":null,"iso3":"MNP","total_area_ha":47940.18548279597,"year":2020,"fa_copernicus_protected":0.0,"fa_esa_2009_protected":0.0,"fa_esa_2020_protected":31.268913841504887,"fa_esri_protected":20.920039760239526,"fa_globeland_protected":27.057947413138542,"fa_hansen10_protected":0.0,"fa_hansen20_protected":0.0,"fa_hansen30_protected":0.0,"fa_jaxa_protected":0.0,"fa_tandemx_protected":46.44563979432352,"fa_jrc_2020_protected":37.877401493326815,"ba_MODIS_2001":0.0,"ba_MODIS_2002":0.0,"ba_MODIS_2003":0.0,"ba_MODIS_2004":0.0,"ba_MODIS_2005":0.0,"ba_MODIS_2006":0.0,"ba_MODIS_2007":0.0,"ba_MODIS_2008":0.0,"ba_MODIS_2009":0.0,"ba_MODIS_2010":0.0,"ba_MODIS_2011":0.0,"ba_MODIS_2012":0.0,"ba_MODIS_2013":0.0,"ba_MODIS_2014":0.0,"ba_MODIS_2015":0.0,"ba_MODIS_2016":0.0,"ba_MODIS_2017":0.0,"ba_MODIS_2018":0.0,"ba_MODIS_2019":0.0,"ba_MODIS_2020":0.0,"ba_MODIS_2021":0.0,"ba_MODIS_2022":0.0,"ba_MODIS_2001_Hansen10":0.0,"ba_MODIS_2002_Hansen10":0.0,"ba_MODIS_2003_Hansen10":0.0,"ba_MODIS_2004_Hansen10":0.0,"ba_MODIS_2005_Hansen10":0.0,"ba_MODIS_2006_Hansen10":0.0,"ba_MODIS_2007_Hansen10":0.0,"ba_MODIS_2008_Hansen10":0.0,"ba_MODIS_2009_Hansen10":0.0,"ba_MODIS_2010_Hansen10":0.0,"ba_MODIS_2011_Hansen10":0.0,"ba_MODIS_2012_Hansen10":0.0,"ba_MODIS_2013_Hansen10":0.0,"ba_MODIS_2014_Hansen10":0.0,"ba_MODIS_2015_Hansen10":0.0,"ba_MODIS_2016_Hansen10":0.0,"ba_MODIS_2017_Hansen10":0.0,"ba_MODIS_2018_Hansen10":0.0,"ba_MODIS_2019_Hansen10":0.0,"ba_MODIS_2020_Hansen10":0.0,"ba_MODIS_2021_Hansen10":0.0,"ba_MODIS_2022_Hansen10":0.0}},{"type":"Feature","geometry":{"type":"MultiPoint","coordinates":[]},"properties":{"fa_agreement_esri_esa_glo_hansen10_gte_1":25884.033541963094,"fa_agreement_esri_esa_glo_hansen10_gte_2":24804.950112025577,"fa_agreement_esri_esa_glo_hansen10_gte_3":23113.690648021147,"fa_agreement_esri_esa_glo_hansen10_gte_4":0.0,"fa_agreement_esri_esa_gte_1":24805.503575498034,"fa_agreement_esri_esa_gte_2":23129.496531370518,"fa_agreement_hansen10_gte_1":25291.920359035626,"fa_agreement_hansen10_gte_2":24479.475350022072,"fa_agreement_hansen10_gte_3":23205.435763038367,"fa_agreement_hansen10_gte_4":19826.959019079357,"fa_agreement_hansen10_gte_5":9743.532663717537,"fa_agreement_hansen10_gte_6":305.9459330242712,"fa_agreement_hansen10_gte_7":0.0,"fa_agreement_hansen10_gte_8":0.0,"fa_agreement_hansen30_gte_9":0.0,"fa_agreement_hansen20_gte_1":25291.920359035626,"fa_agreement_hansen20_gte_2":24479.475350022072,"fa_agreement_hansen20_gte_3":23205.435763038367,"fa_agreement_hansen20_gte_4":19826.959019079357,"fa_agreement_hansen20_gte_5":9743.532663717537,"fa_agreement_hansen20_gte_6":305.9459330242712,"fa_agreement_hansen20_gte_7":0.0,"fa_agreement_hansen20_gte_8":0.0,"fa_agreement_hansen30_gte_1":25936.021218218797,"fa_agreement_hansen30_gte_2":24479.475350022072,"fa_agreement_hansen30_gte_3":23205.435763038367,"fa_agreement_hansen30_gte_4":19826.959019079357,"fa_agreement_hansen30_gte_5":9743.532663717537,"fa_agreement_hansen30_gte_6":305.9459330242712,"fa_agreement_hansen30_gte_7":0.0,"fa_agreement_hansen30_gte_8":0.0,"fa_copernicus":0.0,"fa_esa_2009":373.7182059221813,"fa_esa_2020":23488.93327458475,"fa_esri":24446.141062984283,"fa_globeland":25860.15261691409,"fa_hansen10":0.0,"fa_hansen20":0.0,"fa_hansen30":0.0,"fa_jaxa":0.0,"fa_tandemx":12396.151287482135,"fa_jrc_2020":18271.77887186898,"fra_1a_forestArea":18.8700008392334,"fra_1a_landArea":26.0,"fra_3b_protected":null,"iso3":"NIU","total_area_ha":26700.241573921478,"year":2020,"fa_copernicus_protected":0.0,"fa_esa_2009_protected":0.0,"fa_esa_2020_protected":214.93852386855372,"fa_esri_protected":217.0195561775477,"fa_globeland_protected":217.00917841048127,"fa_hansen10_protected":0.0,"fa_hansen20_protected":0.0,"fa_hansen30_protected":0.0,"fa_jaxa_protected":0.0,"fa_tandemx_protected":158.92605809687797,"fa_jrc_2020_protected":157.76759280276164,"ba_MODIS_2001":0.0,"ba_MODIS_2002":0.0,"ba_MODIS_2003":0.0,"ba_MODIS_2004":0.0,"ba_MODIS_2005":0.0,"ba_MODIS_2006":0.0,"ba_MODIS_2007":0.0,"ba_MODIS_2008":0.0,"ba_MODIS_2009":0.0,"ba_MODIS_2010":0.0,"ba_MODIS_2011":0.0,"ba_MODIS_2012":0.0,"ba_MODIS_2013":0.0,"ba_MODIS_2014":0.0,"ba_MODIS_2015":0.0,"ba_MODIS_2016":0.0,"ba_MODIS_2017":0.0,"ba_MODIS_2018":0.0,"ba_MODIS_2019":0.0,"ba_MODIS_2020":0.0,"ba_MODIS_2021":0.0,"ba_MODIS_2022":0.0,"ba_MODIS_2001_Hansen10":0.0,"ba_MODIS_2002_Hansen10":0.0,"ba_MODIS_2003_Hansen10":0.0,"ba_MODIS_2004_Hansen10":0.0,"ba_MODIS_2005_Hansen10":0.0,"ba_MODIS_2006_Hansen10":0.0,"ba_MODIS_2007_Hansen10":0.0,"ba_MODIS_2008_Hansen10":0.0,"ba_MODIS_2009_Hansen10":0.0,"ba_MODIS_2010_Hansen10":0.0,"ba_MODIS_2011_Hansen10":0.0,"ba_MODIS_2012_Hansen10":0.0,"ba_MODIS_2013_Hansen10":0.0,"ba_MODIS_2014_Hansen10":0.0,"ba_MODIS_2015_Hansen10":0.0,"ba_MODIS_2016_Hansen10":0.0,"ba_MODIS_2017_Hansen10":0.0,"ba_MODIS_2018_Hansen10":0.0,"ba_MODIS_2019_Hansen10":0.0,"ba_MODIS_2020_Hansen10":0.0,"ba_MODIS_2021_Hansen10":0.0,"ba_MODIS_2022_Hansen10":0.0}},{"type":"Feature","geometry":{"type":"MultiPoint","coordinates":[]},"properties":{"fa_agreement_esri_esa_glo_hansen10_gte_1":753.0337938191491,"fa_agreement_esri_esa_glo_hansen10_gte_2":230.63565255110097,"fa_agreement_esri_esa_glo_hansen10_gte_3":0.0,"fa_agreement_esri_esa_glo_hansen10_gte_4":0.0,"fa_agreement_esri_esa_gte_1":744.2801335969217,"fa_agreement_esri_esa_gte_2":230.78032110231777,"fa_agreement_hansen10_gte_1":771.2052461944664,"fa_agreement_hansen10_gte_2":347.7912897911407,"fa_agreement_hansen10_gte_3":183.14684134942806,"fa_agreement_hansen10_gte_4":60.69277150917189,"fa_agreement_hansen10_gte_5":0.0,"fa_agreement_hansen10_gte_6":0.0,"fa_agreement_hansen10_gte_7":0.0,"fa_agreement_hansen10_gte_8":0.0,"fa_agreement_hansen30_gte_9":0.0,"fa_agreement_hansen20_gte_1":771.2052461944664,"fa_agreement_hansen20_gte_2":347.7912897911407,"fa_agreement_hansen20_gte_3":183.14684134942806,"fa_agreement_hansen20_gte_4":60.69277150917189,"fa_agreement_hansen20_gte_5":0.0,"fa_agreement_hansen20_gte_6":0.0,"fa_agreement_hansen20_gte_7":0.0,"fa_agreement_hansen20_gte_8":0.0,"fa_agreement_hansen30_gte_1":807.5145557531271,"fa_agreement_hansen30_gte_2":347.7912897911407,"fa_agreement_hansen30_gte_3":183.14684134942806,"fa_agreement_hansen30_gte_4":60.69277150917189,"fa_agreement_hansen30_gte_5":0.0,"fa_agreement_hansen30_gte_6":0.0,"fa_agreement_hansen30_gte_7":0.0,"fa_agreement_hansen30_gte_8":0.0,"fa_copernicus":0.0,"fa_esa_2009":0.0,"fa_esa_2020":735.9616415702985,"fa_esri":239.53098326357326,"fa_globeland":0.0,"fa_hansen10":0.0,"fa_hansen20":0.0,"fa_hansen30":0.0,"fa_jaxa":0.0,"fa_tandemx":236.69441237094014,"fa_jrc_2020":213.84805428048148,"fra_1a_forestArea":0.0,"fra_1a_landArea":2.0,"fra_3b_protected":0.0,"iso3":"NRU","total_area_ha":1834.3894489199586,"year":2020,"fa_copernicus_protected":0.0,"fa_esa_2009_protected":0.0,"fa_esa_2020_protected":0.0,"fa_esri_protected":0.0,"fa_globeland_protected":0.0,"fa_hansen10_protected":0.0,"fa_hansen20_protected":0.0,"fa_hansen30_protected":0.0,"fa_jaxa_protected":0.0,"fa_tandemx_protected":0.0,"fa_jrc_2020_protected":0.0,"ba_MODIS_2001":0.0,"ba_MODIS_2002":0.0,"ba_MODIS_2003":0.0,"ba_MODIS_2004":0.0,"ba_MODIS_2005":0.0,"ba_MODIS_2006":0.0,"ba_MODIS_2007":0.0,"ba_MODIS_2008":0.0,"ba_MODIS_2009":0.0,"ba_MODIS_2010":0.0,"ba_MODIS_2011":0.0,"ba_MODIS_2012":0.0,"ba_MODIS_2013":0.0,"ba_MODIS_2014":0.0,"ba_MODIS_2015":0.0,"ba_MODIS_2016":0.0,"ba_MODIS_2017":0.0,"ba_MODIS_2018":0.0,"ba_MODIS_2019":0.0,"ba_MODIS_2020":0.0,"ba_MODIS_2021":0.0,"ba_MODIS_2022":0.0,"ba_MODIS_2001_Hansen10":0.0,"ba_MODIS_2002_Hansen10":0.0,"ba_MODIS_2003_Hansen10":0.0,"ba_MODIS_2004_Hansen10":0.0,"ba_MODIS_2005_Hansen10":0.0,"ba_MODIS_2006_Hansen10":0.0,"ba_MODIS_2007_Hansen10":0.0,"ba_MODIS_2008_Hansen10":0.0,"ba_MODIS_2009_Hansen10":0.0,"ba_MODIS_2010_Hansen10":0.0,"ba_MODIS_2011_Hansen10":0.0,"ba_MODIS_2012_Hansen10":0.0,"ba_MODIS_2013_Hansen10":0.0,"ba_MODIS_2014_Hansen10":0.0,"ba_MODIS_2015_Hansen10":0.0,"ba_MODIS_2016_Hansen10":0.0,"ba_MODIS_2017_Hansen10":0.0,"ba_MODIS_2018_Hansen10":0.0,"ba_MODIS_2019_Hansen10":0.0,"ba_MODIS_2020_Hansen10":0.0,"ba_MODIS_2021_Hansen10":0.0,"ba_MODIS_2022_Hansen10":0.0}},{"type":"Feature","geometry":{"type":"MultiPoint","coordinates":[]},"properties":{"fa_agreement_esri_esa_glo_hansen10_gte_1":1449.008701743641,"fa_agreement_esri_esa_glo_hansen10_gte_2":0.0,"fa_agreement_esri_esa_glo_hansen10_gte_3":0.0,"fa_agreement_esri_esa_glo_hansen10_gte_4":0.0,"fa_agreement_esri_esa_gte_1":0.0,"fa_agreement_esri_esa_gte_2":0.0,"fa_agreement_hansen10_gte_1":2201.705862164268,"fa_agreement_hansen10_gte_2":902.887851119425,"fa_agreement_hansen10_gte_3":132.38332329101584,"fa_agreement_hansen10_gte_4":0.0,"fa_agreement_hansen10_gte_5":0.0,"fa_agreement_hansen10_gte_6":0.0,"fa_agreement_hansen10_gte_7":0.0,"fa_agreement_hansen10_gte_8":0.0,"fa_agreement_hansen30_gte_9":0.0,"fa_agreement_hansen20_gte_1":2201.705862164268,"fa_agreement_hansen20_gte_2":902.887851119425,"fa_agreement_hansen20_gte_3":132.38332329101584,"fa_agreement_hansen20_gte_4":0.0,"fa_agreement_hansen20_gte_5":0.0,"fa_agreement_hansen20_gte_6":0.0,"fa_agreement_hansen20_gte_7":0.0,"fa_agreement_hansen20_gte_8":0.0,"fa_agreement_hansen30_gte_1":2201.705862164268,"fa_agreement_hansen30_gte_2":902.887851119425,"fa_agreement_hansen30_gte_3":132.38332329101584,"fa_agreement_hansen30_gte_4":0.0,"fa_agreement_hansen30_gte_5":0.0,"fa_agreement_hansen30_gte_6":0.0,"fa_agreement_hansen30_gte_7":0.0,"fa_agreement_hansen30_gte_8":0.0,"fa_copernicus":0.0,"fa_esa_2009":191.6388046874999,"fa_esa_2020":0.0,"fa_esri":0.0,"fa_globeland":1448.357861151774,"fa_hansen10":0.0,"fa_hansen20":0.0,"fa_hansen30":0.0,"fa_jaxa":0.0,"fa_tandemx":1588.505359739777,"fa_jrc_2020":0.0,"fra_1a_forestArea":0.49000000953674316,"fra_1a_landArea":4.0,"fra_3b_protected":null,"iso3":"NFK","total_area_ha":3891.804226287811,"year":2020,"fa_copernicus_protected":0.0,"fa_esa_2009_protected":183.595453283694,"fa_esa_2020_protected":0.0,"fa_esri_protected":0.0,"fa_globeland_protected":501.6007476796442,"fa_hansen10_protected":0.0,"fa_hansen20_protected":0.0,"fa_hansen30_protected":0.0,"fa_jaxa_protected":0.0,"fa_tandemx_protected":410.50150082557116,"fa_jrc_2020_protected":0.0,"ba_MODIS_2001":0.0,"ba_MODIS_2002":0.0,"ba_MODIS_2003":0.0,"ba_MODIS_2004":0.0,"ba_MODIS_2005":0.0,"ba_MODIS_2006":0.0,"ba_MODIS_2007":0.0,"ba_MODIS_2008":0.0,"ba_MODIS_2009":0.0,"ba_MODIS_2010":0.0,"ba_MODIS_2011":0.0,"ba_MODIS_2012":0.0,"ba_MODIS_2013":0.0,"ba_MODIS_2014":0.0,"ba_MODIS_2015":0.0,"ba_MODIS_2016":0.0,"ba_MODIS_2017":0.0,"ba_MODIS_2018":0.0,"ba_MODIS_2019":0.0,"ba_MODIS_2020":0.0,"ba_MODIS_2021":0.0,"ba_MODIS_2022":0.0,"ba_MODIS_2001_Hansen10":0.0,"ba_MODIS_2002_Hansen10":0.0,"ba_MODIS_2003_Hansen10":0.0,"ba_MODIS_2004_Hansen10":0.0,"ba_MODIS_2005_Hansen10":0.0,"ba_MODIS_2006_Hansen10":0.0,"ba_MODIS_2007_Hansen10":0.0,"ba_MODIS_2008_Hansen10":0.0,"ba_MODIS_2009_Hansen10":0.0,"ba_MODIS_2010_Hansen10":0.0,"ba_MODIS_2011_Hansen10":0.0,"ba_MODIS_2012_Hansen10":0.0,"ba_MODIS_2013_Hansen10":0.0,"ba_MODIS_2014_Hansen10":0.0,"ba_MODIS_2015_Hansen10":0.0,"ba_MODIS_2016_Hansen10":0.0,"ba_MODIS_2017_Hansen10":0.0,"ba_MODIS_2018_Hansen10":0.0,"ba_MODIS_2019_Hansen10":0.0,"ba_MODIS_2020_Hansen10":0.0,"ba_MODIS_2021_Hansen10":0.0,"ba_MODIS_2022_Hansen10":0.0}},{"type":"Feature","geometry":{"type":"MultiPoint","coordinates":[]},"properties":{"fa_agreement_esri_esa_glo_hansen10_gte_1":4793.861716938587,"fa_agreement_esri_esa_glo_hansen10_gte_2":4315.4026380057485,"fa_agreement_esri_esa_glo_hansen10_gte_3":3428.9814615790883,"fa_agreement_esri_esa_glo_hansen10_gte_4":0.0,"fa_agreement_esri_esa_gte_1":4341.2800658507,"fa_agreement_esri_esa_gte_2":3417.9658769733996,"fa_agreement_hansen10_gte_1":4866.562853067766,"fa_agreement_hansen10_gte_2":4476.809048093667,"fa_agreement_hansen10_gte_3":3496.415502329047,"fa_agreement_hansen10_gte_4":183.7917415067783,"fa_agreement_hansen10_gte_5":40.73890783662684,"fa_agreement_hansen10_gte_6":0.0,"fa_agreement_hansen10_gte_7":0.0,"fa_agreement_hansen10_gte_8":0.0,"fa_agreement_hansen30_gte_9":0.0,"fa_agreement_hansen20_gte_1":4866.562853067766,"fa_agreement_hansen20_gte_2":4476.809048093667,"fa_agreement_hansen20_gte_3":3496.415502329047,"fa_agreement_hansen20_gte_4":183.7917415067783,"fa_agreement_hansen20_gte_5":40.73890783662684,"fa_agreement_hansen20_gte_6":0.0,"fa_agreement_hansen20_gte_7":0.0,"fa_agreement_hansen20_gte_8":0.0,"fa_agreement_hansen30_gte_1":4880.866770801446,"fa_agreement_hansen30_gte_2":4476.809048093667,"fa_agreement_hansen30_gte_3":3496.415502329047,"fa_agreement_hansen30_gte_4":183.79174150677827,"fa_agreement_hansen30_gte_5":40.73890783662684,"fa_agreement_hansen30_gte_6":0.0,"fa_agreement_hansen30_gte_7":0.0,"fa_agreement_hansen30_gte_8":0.0,"fa_copernicus":0.0,"fa_esa_2009":0.0,"fa_esa_2020":3691.435333049668,"fa_esri":4068.882714075022,"fa_globeland":4764.417508368599,"fa_hansen10":0.0,"fa_hansen20":0.0,"fa_hansen30":0.0,"fa_jaxa":0.0,"fa_tandemx":493.00110206868703,"fa_jrc_2020":63.51205036010752,"fra_1a_forestArea":3.5,"fra_1a_landArea":5.0,"fra_3b_protected":null,"iso3":"PCN","total_area_ha":5339.332371620788,"year":2020,"fa_copernicus_protected":0.0,"fa_esa_2009_protected":0.0,"fa_esa_2020_protected":2457.067571017712,"fa_esri_protected":2728.303440527737,"fa_globeland_protected":3038.620837561767,"fa_hansen10_protected":0.0,"fa_hansen20_protected":0.0,"fa_hansen30_protected":0.0,"fa_jaxa_protected":0.0,"fa_tandemx_protected":133.43319836100224,"fa_jrc_2020_protected":0.0,"ba_MODIS_2001":0.0,"ba_MODIS_2002":0.0,"ba_MODIS_2003":0.0,"ba_MODIS_2004":0.0,"ba_MODIS_2005":0.0,"ba_MODIS_2006":0.0,"ba_MODIS_2007":0.0,"ba_MODIS_2008":0.0,"ba_MODIS_2009":0.0,"ba_MODIS_2010":0.0,"ba_MODIS_2011":0.0,"ba_MODIS_2012":0.0,"ba_MODIS_2013":0.0,"ba_MODIS_2014":0.0,"ba_MODIS_2015":0.0,"ba_MODIS_2016":0.0,"ba_MODIS_2017":0.0,"ba_MODIS_2018":0.0,"ba_MODIS_2019":0.0,"ba_MODIS_2020":0.0,"ba_MODIS_2021":0.0,"ba_MODIS_2022":0.0,"ba_MODIS_2001_Hansen10":0.0,"ba_MODIS_2002_Hansen10":0.0,"ba_MODIS_2003_Hansen10":0.0,"ba_MODIS_2004_Hansen10":0.0,"ba_MODIS_2005_Hansen10":0.0,"ba_MODIS_2006_Hansen10":0.0,"ba_MODIS_2007_Hansen10":0.0,"ba_MODIS_2008_Hansen10":0.0,"ba_MODIS_2009_Hansen10":0.0,"ba_MODIS_2010_Hansen10":0.0,"ba_MODIS_2011_Hansen10":0.0,"ba_MODIS_2012_Hansen10":0.0,"ba_MODIS_2013_Hansen10":0.0,"ba_MODIS_2014_Hansen10":0.0,"ba_MODIS_2015_Hansen10":0.0,"ba_MODIS_2016_Hansen10":0.0,"ba_MODIS_2017_Hansen10":0.0,"ba_MODIS_2018_Hansen10":0.0,"ba_MODIS_2019_Hansen10":0.0,"ba_MODIS_2020_Hansen10":0.0,"ba_MODIS_2021_Hansen10":0.0,"ba_MODIS_2022_Hansen10":0.0}},{"type":"Feature","geometry":{"type":"MultiPoint","coordinates":[]},"properties":{"fa_agreement_esri_esa_glo_hansen10_gte_1":244735.72179606007,"fa_agreement_esri_esa_glo_hansen10_gte_2":212930.87419673728,"fa_agreement_esri_esa_glo_hansen10_gte_3":173427.38274152813,"fa_agreement_esri_esa_glo_hansen10_gte_4":0.0,"fa_agreement_esri_esa_gte_1":220817.0195268467,"fa_agreement_esri_esa_gte_2":178754.94496837043,"fa_agreement_hansen10_gte_1":255239.6531863152,"fa_agreement_hansen10_gte_2":227306.14259445068,"fa_agreement_hansen10_gte_3":203936.94995916286,"fa_agreement_hansen10_gte_4":167372.8202598106,"fa_agreement_hansen10_gte_5":100342.70122930258,"fa_agreement_hansen10_gte_6":33827.636195104846,"fa_agreement_hansen10_gte_7":148.85407706298915,"fa_agreement_hansen10_gte_8":0.0,"fa_agreement_hansen30_gte_9":0.0,"fa_agreement_hansen20_gte_1":255239.6531863152,"fa_agreement_hansen20_gte_2":227306.14259445076,"fa_agreement_hansen20_gte_3":203936.9499591628,"fa_agreement_hansen20_gte_4":167372.82025981054,"fa_agreement_hansen20_gte_5":100342.70122930258,"fa_agreement_hansen20_gte_6":33827.636195104846,"fa_agreement_hansen20_gte_7":148.85407706298915,"fa_agreement_hansen20_gte_8":0.0,"fa_agreement_hansen30_gte_1":257698.59705393453,"fa_agreement_hansen30_gte_2":227306.14259445068,"fa_agreement_hansen30_gte_3":203936.9499591629,"fa_agreement_hansen30_gte_4":167372.8202598106,"fa_agreement_hansen30_gte_5":100342.70122930258,"fa_agreement_hansen30_gte_6":33827.636195104846,"fa_agreement_hansen30_gte_7":148.85407706298915,"fa_agreement_hansen30_gte_8":0.0,"fa_copernicus":0.0,"fa_esa_2009":1366.7993094485296,"fa_esa_2020":201145.63638366916,"fa_esri":198440.19153707195,"fa_globeland":231832.86950877434,"fa_hansen10":0.0,"fa_hansen20":0.0,"fa_hansen30":0.0,"fa_jaxa":49371.329509350995,"fa_tandemx":189372.7616890006,"fa_jrc_2020":125499.25285266893,"fra_1a_forestArea":149.4600067138672,"fra_1a_landArea":366.0,"fra_3b_protected":7.400000095367432,"iso3":"PYF","total_area_ha":375383.8108357791,"year":2020,"fa_copernicus_protected":0.0,"fa_esa_2009_protected":0.0,"fa_esa_2020_protected":0.0,"fa_esri_protected":0.0,"fa_globeland_protected":0.0,"fa_hansen10_protected":0.0,"fa_hansen20_protected":0.0,"fa_hansen30_protected":0.0,"fa_jaxa_protected":0.0,"fa_tandemx_protected":0.0,"fa_jrc_2020_protected":0.0,"ba_MODIS_2001":0.0,"ba_MODIS_2002":0.0,"ba_MODIS_2003":0.0,"ba_MODIS_2004":0.0,"ba_MODIS_2005":0.0,"ba_MODIS_2006":0.0,"ba_MODIS_2007":0.0,"ba_MODIS_2008":0.0,"ba_MODIS_2009":0.0,"ba_MODIS_2010":0.0,"ba_MODIS_2011":0.0,"ba_MODIS_2012":0.0,"ba_MODIS_2013":0.0,"ba_MODIS_2014":0.0,"ba_MODIS_2015":0.0,"ba_MODIS_2016":0.0,"ba_MODIS_2017":0.0,"ba_MODIS_2018":0.0,"ba_MODIS_2019":0.0,"ba_MODIS_2020":0.0,"ba_MODIS_2021":0.0,"ba_MODIS_2022":0.0,"ba_MODIS_2001_Hansen10":0.0,"ba_MODIS_2002_Hansen10":0.0,"ba_MODIS_2003_Hansen10":0.0,"ba_MODIS_2004_Hansen10":0.0,"ba_MODIS_2005_Hansen10":0.0,"ba_MODIS_2006_Hansen10":0.0,"ba_MODIS_2007_Hansen10":0.0,"ba_MODIS_2008_Hansen10":0.0,"ba_MODIS_2009_Hansen10":0.0,"ba_MODIS_2010_Hansen10":0.0,"ba_MODIS_2011_Hansen10":0.0,"ba_MODIS_2012_Hansen10":0.0,"ba_MODIS_2013_Hansen10":0.0,"ba_MODIS_2014_Hansen10":0.0,"ba_MODIS_2015_Hansen10":0.0,"ba_MODIS_2016_Hansen10":0.0,"ba_MODIS_2017_Hansen10":0.0,"ba_MODIS_2018_Hansen10":0.0,"ba_MODIS_2019_Hansen10":0.0,"ba_MODIS_2020_Hansen10":0.0,"ba_MODIS_2021_Hansen10":0.0,"ba_MODIS_2022_Hansen10":0.0}},{"type":"Feature","geometry":{"type":"MultiPoint","coordinates":[]},"properties":{"fa_agreement_esri_esa_glo_hansen10_gte_1":562.8737956818926,"fa_agreement_esri_esa_glo_hansen10_gte_2":237.62849406608936,"fa_agreement_esri_esa_glo_hansen10_gte_3":0.0,"fa_agreement_esri_esa_glo_hansen10_gte_4":0.0,"fa_agreement_esri_esa_gte_1":560.7887511839282,"fa_agreement_esri_esa_gte_2":237.66061446251373,"fa_agreement_hansen10_gte_1":612.1240528998179,"fa_agreement_hansen10_gte_2":486.545887401791,"fa_agreement_hansen10_gte_3":258.7817918095368,"fa_agreement_hansen10_gte_4":110.09264287047145,"fa_agreement_hansen10_gte_5":10.57936728812424,"fa_agreement_hansen10_gte_6":0.0,"fa_agreement_hansen10_gte_7":0.0,"fa_agreement_hansen10_gte_8":0.0,"fa_agreement_hansen30_gte_9":0.0,"fa_agreement_hansen20_gte_1":612.1240528998178,"fa_agreement_hansen20_gte_2":486.545887401791,"fa_agreement_hansen20_gte_3":258.78179180953686,"fa_agreement_hansen20_gte_4":110.09264287047145,"fa_agreement_hansen20_gte_5":10.57936728812424,"fa_agreement_hansen20_gte_6":0.0,"fa_agreement_hansen20_gte_7":0.0,"fa_agreement_hansen20_gte_8":0.0,"fa_agreement_hansen30_gte_1":645.2230125049572,"fa_agreement_hansen30_gte_2":486.545887401791,"fa_agreement_hansen30_gte_3":258.7817918095368,"fa_agreement_hansen30_gte_4":110.09264287047145,"fa_agreement_hansen30_gte_5":10.57936728812424,"fa_agreement_hansen30_gte_6":0.0,"fa_agreement_hansen30_gte_7":0.0,"fa_agreement_hansen30_gte_8":0.0,"fa_copernicus":0.0,"fa_esa_2009":56.615045189950976,"fa_esa_2020":303.1442670902299,"fa_esri":496.13294835008514,"fa_globeland":0.0,"fa_hansen10":0.0,"fa_hansen20":0.0,"fa_hansen30":0.0,"fa_jaxa":0.0,"fa_tandemx":547.365864407647,"fa_jrc_2020":144.34208747579348,"fra_1a_forestArea":1.0,"fra_1a_landArea":3.0,"fra_3b_protected":null,"iso3":"TUV","total_area_ha":3012.0752941470773,"year":2020,"fa_copernicus_protected":0.0,"fa_esa_2009_protected":0.0,"fa_esa_2020_protected":5.230701000976562,"fa_esri_protected":9.374937468931902,"fa_globeland_protected":0.0,"fa_hansen10_protected":0.0,"fa_hansen20_protected":0.0,"fa_hansen30_protected":0.0,"fa_jaxa_protected":0.0,"fa_tandemx_protected":11.631665494552314,"fa_jrc_2020_protected":6.117265008544922,"ba_MODIS_2001":0.0,"ba_MODIS_2002":0.0,"ba_MODIS_2003":0.0,"ba_MODIS_2004":0.0,"ba_MODIS_2005":0.0,"ba_MODIS_2006":0.0,"ba_MODIS_2007":0.0,"ba_MODIS_2008":0.0,"ba_MODIS_2009":0.0,"ba_MODIS_2010":0.0,"ba_MODIS_2011":0.0,"ba_MODIS_2012":0.0,"ba_MODIS_2013":0.0,"ba_MODIS_2014":0.0,"ba_MODIS_2015":0.0,"ba_MODIS_2016":0.0,"ba_MODIS_2017":0.0,"ba_MODIS_2018":0.0,"ba_MODIS_2019":0.0,"ba_MODIS_2020":0.0,"ba_MODIS_2021":0.0,"ba_MODIS_2022":0.0,"ba_MODIS_2001_Hansen10":0.0,"ba_MODIS_2002_Hansen10":0.0,"ba_MODIS_2003_Hansen10":0.0,"ba_MODIS_2004_Hansen10":0.0,"ba_MODIS_2005_Hansen10":0.0,"ba_MODIS_2006_Hansen10":0.0,"ba_MODIS_2007_Hansen10":0.0,"ba_MODIS_2008_Hansen10":0.0,"ba_MODIS_2009_Hansen10":0.0,"ba_MODIS_2010_Hansen10":0.0,"ba_MODIS_2011_Hansen10":0.0,"ba_MODIS_2012_Hansen10":0.0,"ba_MODIS_2013_Hansen10":0.0,"ba_MODIS_2014_Hansen10":0.0,"ba_MODIS_2015_Hansen10":0.0,"ba_MODIS_2016_Hansen10":0.0,"ba_MODIS_2017_Hansen10":0.0,"ba_MODIS_2018_Hansen10":0.0,"ba_MODIS_2019_Hansen10":0.0,"ba_MODIS_2020_Hansen10":0.0,"ba_MODIS_2021_Hansen10":0.0,"ba_MODIS_2022_Hansen10":0.0}},{"type":"Feature","geometry":{"type":"MultiPoint","coordinates":[]},"properties":{"fa_agreement_esri_esa_glo_hansen10_gte_1":1042.310390630914,"fa_agreement_esri_esa_glo_hansen10_gte_2":0.0,"fa_agreement_esri_esa_glo_hansen10_gte_3":0.0,"fa_agreement_esri_esa_glo_hansen10_gte_4":0.0,"fa_agreement_esri_esa_gte_1":0.0,"fa_agreement_esri_esa_gte_2":0.0,"fa_agreement_hansen10_gte_1":1227.3962189457607,"fa_agreement_hansen10_gte_2":540.3123077798052,"fa_agreement_hansen10_gte_3":0.0,"fa_agreement_hansen10_gte_4":0.0,"fa_agreement_hansen10_gte_5":0.0,"fa_agreement_hansen10_gte_6":0.0,"fa_agreement_hansen10_gte_7":0.0,"fa_agreement_hansen10_gte_8":0.0,"fa_agreement_hansen30_gte_9":0.0,"fa_agreement_hansen20_gte_1":1227.3962189457604,"fa_agreement_hansen20_gte_2":540.3123077798053,"fa_agreement_hansen20_gte_3":0.0,"fa_agreement_hansen20_gte_4":0.0,"fa_agreement_hansen20_gte_5":0.0,"fa_agreement_hansen20_gte_6":0.0,"fa_agreement_hansen20_gte_7":0.0,"fa_agreement_hansen20_gte_8":0.0,"fa_agreement_hansen30_gte_1":1227.3962189457604,"fa_agreement_hansen30_gte_2":540.3123077798052,"fa_agreement_hansen30_gte_3":0.0,"fa_agreement_hansen30_gte_4":0.0,"fa_agreement_hansen30_gte_5":0.0,"fa_agreement_hansen30_gte_6":0.0,"fa_agreement_hansen30_gte_7":0.0,"fa_agreement_hansen30_gte_8":0.0,"fa_copernicus":0.0,"fa_esa_2009":0.0,"fa_esa_2020":0.0,"fa_esri":0.0,"fa_globeland":1044.4848483898638,"fa_hansen10":0.0,"fa_hansen20":0.0,"fa_hansen30":0.0,"fa_jaxa":0.0,"fa_tandemx":744.2773840305231,"fa_jrc_2020":0.0,"fra_1a_forestArea":0.0,"fra_1a_landArea":1.0,"fra_3b_protected":0.0,"iso3":"TKL","total_area_ha":16097.224819736293,"year":2020,"fa_copernicus_protected":0.0,"fa_esa_2009_protected":0.0,"fa_esa_2020_protected":0.0,"fa_esri_protected":0.0,"fa_globeland_protected":0.0,"fa_hansen10_protected":0.0,"fa_hansen20_protected":0.0,"fa_hansen30_protected":0.0,"fa_jaxa_protected":0.0,"fa_tandemx_protected":0.0,"fa_jrc_2020_protected":0.0,"ba_MODIS_2001":0.0,"ba_MODIS_2002":0.0,"ba_MODIS_2003":0.0,"ba_MODIS_2004":0.0,"ba_MODIS_2005":0.0,"ba_MODIS_2006":0.0,"ba_MODIS_2007":0.0,"ba_MODIS_2008":0.0,"ba_MODIS_2009":0.0,"ba_MODIS_2010":0.0,"ba_MODIS_2011":0.0,"ba_MODIS_2012":0.0,"ba_MODIS_2013":0.0,"ba_MODIS_2014":0.0,"ba_MODIS_2015":0.0,"ba_MODIS_2016":0.0,"ba_MODIS_2017":0.0,"ba_MODIS_2018":0.0,"ba_MODIS_2019":0.0,"ba_MODIS_2020":0.0,"ba_MODIS_2021":0.0,"ba_MODIS_2022":0.0,"ba_MODIS_2001_Hansen10":0.0,"ba_MODIS_2002_Hansen10":0.0,"ba_MODIS_2003_Hansen10":0.0,"ba_MODIS_2004_Hansen10":0.0,"ba_MODIS_2005_Hansen10":0.0,"ba_MODIS_2006_Hansen10":0.0,"ba_MODIS_2007_Hansen10":0.0,"ba_MODIS_2008_Hansen10":0.0,"ba_MODIS_2009_Hansen10":0.0,"ba_MODIS_2010_Hansen10":0.0,"ba_MODIS_2011_Hansen10":0.0,"ba_MODIS_2012_Hansen10":0.0,"ba_MODIS_2013_Hansen10":0.0,"ba_MODIS_2014_Hansen10":0.0,"ba_MODIS_2015_Hansen10":0.0,"ba_MODIS_2016_Hansen10":0.0,"ba_MODIS_2017_Hansen10":0.0,"ba_MODIS_2018_Hansen10":0.0,"ba_MODIS_2019_Hansen10":0.0,"ba_MODIS_2020_Hansen10":0.0,"ba_MODIS_2021_Hansen10":0.0,"ba_MODIS_2022_Hansen10":0.0}},{"type":"Feature","geometry":{"type":"MultiPoint","coordinates":[]},"properties":{"fa_agreement_esri_esa_glo_hansen10_gte_1":269950.6364467068,"fa_agreement_esri_esa_glo_hansen10_gte_2":259402.5346701819,"fa_agreement_esri_esa_glo_hansen10_gte_3":217666.68097089315,"fa_agreement_esri_esa_glo_hansen10_gte_4":0.0,"fa_agreement_esri_esa_gte_1":263553.9702033806,"fa_agreement_esri_esa_gte_2":234080.23549645187,"fa_agreement_hansen10_gte_1":268382.07468826894,"fa_agreement_hansen10_gte_2":264269.3325294794,"fa_agreement_hansen10_gte_3":258664.00118659082,"fa_agreement_hansen10_gte_4":247611.33898413085,"fa_agreement_hansen10_gte_5":216004.29356885474,"fa_agreement_hansen10_gte_6":145979.10180304857,"fa_agreement_hansen10_gte_7":53126.86815421974,"fa_agreement_hansen10_gte_8":0.0,"fa_agreement_hansen30_gte_9":0.0,"fa_agreement_hansen20_gte_1":268382.07468826894,"fa_agreement_hansen20_gte_2":264269.3325294794,"fa_agreement_hansen20_gte_3":258664.00118659082,"fa_agreement_hansen20_gte_4":247611.33898413077,"fa_agreement_hansen20_gte_5":216004.29356885474,"fa_agreement_hansen20_gte_6":145979.10180304854,"fa_agreement_hansen20_gte_7":53126.86815421973,"fa_agreement_hansen20_gte_8":0.0,"fa_agreement_hansen30_gte_1":271286.2307250519,"fa_agreement_hansen30_gte_2":264269.3325294794,"fa_agreement_hansen30_gte_3":258664.00118659082,"fa_agreement_hansen30_gte_4":247611.33898413082,"fa_agreement_hansen30_gte_5":216004.29356885474,"fa_agreement_hansen30_gte_6":145979.10180304857,"fa_agreement_hansen30_gte_7":53126.86815421974,"fa_agreement_hansen30_gte_8":0.0,"fa_copernicus":0.0,"fa_esa_2009":133038.7383674563,"fa_esa_2020":243096.23172915622,"fa_esri":254534.33761330086,"fa_globeland":248830.6711108355,"fa_hansen10":0.0,"fa_hansen20":0.0,"fa_hansen30":0.0,"fa_jaxa":180786.12328051796,"fa_tandemx":151459.82025921607,"fa_jrc_2020":251230.3618278896,"fra_1a_forestArea":161.6699981689453,"fra_1a_landArea":283.0,"fra_3b_protected":null,"iso3":"WSM","total_area_ha":288794.1565803776,"year":2020,"fa_copernicus_protected":0.0,"fa_esa_2009_protected":10962.474383196652,"fa_esa_2020_protected":16615.003835105214,"fa_esri_protected":17626.817117921644,"fa_globeland_protected":16932.41232314814,"fa_hansen10_protected":0.0,"fa_hansen20_protected":0.0,"fa_hansen30_protected":0.0,"fa_jaxa_protected":16211.7488431083,"fa_tandemx_protected":9470.177816847834,"fa_jrc_2020_protected":17418.272862440517,"ba_MODIS_2001":0.0,"ba_MODIS_2002":0.0,"ba_MODIS_2003":0.0,"ba_MODIS_2004":0.0,"ba_MODIS_2005":0.0,"ba_MODIS_2006":0.0,"ba_MODIS_2007":0.0,"ba_MODIS_2008":0.0,"ba_MODIS_2009":0.0,"ba_MODIS_2010":0.0,"ba_MODIS_2011":1351.7944718750002,"ba_MODIS_2012":0.0,"ba_MODIS_2013":0.0,"ba_MODIS_2014":0.0,"ba_MODIS_2015":0.0,"ba_MODIS_2016":0.0,"ba_MODIS_2017":0.0,"ba_MODIS_2018":0.0,"ba_MODIS_2019":0.0,"ba_MODIS_2020":0.0,"ba_MODIS_2021":0.0,"ba_MODIS_2022":0.0,"ba_MODIS_2001_Hansen10":0.0,"ba_MODIS_2002_Hansen10":0.0,"ba_MODIS_2003_Hansen10":0.0,"ba_MODIS_2004_Hansen10":0.0,"ba_MODIS_2005_Hansen10":0.0,"ba_MODIS_2006_Hansen10":0.0,"ba_MODIS_2007_Hansen10":0.0,"ba_MODIS_2008_Hansen10":0.0,"ba_MODIS_2009_Hansen10":0.0,"ba_MODIS_2010_Hansen10":0.0,"ba_MODIS_2011_Hansen10":0.0,"ba_MODIS_2012_Hansen10":0.0,"ba_MODIS_2013_Hansen10":0.0,"ba_MODIS_2014_Hansen10":0.0,"ba_MODIS_2015_Hansen10":0.0,"ba_MODIS_2016_Hansen10":0.0,"ba_MODIS_2017_Hansen10":0.0,"ba_MODIS_2018_Hansen10":0.0,"ba_MODIS_2019_Hansen10":0.0,"ba_MODIS_2020_Hansen10":0.0,"ba_MODIS_2021_Hansen10":0.0,"ba_MODIS_2022_Hansen10":0.0}},{"type":"Feature","geometry":{"type":"MultiPoint","coordinates":[]},"properties":{"fa_agreement_esri_esa_glo_hansen10_gte_1":11817.885543453187,"fa_agreement_esri_esa_glo_hansen10_gte_2":9701.31376737708,"fa_agreement_esri_esa_glo_hansen10_gte_3":4400.168083674614,"fa_agreement_esri_esa_glo_hansen10_gte_4":0.0,"fa_agreement_esri_esa_gte_1":11352.146515896718,"fa_agreement_esri_esa_gte_2":8508.773195700278,"fa_agreement_hansen10_gte_1":11979.132475384105,"fa_agreement_hansen10_gte_2":10900.89383177445,"fa_agreement_hansen10_gte_3":9282.891396016816,"fa_agreement_hansen10_gte_4":6042.0594243572805,"fa_agreement_hansen10_gte_5":2682.2760912756726,"fa_agreement_hansen10_gte_6":890.4256746025413,"fa_agreement_hansen10_gte_7":0.0,"fa_agreement_hansen10_gte_8":0.0,"fa_agreement_hansen30_gte_9":0.0,"fa_agreement_hansen20_gte_1":11979.132475384105,"fa_agreement_hansen20_gte_2":10900.89383177445,"fa_agreement_hansen20_gte_3":9282.891396016814,"fa_agreement_hansen20_gte_4":6042.059424357281,"fa_agreement_hansen20_gte_5":2682.2760912756726,"fa_agreement_hansen20_gte_6":890.4256746025413,"fa_agreement_hansen20_gte_7":0.0,"fa_agreement_hansen20_gte_8":0.0,"fa_agreement_hansen30_gte_1":12347.890615129081,"fa_agreement_hansen30_gte_2":10900.89383177445,"fa_agreement_hansen30_gte_3":9282.891396016816,"fa_agreement_hansen30_gte_4":6042.0594243572805,"fa_agreement_hansen30_gte_5":2682.2760912756726,"fa_agreement_hansen30_gte_6":890.4256746025413,"fa_agreement_hansen30_gte_7":0.0,"fa_agreement_hansen30_gte_8":0.0,"fa_copernicus":0.0,"fa_esa_2009":2536.758547261033,"fa_esa_2020":9601.704206838276,"fa_esri":10262.435019579672,"fa_globeland":6023.86721768625,"fa_hansen10":0.0,"fa_hansen20":0.0,"fa_hansen30":0.0,"fa_jaxa":0.0,"fa_tandemx":6567.485438957709,"fa_jrc_2020":8244.98072362281,"fra_1a_forestArea":5.829999923706055,"fra_1a_landArea":14.0,"fra_3b_protected":null,"iso3":"WLF","total_area_ha":17568.59343877727,"year":2020,"fa_copernicus_protected":0.0,"fa_esa_2009_protected":0.0,"fa_esa_2020_protected":0.0,"fa_esri_protected":0.0,"fa_globeland_protected":0.0,"fa_hansen10_protected":0.0,"fa_hansen20_protected":0.0,"fa_hansen30_protected":0.0,"fa_jaxa_protected":0.0,"fa_tandemx_protected":0.0,"fa_jrc_2020_protected":0.0,"ba_MODIS_2001":0.0,"ba_MODIS_2002":0.0,"ba_MODIS_2003":0.0,"ba_MODIS_2004":0.0,"ba_MODIS_2005":0.0,"ba_MODIS_2006":0.0,"ba_MODIS_2007":0.0,"ba_MODIS_2008":0.0,"ba_MODIS_2009":0.0,"ba_MODIS_2010":0.0,"ba_MODIS_2011":0.0,"ba_MODIS_2012":0.0,"ba_MODIS_2013":0.0,"ba_MODIS_2014":0.0,"ba_MODIS_2015":0.0,"ba_MODIS_2016":0.0,"ba_MODIS_2017":0.0,"ba_MODIS_2018":0.0,"ba_MODIS_2019":0.0,"ba_MODIS_2020":0.0,"ba_MODIS_2021":0.0,"ba_MODIS_2022":0.0,"ba_MODIS_2001_Hansen10":0.0,"ba_MODIS_2002_Hansen10":0.0,"ba_MODIS_2003_Hansen10":0.0,"ba_MODIS_2004_Hansen10":0.0,"ba_MODIS_2005_Hansen10":0.0,"ba_MODIS_2006_Hansen10":0.0,"ba_MODIS_2007_Hansen10":0.0,"ba_MODIS_2008_Hansen10":0.0,"ba_MODIS_2009_Hansen10":0.0,"ba_MODIS_2010_Hansen10":0.0,"ba_MODIS_2011_Hansen10":0.0,"ba_MODIS_2012_Hansen10":0.0,"ba_MODIS_2013_Hansen10":0.0,"ba_MODIS_2014_Hansen10":0.0,"ba_MODIS_2015_Hansen10":0.0,"ba_MODIS_2016_Hansen10":0.0,"ba_MODIS_2017_Hansen10":0.0,"ba_MODIS_2018_Hansen10":0.0,"ba_MODIS_2019_Hansen10":0.0,"ba_MODIS_2020_Hansen10":0.0,"ba_MODIS_2021_Hansen10":0.0,"ba_MODIS_2022_Hansen10":0.0}},{"type":"Feature","geometry":{"type":"MultiPoint","coordinates":[]},"properties":{"fa_agreement_esri_esa_glo_hansen10_gte_1":36413.42796606218,"fa_agreement_esri_esa_glo_hansen10_gte_2":34834.19647129285,"fa_agreement_esri_esa_glo_hansen10_gte_3":33074.308728910604,"fa_agreement_esri_esa_glo_hansen10_gte_4":28492.28700395554,"fa_agreement_esri_esa_gte_1":35323.046679766965,"fa_agreement_esri_esa_gte_2":32574.04000892649,"fa_agreement_hansen10_gte_1":36633.4505660352,"fa_agreement_hansen10_gte_2":35264.13126983515,"fa_agreement_hansen10_gte_3":34286.109768457536,"fa_agreement_hansen10_gte_4":33255.702251195726,"fa_agreement_hansen10_gte_5":31395.030726399455,"fa_agreement_hansen10_gte_6":24491.565377910363,"fa_agreement_hansen10_gte_7":11264.218006069506,"fa_agreement_hansen10_gte_8":1498.1127029112313,"fa_agreement_hansen30_gte_9":1.90717026369581,"fa_agreement_hansen20_gte_1":36584.24700077652,"fa_agreement_hansen20_gte_2":35203.45296510595,"fa_agreement_hansen20_gte_3":34225.86809130492,"fa_agreement_hansen20_gte_4":33194.84387819664,"fa_agreement_hansen20_gte_5":31334.47807313258,"fa_agreement_hansen20_gte_6":24447.18743636003,"fa_agreement_hansen20_gte_7":11245.020567471362,"fa_agreement_hansen20_gte_8":1495.962358853183,"fa_agreement_hansen30_gte_1":37256.93099340456,"fa_agreement_hansen30_gte_2":35158.6826074574,"fa_agreement_hansen30_gte_3":34177.805576991734,"fa_agreement_hansen30_gte_4":33135.67127112489,"fa_agreement_hansen30_gte_5":31264.818776461274,"fa_agreement_hansen30_gte_6":24386.921011656425,"fa_agreement_hansen30_gte_7":11219.838247701993,"fa_agreement_hansen30_gte_8":1493.2910929672878,"fa_copernicus":6034.023798430199,"fa_esa_2009":20747.68493926155,"fa_esa_2020":34776.2156604815,"fa_esri":33125.910216210585,"fa_globeland":31327.779762845614,"fa_hansen10":33492.39396753433,"fa_hansen20":33110.8616988685,"fa_hansen30":32737.64285428662,"fa_jaxa":313.372986220799,"fa_tandemx":17844.968551435795,"fa_jrc_2020":33004.40553029352,"fra_1a_forestArea":41.40999984741211,"fra_1a_landArea":46.0,"fra_3b_protected":null,"iso3":"PLW","total_area_ha":46174.22076544645,"year":2020,"fa_copernicus_protected":354.0404228849746,"fa_esa_2009_protected":2399.467137499475,"fa_esa_2020_protected":3740.6898530734425,"fa_esri_protected":3688.136907796323,"fa_globeland_protected":3558.4765567114555,"fa_hansen10_protected":3719.6094284634014,"fa_hansen20_protected":3694.6989981167185,"fa_hansen30_protected":3666.9595291598825,"fa_jaxa_protected":0.0,"fa_tandemx_protected":1729.769538731227,"fa_jrc_2020_protected":3687.0970452609026,"ba_MODIS_2001":0.0,"ba_MODIS_2002":0.0,"ba_MODIS_2003":0.0,"ba_MODIS_2004":0.0,"ba_MODIS_2005":0.0,"ba_MODIS_2006":0.0,"ba_MODIS_2007":0.0,"ba_MODIS_2008":0.0,"ba_MODIS_2009":0.0,"ba_MODIS_2010":0.0,"ba_MODIS_2011":0.0,"ba_MODIS_2012":0.0,"ba_MODIS_2013":0.0,"ba_MODIS_2014":0.0,"ba_MODIS_2015":0.0,"ba_MODIS_2016":0.0,"ba_MODIS_2017":0.0,"ba_MODIS_2018":0.0,"ba_MODIS_2019":0.0,"ba_MODIS_2020":0.0,"ba_MODIS_2021":0.0,"ba_MODIS_2022":0.0,"ba_MODIS_2001_Hansen10":0.0,"ba_MODIS_2002_Hansen10":0.0,"ba_MODIS_2003_Hansen10":0.0,"ba_MODIS_2004_Hansen10":0.0,"ba_MODIS_2005_Hansen10":0.0,"ba_MODIS_2006_Hansen10":0.0,"ba_MODIS_2007_Hansen10":0.0,"ba_MODIS_2008_Hansen10":0.0,"ba_MODIS_2009_Hansen10":0.0,"ba_MODIS_2010_Hansen10":0.0,"ba_MODIS_2011_Hansen10":0.0,"ba_MODIS_2012_Hansen10":0.0,"ba_MODIS_2013_Hansen10":0.0,"ba_MODIS_2014_Hansen10":0.0,"ba_MODIS_2015_Hansen10":0.0,"ba_MODIS_2016_Hansen10":0.0,"ba_MODIS_2017_Hansen10":0.0,"ba_MODIS_2018_Hansen10":0.0,"ba_MODIS_2019_Hansen10":0.0,"ba_MODIS_2020_Hansen10":0.0,"ba_MODIS_2021_Hansen10":0.0,"ba_MODIS_2022_Hansen10":0.0}},{"type":"Feature","geometry":{"type":"MultiPoint","coordinates":[]},"properties":{"fa_agreement_esri_esa_glo_hansen10_gte_1":1202602.6708108291,"fa_agreement_esri_esa_glo_hansen10_gte_2":1176994.9757361517,"fa_agreement_esri_esa_glo_hansen10_gte_3":1142780.1166804947,"fa_agreement_esri_esa_glo_hansen10_gte_4":903920.8210043675,"fa_agreement_esri_esa_gte_1":1176374.2958902996,"fa_agreement_esri_esa_gte_2":1127432.6041270136,"fa_agreement_hansen10_gte_1":1198884.561762766,"fa_agreement_hansen10_gte_2":1188580.9207535577,"fa_agreement_hansen10_gte_3":1176345.7649860936,"fa_agreement_hansen10_gte_4":1162531.9092000104,"fa_agreement_hansen10_gte_5":1141940.7691966176,"fa_agreement_hansen10_gte_6":1088227.5006429593,"fa_agreement_hansen10_gte_7":907522.6964164705,"fa_agreement_hansen10_gte_8":521895.4733468581,"fa_agreement_hansen30_gte_9":129323.43550004286,"fa_agreement_hansen20_gte_1":1198612.942823554,"fa_agreement_hansen20_gte_2":1188189.6095202856,"fa_agreement_hansen20_gte_3":1175977.69292767,"fa_agreement_hansen20_gte_4":1162285.533732309,"fa_agreement_hansen20_gte_5":1141722.3490676256,"fa_agreement_hansen20_gte_6":1088063.9119650705,"fa_agreement_hansen20_gte_7":907376.1666674233,"fa_agreement_hansen20_gte_8":521833.9028775106,"fa_agreement_hansen30_gte_1":1211536.0186928667,"fa_agreement_hansen30_gte_2":1187717.4547241337,"fa_agreement_hansen30_gte_3":1175516.9017144153,"fa_agreement_hansen30_gte_4":1161923.2459371956,"fa_agreement_hansen30_gte_5":1141406.0579089753,"fa_agreement_hansen30_gte_6":1087806.970128707,"fa_agreement_hansen30_gte_7":907189.0085484863,"fa_agreement_hansen30_gte_8":521747.8397705228,"fa_copernicus":1028999.0080519812,"fa_esa_2009":554685.263651639,"fa_esa_2020":1155032.902299243,"fa_esri":1148742.5604774898,"fa_globeland":955926.413635676,"fa_hansen10":1167386.9409585183,"fa_hansen20":1165419.6392508748,"fa_hansen30":1162853.694705773,"fa_jaxa":461574.870671187,"fa_tandemx":1018713.4974086162,"fa_jrc_2020":1095012.9539016644,"fra_1a_forestArea":442.29998779296875,"fra_1a_landArea":1219.0,"fra_3b_protected":3.0399999618530273,"iso3":"VUT","total_area_ha":1226973.1290813056,"year":2020,"fa_copernicus_protected":37921.42396198339,"fa_esa_2009_protected":14176.140444458637,"fa_esa_2020_protected":38001.83391438118,"fa_esri_protected":38675.98818826595,"fa_globeland_protected":29894.789837417706,"fa_hansen10_protected":38792.45408043772,"fa_hansen20_protected":38616.27447888494,"fa_hansen30_protected":38416.183567554115,"fa_jaxa_protected":24726.79560270255,"fa_tandemx_protected":35111.45303010833,"fa_jrc_2020_protected":37784.336227090316,"ba_MODIS_2001":0.0,"ba_MODIS_2002":0.0,"ba_MODIS_2003":763.8142265625,"ba_MODIS_2004":0.0,"ba_MODIS_2005":596.6224296875001,"ba_MODIS_2006":0.0,"ba_MODIS_2007":0.0,"ba_MODIS_2008":0.0,"ba_MODIS_2009":0.0,"ba_MODIS_2010":0.0,"ba_MODIS_2011":0.0,"ba_MODIS_2012":0.0,"ba_MODIS_2013":0.0,"ba_MODIS_2014":0.0,"ba_MODIS_2015":783.4852700061274,"ba_MODIS_2016":0.0,"ba_MODIS_2017":2527.1308951348014,"ba_MODIS_2018":0.0,"ba_MODIS_2019":0.0,"ba_MODIS_2020":0.0,"ba_MODIS_2021":0.0,"ba_MODIS_2022":0.0,"ba_MODIS_2001_Hansen10":0.0,"ba_MODIS_2002_Hansen10":0.0,"ba_MODIS_2003_Hansen10":738.8186372192371,"ba_MODIS_2004_Hansen10":0.0,"ba_MODIS_2005_Hansen10":510.8433258728134,"ba_MODIS_2006_Hansen10":0.0,"ba_MODIS_2007_Hansen10":0.0,"ba_MODIS_2008_Hansen10":0.0,"ba_MODIS_2009_Hansen10":0.0,"ba_MODIS_2010_Hansen10":0.0,"ba_MODIS_2011_Hansen10":0.0,"ba_MODIS_2012_Hansen10":0.0,"ba_MODIS_2013_Hansen10":0.0,"ba_MODIS_2014_Hansen10":0.0,"ba_MODIS_2015_Hansen10":623.1973858661955,"ba_MODIS_2016_Hansen10":0.0,"ba_MODIS_2017_Hansen10":2494.530504153641,"ba_MODIS_2018_Hansen10":0.0,"ba_MODIS_2019_Hansen10":0.0,"ba_MODIS_2020_Hansen10":0.0,"ba_MODIS_2021_Hansen10":0.0,"ba_MODIS_2022_Hansen10":0.0}},{"type":"Feature","geometry":{"type":"MultiPoint","coordinates":[]},"properties":{"fa_agreement_esri_esa_glo_hansen10_gte_1":64737.28945913998,"fa_agreement_esri_esa_glo_hansen10_gte_2":44512.003525545624,"fa_agreement_esri_esa_glo_hansen10_gte_3":31823.51956312545,"fa_agreement_esri_esa_glo_hansen10_gte_4":0.0,"fa_agreement_esri_esa_gte_1":46021.28286412812,"fa_agreement_esri_esa_gte_2":33917.12765814894,"fa_agreement_hansen10_gte_1":65080.18637342983,"fa_agreement_hansen10_gte_2":52967.611616352326,"fa_agreement_hansen10_gte_3":41415.93218915333,"fa_agreement_hansen10_gte_4":29024.56480633468,"fa_agreement_hansen10_gte_5":13282.812880433983,"fa_agreement_hansen10_gte_6":3152.9888634850904,"fa_agreement_hansen10_gte_7":206.48740374260427,"fa_agreement_hansen10_gte_8":0.0,"fa_agreement_hansen30_gte_9":0.0,"fa_agreement_hansen20_gte_1":65080.186373429824,"fa_agreement_hansen20_gte_2":52967.61161635232,"fa_agreement_hansen20_gte_3":41415.93218915332,"fa_agreement_hansen20_gte_4":29024.56480633468,"fa_agreement_hansen20_gte_5":13282.812880433983,"fa_agreement_hansen20_gte_6":3152.9888634850904,"fa_agreement_hansen20_gte_7":206.4874037426043,"fa_agreement_hansen20_gte_8":0.0,"fa_agreement_hansen30_gte_1":66387.89949257953,"fa_agreement_hansen30_gte_2":52967.61161635232,"fa_agreement_hansen30_gte_3":41415.932189153325,"fa_agreement_hansen30_gte_4":29024.56480633468,"fa_agreement_hansen30_gte_5":13282.812880433983,"fa_agreement_hansen30_gte_6":3152.9888634850904,"fa_agreement_hansen30_gte_7":206.48740374260427,"fa_agreement_hansen30_gte_8":0.0,"fa_copernicus":3507.178637702965,"fa_esa_2009":8473.805912545962,"fa_esa_2020":38001.627330407064,"fa_esri":41943.49518019924,"fa_globeland":61210.698555973664,"fa_hansen10":0.0,"fa_hansen20":0.0,"fa_hansen30":0.0,"fa_jaxa":3270.328517564883,"fa_tandemx":35815.88015714685,"fa_jrc_2020":16934.49681658426,"fra_1a_forestArea":8.949999809265137,"fra_1a_landArea":72.0,"fra_3b_protected":null,"iso3":"TON","total_area_ha":72396.10789474944,"year":2020,"fa_copernicus_protected":1584.2285356978691,"fa_esa_2009_protected":1126.7394677065397,"fa_esa_2020_protected":4792.979594134702,"fa_esri_protected":5385.215142560152,"fa_globeland_protected":6268.9132045020015,"fa_hansen10_protected":0.0,"fa_hansen20_protected":0.0,"fa_hansen30_protected":0.0,"fa_jaxa_protected":676.939042068236,"fa_tandemx_protected":3424.657198403274,"fa_jrc_2020_protected":520.9042486895851,"ba_MODIS_2001":0.0,"ba_MODIS_2002":0.0,"ba_MODIS_2003":0.0,"ba_MODIS_2004":0.0,"ba_MODIS_2005":0.0,"ba_MODIS_2006":0.0,"ba_MODIS_2007":0.0,"ba_MODIS_2008":0.0,"ba_MODIS_2009":0.0,"ba_MODIS_2010":0.0,"ba_MODIS_2011":0.0,"ba_MODIS_2012":0.0,"ba_MODIS_2013":0.0,"ba_MODIS_2014":0.0,"ba_MODIS_2015":0.0,"ba_MODIS_2016":0.0,"ba_MODIS_2017":0.0,"ba_MODIS_2018":0.0,"ba_MODIS_2019":0.0,"ba_MODIS_2020":0.0,"ba_MODIS_2021":0.0,"ba_MODIS_2022":0.0,"ba_MODIS_2001_Hansen10":0.0,"ba_MODIS_2002_Hansen10":0.0,"ba_MODIS_2003_Hansen10":0.0,"ba_MODIS_2004_Hansen10":0.0,"ba_MODIS_2005_Hansen10":0.0,"ba_MODIS_2006_Hansen10":0.0,"ba_MODIS_2007_Hansen10":0.0,"ba_MODIS_2008_Hansen10":0.0,"ba_MODIS_2009_Hansen10":0.0,"ba_MODIS_2010_Hansen10":0.0,"ba_MODIS_2011_Hansen10":0.0,"ba_MODIS_2012_Hansen10":0.0,"ba_MODIS_2013_Hansen10":0.0,"ba_MODIS_2014_Hansen10":0.0,"ba_MODIS_2015_Hansen10":0.0,"ba_MODIS_2016_Hansen10":0.0,"ba_MODIS_2017_Hansen10":0.0,"ba_MODIS_2018_Hansen10":0.0,"ba_MODIS_2019_Hansen10":0.0,"ba_MODIS_2020_Hansen10":0.0,"ba_MODIS_2021_Hansen10":0.0,"ba_MODIS_2022_Hansen10":0.0}},{"type":"Feature","geometry":{"type":"MultiPoint","coordinates":[]},"properties":{"fa_agreement_esri_esa_glo_hansen10_gte_1":1620223.8880841695,"fa_agreement_esri_esa_glo_hansen10_gte_2":1356242.160637207,"fa_agreement_esri_esa_glo_hansen10_gte_3":1050567.8968605686,"fa_agreement_esri_esa_glo_hansen10_gte_4":601520.2925084218,"fa_agreement_esri_esa_gte_1":1410789.296114516,"fa_agreement_esri_esa_gte_2":1058414.9012675183,"fa_agreement_hansen10_gte_1":1675505.6051364143,"fa_agreement_hansen10_gte_2":1574196.675641638,"fa_agreement_hansen10_gte_3":1481122.3788429336,"fa_agreement_hansen10_gte_4":1354681.80726565,"fa_agreement_hansen10_gte_5":1184907.2457487048,"fa_agreement_hansen10_gte_6":981914.5306107157,"fa_agreement_hansen10_gte_7":738390.6234269554,"fa_agreement_hansen10_gte_8":449510.2441394871,"fa_agreement_hansen30_gte_9":173455.16547779724,"fa_agreement_hansen20_gte_1":1653881.3396171418,"fa_agreement_hansen20_gte_2":1559479.31295333,"fa_agreement_hansen20_gte_3":1465399.2623402271,"fa_agreement_hansen20_gte_4":1342195.509741378,"fa_agreement_hansen20_gte_5":1178520.1102494563,"fa_agreement_hansen20_gte_6":979607.389388033,"fa_agreement_hansen20_gte_7":737705.2303346286,"fa_agreement_hansen20_gte_8":449328.3304742433,"fa_agreement_hansen30_gte_1":1660560.4519002596,"fa_agreement_hansen30_gte_2":1548285.95646594,"fa_agreement_hansen30_gte_3":1448693.9693897855,"fa_agreement_hansen30_gte_4":1323864.3608438128,"fa_agreement_hansen30_gte_5":1166920.0755197995,"fa_agreement_hansen30_gte_6":974120.7888512762,"fa_agreement_hansen30_gte_7":735756.4627329841,"fa_agreement_hansen30_gte_8":448759.7982956037,"fa_copernicus":1367408.289043986,"fa_esa_2009":888878.9690104298,"fa_esa_2020":1365456.6139174101,"fa_esri":1103753.6200553477,"fa_globeland":629399.5156929523,"fa_hansen10":1527674.904815099,"fa_hansen20":1449180.9488112687,"fa_hansen30":1372668.248307963,"fa_jaxa":555615.9281462079,"fa_tandemx":762945.221910523,"fa_jrc_2020":1500878.4528861113,"fra_1a_forestArea":838.02001953125,"fra_1a_landArea":1828.0,"fra_3b_protected":90.66999816894531,"iso3":"NCL","total_area_ha":1897158.0783418254,"year":2020,"fa_copernicus_protected":272180.4902162062,"fa_esa_2009_protected":207867.1376129407,"fa_esa_2020_protected":265599.7578824987,"fa_esri_protected":214085.31858995097,"fa_globeland_protected":129302.51931477613,"fa_hansen10_protected":298130.24885479355,"fa_hansen20_protected":283522.5870300881,"fa_hansen30_protected":268271.7470686316,"fa_jaxa_protected":122784.37649305277,"fa_tandemx_protected":169261.56026215066,"fa_jrc_2020_protected":299712.9187677306,"ba_MODIS_2001":0.0,"ba_MODIS_2002":11530.100639938733,"ba_MODIS_2003":1422.1130640625,"ba_MODIS_2004":10837.124168749995,"ba_MODIS_2005":4418.19897985907,"ba_MODIS_2006":5277.695435551471,"ba_MODIS_2007":0.0,"ba_MODIS_2008":0.0,"ba_MODIS_2009":0.0,"ba_MODIS_2010":0.0,"ba_MODIS_2011":993.8563749999998,"ba_MODIS_2012":0.0,"ba_MODIS_2013":649.1048625000001,"ba_MODIS_2014":0.0,"ba_MODIS_2015":2776.9930374999994,"ba_MODIS_2016":2389.278326072303,"ba_MODIS_2017":5287.4147184987705,"ba_MODIS_2018":2370.93753125,"ba_MODIS_2019":14608.51243324143,"ba_MODIS_2020":806.6979484374999,"ba_MODIS_2021":4881.999730606617,"ba_MODIS_2022":0.0,"ba_MODIS_2001_Hansen10":0.0,"ba_MODIS_2002_Hansen10":9168.281390565324,"ba_MODIS_2003_Hansen10":1195.963903265369,"ba_MODIS_2004_Hansen10":8616.470780953825,"ba_MODIS_2005_Hansen10":3304.4375922123268,"ba_MODIS_2006_Hansen10":4205.547067182366,"ba_MODIS_2007_Hansen10":0.0,"ba_MODIS_2008_Hansen10":0.0,"ba_MODIS_2009_Hansen10":0.0,"ba_MODIS_2010_Hansen10":0.0,"ba_MODIS_2011_Hansen10":543.5710287353478,"ba_MODIS_2012_Hansen10":0.0,"ba_MODIS_2013_Hansen10":568.5915186950579,"ba_MODIS_2014_Hansen10":0.0,"ba_MODIS_2015_Hansen10":2192.0065379028415,"ba_MODIS_2016_Hansen10":1774.1296678582576,"ba_MODIS_2017_Hansen10":4276.265910308849,"ba_MODIS_2018_Hansen10":1411.8763681579571,"ba_MODIS_2019_Hansen10":10332.573907897497,"ba_MODIS_2020_Hansen10":639.3216459350668,"ba_MODIS_2021_Hansen10":3797.1164093371817,"ba_MODIS_2022_Hansen10":0.0}},{"type":"Feature","geometry":{"type":"MultiPoint","coordinates":[]},"properties":{"fa_agreement_esri_esa_glo_hansen10_gte_1":2.1807413985714245E8,"fa_agreement_esri_esa_glo_hansen10_gte_2":1.2956965185027409E8,"fa_agreement_esri_esa_glo_hansen10_gte_3":7.75525081209735E7,"fa_agreement_esri_esa_glo_hansen10_gte_4":3.642762461360565E7,"fa_agreement_esri_esa_gte_1":1.7403843957848424E8,"fa_agreement_esri_esa_gte_2":8.616779206904446E7,"fa_agreement_hansen10_gte_1":2.6725555408579442E8,"fa_agreement_hansen10_gte_2":1.915821039287465E8,"fa_agreement_hansen10_gte_3":1.5806374335352194E8,"fa_agreement_hansen10_gte_4":1.3439376172666672E8,"fa_agreement_hansen10_gte_5":1.1204646748156157E8,"fa_agreement_hansen10_gte_6":8.765115747671671E7,"fa_agreement_hansen10_gte_7":6.31179845988808E7,"fa_agreement_hansen10_gte_8":4.111096883978713E7,"fa_agreement_hansen30_gte_9":1.9367785462715574E7,"fa_agreement_hansen20_gte_1":2.6700255379478788E8,"fa_agreement_hansen20_gte_2":1.9123075389314032E8,"fa_agreement_hansen20_gte_3":1.575547092179944E8,"fa_agreement_hansen20_gte_4":1.3351186465372545E8,"fa_agreement_hansen20_gte_5":1.1013296993510893E8,"fa_agreement_hansen20_gte_6":8.349042287052022E7,"fa_agreement_hansen20_gte_7":5.737503480957585E7,"fa_agreement_hansen20_gte_8":3.7177286094797365E7,"fa_agreement_hansen30_gte_1":2.7198307127001214E8,"fa_agreement_hansen30_gte_2":1.9115648018669108E8,"fa_agreement_hansen30_gte_3":1.5741065102459884E8,"fa_agreement_hansen30_gte_4":1.3322849700273693E8,"fa_agreement_hansen30_gte_5":1.0972506729618293E8,"fa_agreement_hansen30_gte_6":8.271686813401252E7,"fa_agreement_hansen30_gte_7":5.567614565648657E7,"fa_agreement_hansen30_gte_8":3.4634700882923484E7,"fa_copernicus":1.6872998146520245E8,"fa_esa_2009":7.007552353027694E7,"fa_esa_2020":1.394012784801385E8,"fa_esri":1.2080648144746718E8,"fa_globeland":1.4111359365386844E8,"fa_hansen10":6.041568352619831E7,"fa_hansen20":4.174285411871654E7,"fa_hansen30":3.419061377555098E7,"fa_jaxa":1.3870222272316444E8,"fa_tandemx":1.1258746827490859E8,"fa_jrc_2020":1.4302639617803606E8,"fra_1a_forestArea":134005.09375,"fra_1a_landArea":768230.0,"fra_3b_protected":24071.55078125,"iso3":"AUS","total_area_ha":7.702019623045588E8,"year":2020,"fa_copernicus_protected":2.659673147286932E7,"fa_esa_2009_protected":1.8595716380283955E7,"fa_esa_2020_protected":2.245029697798122E7,"fa_esri_protected":2.044675887040514E7,"fa_globeland_protected":2.447990974798308E7,"fa_hansen10_protected":1.5499429059829066E7,"fa_hansen20_protected":1.295501283563574E7,"fa_hansen30_protected":1.1645501050816052E7,"fa_jaxa_protected":2.404411017622583E7,"fa_tandemx_protected":1.7434920538521443E7,"fa_jrc_2020_protected":2.4518677448452927E7,"ba_MODIS_2001":9.325418425645244E7,"ba_MODIS_2002":7.67005962515069E7,"ba_MODIS_2003":3.1510790135368723E7,"ba_MODIS_2004":6.369366474923125E7,"ba_MODIS_2005":2.7819683194704935E7,"ba_MODIS_2006":5.732085797167858E7,"ba_MODIS_2007":5.132218608762462E7,"ba_MODIS_2008":3.146418473719065E7,"ba_MODIS_2009":4.057905953685155E7,"ba_MODIS_2010":1.8376922301332995E7,"ba_MODIS_2011":8.76230155726942E7,"ba_MODIS_2012":8.962211603027116E7,"ba_MODIS_2013":2.826885525802182E7,"ba_MODIS_2014":4.661957120334417E7,"ba_MODIS_2015":4.200925775282609E7,"ba_MODIS_2016":2.414910519900294E7,"ba_MODIS_2017":4.899644041574044E7,"ba_MODIS_2018":5.1919247232755765E7,"ba_MODIS_2019":3.5950786945457414E7,"ba_MODIS_2020":1.6834342416954067E7,"ba_MODIS_2021":2.6434363580503047E7,"ba_MODIS_2022":2354657.0506147146,"ba_MODIS_2001_Hansen10":8878842.158325095,"ba_MODIS_2002_Hansen10":9873431.980448846,"ba_MODIS_2003_Hansen10":9333965.101954794,"ba_MODIS_2004_Hansen10":7840626.9701534845,"ba_MODIS_2005_Hansen10":8113436.134712571,"ba_MODIS_2006_Hansen10":9312078.042968467,"ba_MODIS_2007_Hansen10":6493678.467354268,"ba_MODIS_2008_Hansen10":6432080.071449821,"ba_MODIS_2009_Hansen10":1.0042464484993655E7,"ba_MODIS_2010_Hansen10":3446229.216723497,"ba_MODIS_2011_Hansen10":8548934.422306705,"ba_MODIS_2012_Hansen10":9715102.139034428,"ba_MODIS_2013_Hansen10":6019043.393885821,"ba_MODIS_2014_Hansen10":8404415.13820852,"ba_MODIS_2015_Hansen10":6963576.663808208,"ba_MODIS_2016_Hansen10":5705440.024315298,"ba_MODIS_2017_Hansen10":4564390.183833673,"ba_MODIS_2018_Hansen10":7219099.41576799,"ba_MODIS_2019_Hansen10":9428609.36422961,"ba_MODIS_2020_Hansen10":5482026.271306215,"ba_MODIS_2021_Hansen10":4880168.434263657,"ba_MODIS_2022_Hansen10":83679.9712753024}},{"type":"Feature","geometry":{"type":"MultiPoint","coordinates":[]},"properties":{"fa_agreement_esri_esa_glo_hansen10_gte_1":1.3740587366026986E7,"fa_agreement_esri_esa_glo_hansen10_gte_2":1.1276847928825326E7,"fa_agreement_esri_esa_glo_hansen10_gte_3":9932976.52949131,"fa_agreement_esri_esa_glo_hansen10_gte_4":7755070.196497098,"fa_agreement_esri_esa_gte_1":1.1839011074795023E7,"fa_agreement_esri_esa_gte_2":1.001750178067721E7,"fa_agreement_hansen10_gte_1":1.7750227208965156E7,"fa_agreement_hansen10_gte_2":1.3813016649124233E7,"fa_agreement_hansen10_gte_3":1.2388172659859736E7,"fa_agreement_hansen10_gte_4":1.1491344197801283E7,"fa_agreement_hansen10_gte_5":1.0701097350276861E7,"fa_agreement_hansen10_gte_6":9812154.430489358,"fa_agreement_hansen10_gte_7":8561396.991655497,"fa_agreement_hansen10_gte_8":6624975.757862163,"fa_agreement_hansen30_gte_9":3410628.340907622,"fa_agreement_hansen20_gte_1":1.7731343631650373E7,"fa_agreement_hansen20_gte_2":1.378426439518597E7,"fa_agreement_hansen20_gte_3":1.2363072551459538E7,"fa_agreement_hansen20_gte_4":1.1471866383131482E7,"fa_agreement_hansen20_gte_5":1.0687060942049827E7,"fa_agreement_hansen20_gte_6":9802211.127240691,"fa_agreement_hansen20_gte_7":8555170.266859617,"fa_agreement_hansen20_gte_8":6621964.680890769,"fa_agreement_hansen30_gte_1":1.7903225409419637E7,"fa_agreement_hansen30_gte_2":1.3753346771367716E7,"fa_agreement_hansen30_gte_3":1.2335327206367167E7,"fa_agreement_hansen30_gte_4":1.144872684025513E7,"fa_agreement_hansen30_gte_5":1.0668976201164953E7,"fa_agreement_hansen30_gte_6":9788427.03488083,"fa_agreement_hansen30_gte_7":8546216.956116064,"fa_agreement_hansen30_gte_8":6617624.713786401,"fa_copernicus":1.031114928970528E7,"fa_esa_2009":7388759.09799912,"fa_esa_2020":1.1125707821191998E7,"fa_esri":1.0730823516617386E7,"fa_globeland":1.0287062027461493E7,"fa_hansen10":1.0568158801099882E7,"fa_hansen20":1.043353588240535E7,"fa_hansen30":1.027191279855161E7,"fa_jaxa":1.4799821919274468E7,"fa_tandemx":8025817.164480901,"fa_jrc_2020":1.2232621527219148E7,"fra_1a_forestArea":9892.58984375,"fra_1a_landArea":26331.0,"fra_3b_protected":3566.0,"iso3":"NZL","total_area_ha":2.6823862258759268E7,"year":2020,"fa_copernicus_protected":4272921.276612828,"fa_esa_2009_protected":3113879.277705779,"fa_esa_2020_protected":4772597.7801111145,"fa_esri_protected":4803485.461037954,"fa_globeland_protected":4708972.89019849,"fa_hansen10_protected":4854190.457090076,"fa_hansen20_protected":4809854.546086869,"fa_hansen30_protected":4770080.91883807,"fa_jaxa_protected":5165562.804794951,"fa_tandemx_protected":3165514.3243738674,"fa_jrc_2020_protected":5021412.26958721,"ba_MODIS_2001":7123.260546875004,"ba_MODIS_2002":135.4492296875,"ba_MODIS_2003":843.8773140625004,"ba_MODIS_2004":662.541559375,"ba_MODIS_2005":0.0,"ba_MODIS_2006":3946.5646874999993,"ba_MODIS_2007":3800.4136078125002,"ba_MODIS_2008":884.90163125,"ba_MODIS_2009":103.21849218749999,"ba_MODIS_2010":1294.2718281249993,"ba_MODIS_2011":771.1471671875,"ba_MODIS_2012":454.51541093749995,"ba_MODIS_2013":2986.9962187500014,"ba_MODIS_2014":773.6147656249996,"ba_MODIS_2015":1079.9178562499997,"ba_MODIS_2016":6357.184023437501,"ba_MODIS_2017":3456.5389218750033,"ba_MODIS_2018":541.3581984375,"ba_MODIS_2019":5667.656035937495,"ba_MODIS_2020":8707.589545312516,"ba_MODIS_2021":3207.7205222120097,"ba_MODIS_2022":245.60600349877453,"ba_MODIS_2001_Hansen10":594.3243800292961,"ba_MODIS_2002_Hansen10":0.42004246826171876,"ba_MODIS_2003_Hansen10":212.96988171997288,"ba_MODIS_2004_Hansen10":188.89313146362315,"ba_MODIS_2005_Hansen10":0.0,"ba_MODIS_2006_Hansen10":154.54882456665112,"ba_MODIS_2007_Hansen10":351.3162463806171,"ba_MODIS_2008_Hansen10":324.3437229309114,"ba_MODIS_2009_Hansen10":116.08564237060558,"ba_MODIS_2010_Hansen10":130.1892745300295,"ba_MODIS_2011_Hansen10":232.00492517089452,"ba_MODIS_2012_Hansen10":247.38062277831955,"ba_MODIS_2013_Hansen10":433.3570463195807,"ba_MODIS_2014_Hansen10":55.69624783935525,"ba_MODIS_2015_Hansen10":11.980920190429693,"ba_MODIS_2016_Hansen10":134.54257665405282,"ba_MODIS_2017_Hansen10":1057.4002343567,"ba_MODIS_2018_Hansen10":6.550362127685547,"ba_MODIS_2019_Hansen10":342.0063359436041,"ba_MODIS_2020_Hansen10":762.4201569030748,"ba_MODIS_2021_Hansen10":2221.380563197587,"ba_MODIS_2022_Hansen10":191.72804541853256}},{"type":"Feature","geometry":{"type":"MultiPoint","coordinates":[]},"properties":{"fa_agreement_esri_esa_glo_hansen10_gte_1":1778127.2033790336,"fa_agreement_esri_esa_glo_hansen10_gte_2":1552304.5696266005,"fa_agreement_esri_esa_glo_hansen10_gte_3":1379549.0729756725,"fa_agreement_esri_esa_glo_hansen10_gte_4":1076749.1709150106,"fa_agreement_esri_esa_gte_1":1539327.044372589,"fa_agreement_esri_esa_gte_2":1372453.690021753,"fa_agreement_hansen10_gte_1":1792819.0441333053,"fa_agreement_hansen10_gte_2":1696108.8527228357,"fa_agreement_hansen10_gte_3":1589565.283528975,"fa_agreement_hansen10_gte_4":1490751.9913976584,"fa_agreement_hansen10_gte_5":1389769.2916345294,"fa_agreement_hansen10_gte_6":1253164.9447072619,"fa_agreement_hansen10_gte_7":1082639.9777797677,"fa_agreement_hansen10_gte_8":821868.3287087606,"fa_agreement_hansen30_gte_9":271404.8092870787,"fa_agreement_hansen20_gte_1":1778767.0291403334,"fa_agreement_hansen20_gte_2":1682660.1558860221,"fa_agreement_hansen20_gte_3":1582173.5743008158,"fa_agreement_hansen20_gte_4":1486479.555307667,"fa_agreement_hansen20_gte_5":1386715.4958278546,"fa_agreement_hansen20_gte_6":1251434.2838029538,"fa_agreement_hansen20_gte_7":1082281.633259862,"fa_agreement_hansen20_gte_8":821807.4397480605,"fa_agreement_hansen30_gte_1":1800925.5146665373,"fa_agreement_hansen30_gte_2":1669973.0976336703,"fa_agreement_hansen30_gte_3":1573409.85077792,"fa_agreement_hansen30_gte_4":1480961.2348934887,"fa_agreement_hansen30_gte_5":1382507.3778362228,"fa_agreement_hansen30_gte_6":1248749.4801580596,"fa_agreement_hansen30_gte_7":1081615.643378578,"fa_agreement_hansen30_gte_8":821672.2912217955,"fa_copernicus":1606155.6310669284,"fa_esa_2009":458323.41829785623,"fa_esa_2020":1489071.6450361016,"fa_esri":1422697.8276077644,"fa_globeland":1207767.286872974,"fa_hansen10":1667010.3223533854,"fa_hansen20":1620208.3552481793,"fa_hansen30":1574363.463311974,"fa_jaxa":941871.0145453785,"fa_tandemx":1250719.0508294832,"fa_jrc_2020":1458279.452570502,"fra_1a_forestArea":1140.02001953125,"fra_1a_landArea":1827.0,"fra_3b_protected":null,"iso3":"FJI","total_area_ha":1886883.1455021722,"year":2020,"fa_copernicus_protected":37513.31093937648,"fa_esa_2009_protected":19168.0189316169,"fa_esa_2020_protected":39528.15933807139,"fa_esri_protected":39384.419696278106,"fa_globeland_protected":39998.25770414804,"fa_hansen10_protected":48250.24485577363,"fa_hansen20_protected":48135.64324269159,"fa_hansen30_protected":48008.47091392836,"fa_jaxa_protected":31917.112511862902,"fa_tandemx_protected":36103.2235655329,"fa_jrc_2020_protected":40544.25390133714,"ba_MODIS_2001":1256.9145953124996,"ba_MODIS_2002":0.0,"ba_MODIS_2003":11486.355515698524,"ba_MODIS_2004":1063.8423671874998,"ba_MODIS_2005":47.412203125,"ba_MODIS_2006":94.58635000000001,"ba_MODIS_2007":2347.8675828125024,"ba_MODIS_2008":1089.7681419424014,"ba_MODIS_2009":7975.775626562465,"ba_MODIS_2010":5090.495949999998,"ba_MODIS_2011":0.0,"ba_MODIS_2012":0.0,"ba_MODIS_2013":379.5763249999999,"ba_MODIS_2014":12821.340309129875,"ba_MODIS_2015":7882.561861832111,"ba_MODIS_2016":1350.8544343749998,"ba_MODIS_2017":2216.5789399999985,"ba_MODIS_2018":2596.2155976470576,"ba_MODIS_2019":308.0435980208333,"ba_MODIS_2020":0.0,"ba_MODIS_2021":798.3400477389707,"ba_MODIS_2022":0.0,"ba_MODIS_2001_Hansen10":626.4456475891097,"ba_MODIS_2002_Hansen10":0.0,"ba_MODIS_2003_Hansen10":9157.668421929504,"ba_MODIS_2004_Hansen10":960.6438242370532,"ba_MODIS_2005_Hansen10":39.34233565063485,"ba_MODIS_2006_Hansen10":149.39981185913055,"ba_MODIS_2007_Hansen10":1326.4331505127016,"ba_MODIS_2008_Hansen10":1034.4085680544504,"ba_MODIS_2009_Hansen10":6663.90540606697,"ba_MODIS_2010_Hansen10":3157.011998853875,"ba_MODIS_2011_Hansen10":0.0,"ba_MODIS_2012_Hansen10":0.0,"ba_MODIS_2013_Hansen10":209.84037655029334,"ba_MODIS_2014_Hansen10":9613.00332047591,"ba_MODIS_2015_Hansen10":5164.871143266429,"ba_MODIS_2016_Hansen10":668.295650842289,"ba_MODIS_2017_Hansen10":1043.9680298583696,"ba_MODIS_2018_Hansen10":1751.8452498009556,"ba_MODIS_2019_Hansen10":121.28887365691583,"ba_MODIS_2020_Hansen10":0.0,"ba_MODIS_2021_Hansen10":231.51006884095455,"ba_MODIS_2022_Hansen10":0.0}},{"type":"Feature","geometry":{"type":"MultiPoint","coordinates":[]},"properties":{"fa_agreement_esri_esa_glo_hansen10_gte_1":2640227.424543123,"fa_agreement_esri_esa_glo_hansen10_gte_2":2601220.360405596,"fa_agreement_esri_esa_glo_hansen10_gte_3":2555529.3936620327,"fa_agreement_esri_esa_glo_hansen10_gte_4":2264563.7856317987,"fa_agreement_esri_esa_gte_1":2595883.3396726497,"fa_agreement_esri_esa_gte_2":2531398.822975498,"fa_agreement_hansen10_gte_1":2647686.4136064122,"fa_agreement_hansen10_gte_2":2617044.7836313704,"fa_agreement_hansen10_gte_3":2600062.7635230566,"fa_agreement_hansen10_gte_4":2584290.2671766947,"fa_agreement_hansen10_gte_5":2564127.4186836593,"fa_agreement_hansen10_gte_6":2532537.2820434994,"fa_agreement_hansen10_gte_7":2446298.212860775,"fa_agreement_hansen10_gte_8":2113054.745902974,"fa_agreement_hansen30_gte_9":855717.556145926,"fa_agreement_hansen20_gte_1":2647371.915292372,"fa_agreement_hansen20_gte_2":2616567.058980229,"fa_agreement_hansen20_gte_3":2599582.1294419155,"fa_agreement_hansen20_gte_4":2583874.9727347265,"fa_agreement_hansen20_gte_5":2563784.0026208633,"fa_agreement_hansen20_gte_6":2532227.787836346,"fa_agreement_hansen20_gte_7":2446010.6239701426,"fa_agreement_hansen20_gte_8":2112735.7820259174,"fa_agreement_hansen30_gte_1":2661873.8881267915,"fa_agreement_hansen30_gte_2":2616262.3888675463,"fa_agreement_hansen30_gte_3":2599191.3151785485,"fa_agreement_hansen30_gte_4":2583474.089624205,"fa_agreement_hansen30_gte_5":2563421.832745508,"fa_agreement_hansen30_gte_6":2531870.7321884595,"fa_agreement_hansen30_gte_7":2445617.0659075454,"fa_agreement_hansen30_gte_8":2112214.43407074,"fa_copernicus":2538798.9545678515,"fa_esa_2009":1236126.7006863663,"fa_esa_2020":2572698.9518726743,"fa_esri":2554595.0492419824,"fa_globeland":2527222.1198252765,"fa_hansen10":2408501.9765577065,"fa_hansen20":2405223.2422162117,"fa_hansen30":2401925.5010784827,"fa_jaxa":2224865.104456069,"fa_tandemx":2447483.0892587584,"fa_jrc_2020":2531690.351158188,"fra_1a_forestArea":2522.969970703125,"fra_1a_landArea":2799.0,"fra_3b_protected":null,"iso3":"SLB","total_area_ha":2884148.425052261,"year":2020,"fa_copernicus_protected":17156.194717286722,"fa_esa_2009_protected":15495.987212477778,"fa_esa_2020_protected":25741.847544505097,"fa_esri_protected":24783.542366790247,"fa_globeland_protected":25887.000170300424,"fa_hansen10_protected":23149.741516944676,"fa_hansen20_protected":23113.50671207731,"fa_hansen30_protected":23055.542685565728,"fa_jaxa_protected":14558.853671062008,"fa_tandemx_protected":24161.530631799607,"fa_jrc_2020_protected":25420.840758488586,"ba_MODIS_2001":0.0,"ba_MODIS_2002":98.2250625,"ba_MODIS_2003":0.0,"ba_MODIS_2004":0.0,"ba_MODIS_2005":0.0,"ba_MODIS_2006":0.0,"ba_MODIS_2007":0.0,"ba_MODIS_2008":0.0,"ba_MODIS_2009":0.0,"ba_MODIS_2010":0.0,"ba_MODIS_2011":0.0,"ba_MODIS_2012":0.0,"ba_MODIS_2013":0.0,"ba_MODIS_2014":0.0,"ba_MODIS_2015":97.99760468750002,"ba_MODIS_2016":0.0,"ba_MODIS_2017":0.0,"ba_MODIS_2018":0.0,"ba_MODIS_2019":0.0,"ba_MODIS_2020":0.0,"ba_MODIS_2021":0.0,"ba_MODIS_2022":0.0,"ba_MODIS_2001_Hansen10":0.0,"ba_MODIS_2002_Hansen10":83.00062073000461,"ba_MODIS_2003_Hansen10":0.0,"ba_MODIS_2004_Hansen10":0.0,"ba_MODIS_2005_Hansen10":0.0,"ba_MODIS_2006_Hansen10":0.0,"ba_MODIS_2007_Hansen10":0.0,"ba_MODIS_2008_Hansen10":0.0,"ba_MODIS_2009_Hansen10":0.0,"ba_MODIS_2010_Hansen10":0.0,"ba_MODIS_2011_Hansen10":0.0,"ba_MODIS_2012_Hansen10":0.0,"ba_MODIS_2013_Hansen10":0.0,"ba_MODIS_2014_Hansen10":0.0,"ba_MODIS_2015_Hansen10":42.766956066894494,"ba_MODIS_2016_Hansen10":0.0,"ba_MODIS_2017_Hansen10":0.0,"ba_MODIS_2018_Hansen10":0.0,"ba_MODIS_2019_Hansen10":0.0,"ba_MODIS_2020_Hansen10":0.0,"ba_MODIS_2021_Hansen10":0.0,"ba_MODIS_2022_Hansen10":0.0}},{"type":"Feature","geometry":{"type":"MultiPoint","coordinates":[]},"properties":{"fa_agreement_esri_esa_glo_hansen10_gte_1":4.499727032557015E7,"fa_agreement_esri_esa_glo_hansen10_gte_2":4.348804346481217E7,"fa_agreement_esri_esa_glo_hansen10_gte_3":4.14812005794837E7,"fa_agreement_esri_esa_glo_hansen10_gte_4":3.5885707681439765E7,"fa_agreement_esri_esa_gte_1":4.318767478237878E7,"fa_agreement_esri_esa_gte_2":4.059407526694783E7,"fa_agreement_hansen10_gte_1":4.5025660010616206E7,"fa_agreement_hansen10_gte_2":4.4246265899128005E7,"fa_agreement_hansen10_gte_3":4.343284576657209E7,"fa_agreement_hansen10_gte_4":4.259119735013521E7,"fa_agreement_hansen10_gte_5":4.1661417705387235E7,"fa_agreement_hansen10_gte_6":4.03741593141713E7,"fa_agreement_hansen10_gte_7":3.796930332375639E7,"fa_agreement_hansen10_gte_8":3.2638928811830916E7,"fa_agreement_hansen30_gte_9":1.7020716683976483E7,"fa_agreement_hansen20_gte_1":4.498097215506927E7,"fa_agreement_hansen20_gte_2":4.418280780599688E7,"fa_agreement_hansen20_gte_3":4.336005260867477E7,"fa_agreement_hansen20_gte_4":4.2526825714510046E7,"fa_agreement_hansen20_gte_5":4.16089494509494E7,"fa_agreement_hansen20_gte_6":4.033655102831481E7,"fa_agreement_hansen20_gte_7":3.794882083805984E7,"fa_agreement_hansen20_gte_8":3.2628106519579325E7,"fa_agreement_hansen30_gte_1":4.537267031722506E7,"fa_agreement_hansen30_gte_2":4.412836607154046E7,"fa_agreement_hansen30_gte_3":4.330265528424221E7,"fa_agreement_hansen30_gte_4":4.247189187109673E7,"fa_agreement_hansen30_gte_5":4.1554040719615E7,"fa_agreement_hansen30_gte_6":4.028658765205733E7,"fa_agreement_hansen30_gte_7":3.791764907544409E7,"fa_agreement_hansen30_gte_8":3.2610898814788926E7,"fa_copernicus":4.093180649593343E7,"fa_esa_2009":2.7291914195868786E7,"fa_esa_2020":4.240873315536558E7,"fa_esri":4.137298200707334E7,"fa_globeland":3.9988056723108955E7,"fa_hansen10":4.216167364792478E7,"fa_hansen20":4.177702346122299E7,"fa_hansen30":4.1401907958969995E7,"fa_jaxa":3.1884822857811376E7,"fa_tandemx":3.9630633732006975E7,"fa_jrc_2020":4.166214144002231E7,"fra_1a_forestArea":35855.76171875,"fra_1a_landArea":45286.0,"fra_3b_protected":1360.0,"iso3":"PNG","total_area_ha":4.653898182566263E7,"year":2020,"fa_copernicus_protected":1320002.4209757429,"fa_esa_2009_protected":884074.6155445293,"fa_esa_2020_protected":1540513.0095511961,"fa_esri_protected":1380876.1710393978,"fa_globeland_protected":1191914.683567686,"fa_hansen10_protected":1460987.1435251308,"fa_hansen20_protected":1416760.675940685,"fa_hansen30_protected":1380977.1358950683,"fa_jaxa_protected":806273.7408196384,"fa_tandemx_protected":1453739.7025349422,"fa_jrc_2020_protected":1523478.37384944,"ba_MODIS_2001":84879.54543925224,"ba_MODIS_2002":350773.1110505521,"ba_MODIS_2003":344040.4712501889,"ba_MODIS_2004":684216.03530321,"ba_MODIS_2005":194659.38225549084,"ba_MODIS_2006":407315.459944559,"ba_MODIS_2007":139093.11685155003,"ba_MODIS_2008":159936.2637036821,"ba_MODIS_2009":183685.34123278197,"ba_MODIS_2010":206775.21040126795,"ba_MODIS_2011":125295.98835754272,"ba_MODIS_2012":142699.1099585845,"ba_MODIS_2013":170585.5621771322,"ba_MODIS_2014":331448.90861513925,"ba_MODIS_2015":728463.0428520115,"ba_MODIS_2016":111293.8252987928,"ba_MODIS_2017":162581.5095692893,"ba_MODIS_2018":411328.26466138044,"ba_MODIS_2019":172014.51365825394,"ba_MODIS_2020":107114.4288673038,"ba_MODIS_2021":121556.52794080864,"ba_MODIS_2022":0.0,"ba_MODIS_2001_Hansen10":43564.97119153313,"ba_MODIS_2002_Hansen10":194192.64600422472,"ba_MODIS_2003_Hansen10":209310.04347048316,"ba_MODIS_2004_Hansen10":461046.6293930562,"ba_MODIS_2005_Hansen10":108218.47013854622,"ba_MODIS_2006_Hansen10":253368.8451638722,"ba_MODIS_2007_Hansen10":43898.84315318648,"ba_MODIS_2008_Hansen10":60428.85307882457,"ba_MODIS_2009_Hansen10":101521.91825680122,"ba_MODIS_2010_Hansen10":77494.47550941602,"ba_MODIS_2011_Hansen10":54999.92642175352,"ba_MODIS_2012_Hansen10":69579.56052613219,"ba_MODIS_2013_Hansen10":70011.94132780185,"ba_MODIS_2014_Hansen10":214513.68504554362,"ba_MODIS_2015_Hansen10":513699.2432589577,"ba_MODIS_2016_Hansen10":41437.15151039671,"ba_MODIS_2017_Hansen10":58740.641469333066,"ba_MODIS_2018_Hansen10":295992.88211921504,"ba_MODIS_2019_Hansen10":93013.43000173381,"ba_MODIS_2020_Hansen10":42801.588111638725,"ba_MODIS_2021_Hansen10":44500.54575883238,"ba_MODIS_2022_Hansen10":0.0}}]}